suite,task,seed,model,nmse,fp,true_found,n_true,false_exo,structure,groups_reported,first_acc
synth,N1,9501,PADRAO,1.0697492797364068,387.884485,0,0,0,[],{},
synth,N1,9501,ATOM,1.0697492797364068,207.32545999999994,0,0,0,[],{},
synth,N1,9502,PADRAO,1.0684163105177154,406.89739,0,0,0,[],{},
synth,N1,9502,ATOM,1.0684163105177154,207.39037999999994,0,0,0,[],{},
synth,N1,9503,PADRAO,1.066699891757385,368.396415,0,0,0,[],{},
synth,N1,9503,ATOM,1.066699891757385,206.90500999999995,0,0,0,[],{},
synth,N2,9501,PADRAO,1.0975376375871129,378.40116,0,0,0,[],{},
synth,N2,9501,ATOM,1.0974275530194708,191.24146999999994,0,0,0,[],{},
synth,N2,9502,PADRAO,1.0904554410285225,363.567,0,0,0,[],{},
synth,N2,9502,ATOM,1.0910407064882182,192.52961999999994,0,0,0,[],{},
synth,N2,9503,PADRAO,1.1025223412495602,363.68140500000004,0,0,0,[],{},
synth,N2,9503,ATOM,1.1021358105782717,194.48554999999996,0,0,0,[],{},
synth,T1,9501,PADRAO,0.647521774835297,451.025375,1,1,0,"[('in', 1)]","{""('in', 1)"": [1]}",870.0
synth,T1,9501,ATOM,0.6497731315153978,212.8995999999999,1,1,0,"[('in', 1)]",{},1580.0
synth,T1,9502,PADRAO,0.6475232609907916,449.817305,1,1,0,"[('in', 1)]","{""('in', 1)"": [1]}",960.0
synth,T1,9502,ATOM,0.6493281418540792,212.78339999999992,1,1,0,"[('in', 1)]",{},2170.0
synth,T1,9503,PADRAO,0.6597292108679228,434.462125,1,1,0,"[('in', 1)]","{""('in', 1)"": [1]}",600.0
synth,T1,9503,ATOM,0.661312322012937,211.64088999999996,1,1,0,"[('in', 1)]",{},3810.0
synth,B1,9501,PADRAO,0.6537918796583563,428.25469000000004,1,1,0,"[('in', 1)]","{""('in', 1)"": [1]}",2070.0
synth,B1,9501,ATOM,0.6552514624779626,213.1715999999999,1,1,0,"[('in', 1)]",{},1180.0
synth,B1,9502,PADRAO,0.6539187446183996,445.05004,1,1,0,"[('in', 1)]","{""('in', 1)"": [1]}",620.0
synth,B1,9502,ATOM,0.6548015490606375,212.98319999999995,1,1,0,"[('in', 1)]",{},1960.0
synth,B1,9503,PADRAO,0.6394155976253385,432.87446500000004,1,1,0,"[('in', 1)]","{""('in', 1)"": [1]}",720.0
synth,B1,9503,ATOM,0.6703424834930156,211.50502999999995,1,1,0,"[('in', 1)]",{},6840.0
synth,B2,9501,PADRAO,0.4659760647898311,573.69694,3,3,0,"[('in', 0), ('in', 2), ('in', 4)]","{""('in', 4)"": [4], ""('in', 0)"": [0], ""('in', 2)"": [2]}",1250.0
synth,B2,9501,ATOM,0.5673637236416028,218.24536999999992,3,3,0,"[('in', 0), ('in', 2), ('in', 4)]",{},2740.0
synth,B2,9502,PADRAO,0.4721910857159502,571.2065100000001,3,3,0,"[('in', 0), ('in', 2), ('in', 4)]","{""('in', 4)"": [4], ""('in', 0)"": [0], ""('in', 2)"": [2]}",650.0
synth,B2,9502,ATOM,0.6328827323861873,216.08683999999994,2,3,0,"[('in', 0), ('in', 2)]",{},2320.0
synth,B2,9503,PADRAO,0.5226996174565854,533.1331,3,3,0,"[('in', 0), ('in', 2), ('in', 4)]","{""('in', 2)"": [2], ""('in', 4)"": [4], ""('in', 0)"": [0]}",1060.0
synth,B2,9503,ATOM,0.48465915269024024,221.54532999999992,3,3,0,"[('in', 0), ('in', 2), ('in', 4)]",{},2010.0
synth,B3,9501,PADRAO,0.5045030980291733,514.300435,1,2,0,"[('in', 3), ('in', 5)]","{""('in', 5)"": [5], ""('in', 3)"": [3]}",15750.0
synth,B3,9501,ATOM,0.4619156821947778,210.08072999999993,1,2,0,"[('in', 3)]",{},11120.0
synth,B3,9502,PADRAO,0.38964723387811295,573.64938,1,2,0,"[('in', 3), ('in', 5)]","{""('in', 3)"": [3], ""('in', 5)"": [5]}",910.0
synth,B3,9502,ATOM,0.4635817218675216,210.1916499999999,1,2,0,"[('in', 3)]",{},11400.0
synth,B3,9503,PADRAO,0.3877639436000393,579.813225,2,2,0,"[('in', 0), ('in', 3), ('in', 5)]","{""('in', 0)"": [0], ""('in', 3)"": [3], ""('in', 5)"": [5]}",1450.0
synth,B3,9503,ATOM,0.41103043888089114,212.37833999999995,1,2,0,"[('in', 3)]",{},3330.0
semi5,SR0,6501,PADRAO,1.0614287301980216,466.88912394225986,0,0,0,[],{},
semi5,SR0,6501,ATOM,1.0614247304205509,198.95423096067677,0,0,0,[],{},
semi5,SR0,6502,PADRAO,1.062598875390569,481.32869275759083,0,0,0,[],{},
semi5,SR0,6502,ATOM,1.062601354987295,198.4901754604279,0,0,0,[],{},
semi5,SR0,6503,PADRAO,1.064052720415161,423.2761977351916,0,0,0,[],{},
semi5,SR0,6503,ATOM,1.0640290761592734,199.83200597312077,0,0,0,[],{},
semi5,SR1,6501,PADRAO,0.7768621858786828,457.457631284221,0,1,0,[],{},
semi5,SR1,6501,ATOM,0.7769056824584609,198.6565642110501,0,1,0,[],{},
semi5,SR1,6502,PADRAO,0.7659291443120296,416.5226574166252,0,1,0,[],{},
semi5,SR1,6502,ATOM,0.7659904913660404,197.8703148332502,0,1,0,[],{},
semi5,SR1,6503,PADRAO,0.7679282660985985,419.15831259333004,0,1,0,[],{},
semi5,SR1,6503,ATOM,0.7679954942414258,197.73983325037315,0,1,0,[],{},
semi5,SR2,6501,PADRAO,0.6560873977641264,551.2538887506222,1,2,0,"[('in', 3)]","{""('in', 3)"": [3]}",12920.0
semi5,SR2,6501,ATOM,0.740639612832831,199.22898208063697,0,2,0,[],{},
semi5,SR2,6502,PADRAO,0.6471001715337713,510.1953490542558,1,2,0,"[('in', 3)]","{""('in', 3)"": [3]}",13600.0
semi5,SR2,6502,ATOM,0.7308262304445623,198.42702215032338,0,2,0,[],{},
semi5,SR2,6503,PADRAO,0.6347225683878847,499.48995146839223,1,2,0,"[('in', 3)]","{""('in', 3)"": [3]}",11600.0
semi5,SR2,6503,ATOM,0.7240888763293873,199.02588974614218,0,2,0,[],{},
semi5,SR3,6501,PADRAO,0.47312950824919375,465.05227414136385,1,1,0,"[('in', 4)]","{""('in', 4)"": [4]}",4420.0
semi5,SR3,6501,ATOM,0.5803711065338919,200.26850423096053,0,1,0,[],{},
semi5,SR3,6502,PADRAO,0.469591268660004,479.88534407665503,1,1,0,"[('in', 4)]","{""('in', 4)"": [4]}",4530.0
semi5,SR3,6502,ATOM,0.5727623029142063,199.18458810353394,0,1,0,[],{},
semi5,SR3,6503,PADRAO,0.4621533346009866,478.68041314086605,1,1,0,"[('in', 4)]","{""('in', 4)"": [4]}",4420.0
semi5,SR3,6503,ATOM,0.5664902068583629,199.7659780985563,0,1,0,[],{},
semi5,SR4,6501,PADRAO,1.1112077612877358,442.374975111996,0,0,0,[],{},
semi5,SR4,6501,ATOM,1.1126405725864736,194.9350049776006,0,0,0,[],{},
semi5,SR4,6502,PADRAO,1.0834645793731463,487.5541594076655,0,0,0,"[('in', 5)]","{""('in', 5)"": [5]}",16930.0
semi5,SR4,6502,ATOM,1.0865051165067905,195.87389870582362,0,0,0,[],{},
semi5,SR4,6503,PADRAO,1.1002913961377372,423.04113364858136,0,0,0,[],{},
semi5,SR4,6503,ATOM,1.10210007172647,196.5069997511198,0,0,0,[],{},
