task,model,nmse,n_points
ons:ITUTINGA,v052,0.0061565674785341,1000
ons:ITUTINGA,v051,0.0103706305537607,1000
ons:ITUTINGA,M,0.0382206183108877,1000
ons:ITUTINGA,AIRLINE,0.0385983581686869,1000
ons:ITUTINGA,AIRLINE_X,0.022304427318422,1000
ons:ITUTINGA,NLINEAR_ONLINE,0.0533112369672361,1000
ons:ITUTINGA,DLINEAR_ONLINE,0.0342254408586812,1000
ons:ITUTINGA,HOLT_WINTERS,0.0406816380083195,1000
ons:ITUTINGA,RIVER_AMRULES,0.2722454818238393,1000
ons:ITUTINGA,ARX_NLMS,0.0080142633186756,1000
ons:ITUTINGA,CHRONOS_BOLT_TINY,0.0342250322030841,1000
ons:ITUTINGA,CHRONOS_BOLT_SMALL,0.0326471962418631,1000
ons:ITUTINGA,CHRONOS2,0.0295997114073788,1000
ons:ITUTINGA,CHRONOS2_COV,0.011800999904091,1000
ons:FUNIL-MG,v052,0.0414488210265083,1000
ons:FUNIL-MG,v051,0.0287336302573292,1000
ons:FUNIL-MG,M,0.0321197088473198,1000
ons:FUNIL-MG,AIRLINE,0.0275301056305156,1000
ons:FUNIL-MG,AIRLINE_X,0.0262418778754166,1000
ons:FUNIL-MG,NLINEAR_ONLINE,0.0343376341466053,1000
ons:FUNIL-MG,DLINEAR_ONLINE,0.0327681714254852,1000
ons:FUNIL-MG,HOLT_WINTERS,0.0291977814285365,1000
ons:FUNIL-MG,RIVER_AMRULES,1.1000620496063227,1000
ons:FUNIL-MG,ARX_NLMS,0.0259779646387456,1000
ons:FUNIL-MG,CHRONOS_BOLT_TINY,0.0235392743611793,1000
ons:FUNIL-MG,CHRONOS_BOLT_SMALL,0.0224623651738363,1000
ons:FUNIL-MG,CHRONOS2,0.0218867486011843,1000
ons:FUNIL-MG,CHRONOS2_COV,0.0206956780812834,1000
ons:FURNAS,v052,0.8636582165218158,1000
ons:FURNAS,v051,0.8306793831755495,1000
ons:FURNAS,M,0.8494799721180183,1000
ons:FURNAS,AIRLINE,0.682743910740869,1000
ons:FURNAS,AIRLINE_X,0.6823111748789888,1000
ons:FURNAS,NLINEAR_ONLINE,0.7884509864981354,1000
ons:FURNAS,DLINEAR_ONLINE,0.8042471873167955,1000
ons:FURNAS,HOLT_WINTERS,0.7890649118806629,1000
ons:FURNAS,RIVER_AMRULES,0.854137570498744,1000
ons:FURNAS,ARX_NLMS,0.7752248938599481,1000
ons:FURNAS,CHRONOS_BOLT_TINY,0.7676769422184855,1000
ons:FURNAS,CHRONOS_BOLT_SMALL,0.7544577962438175,1000
ons:FURNAS,CHRONOS2,0.7479862503411399,1000
ons:FURNAS,CHRONOS2_COV,0.726096805125262,1000
ons:M. MORAES,v052,0.5635754025911812,1000
ons:M. MORAES,v051,0.5015462100412652,1000
ons:M. MORAES,M,0.590548806269337,1000
ons:M. MORAES,AIRLINE,0.5453160276725311,1000
ons:M. MORAES,AIRLINE_X,0.5257569145317846,1000
ons:M. MORAES,NLINEAR_ONLINE,0.5643441740202824,1000
ons:M. MORAES,DLINEAR_ONLINE,0.5730186470601634,1000
ons:M. MORAES,HOLT_WINTERS,0.5914305587091496,1000
ons:M. MORAES,RIVER_AMRULES,0.6848534190896078,1000
ons:M. MORAES,ARX_NLMS,0.4734002034624079,1000
ons:M. MORAES,CHRONOS_BOLT_TINY,0.5550129733962089,1000
ons:M. MORAES,CHRONOS_BOLT_SMALL,0.5518557794151535,1000
ons:M. MORAES,CHRONOS2,0.5492980580224345,1000
ons:M. MORAES,CHRONOS2_COV,0.470025872091053,1000
ons:L. C. BARRETO,v052,0.0608256746582238,1000
ons:L. C. BARRETO,v051,0.0550902535636619,1000
ons:L. C. BARRETO,M,0.1966835014769609,1000
ons:L. C. BARRETO,AIRLINE,0.2148088800310444,1000
ons:L. C. BARRETO,AIRLINE_X,0.15019672046504,1000
ons:L. C. BARRETO,NLINEAR_ONLINE,0.202700003785013,1000
ons:L. C. BARRETO,DLINEAR_ONLINE,0.2001665426179917,1000
ons:L. C. BARRETO,HOLT_WINTERS,0.2588137589760368,1000
ons:L. C. BARRETO,RIVER_AMRULES,0.658876316074848,1000
ons:L. C. BARRETO,ARX_NLMS,0.0634984572049162,1000
ons:L. C. BARRETO,CHRONOS_BOLT_TINY,0.2008125388643124,1000
ons:L. C. BARRETO,CHRONOS_BOLT_SMALL,0.1922631556771233,1000
ons:L. C. BARRETO,CHRONOS2,0.178097851240405,1000
ons:L. C. BARRETO,CHRONOS2_COV,0.0639761168040084,1000
ons:JAGUARA,v052,0.0226187585995366,1000
ons:JAGUARA,v051,0.0243240286737006,1000
ons:JAGUARA,M,0.2060916857253377,1000
ons:JAGUARA,AIRLINE,0.2551805124469762,1000
ons:JAGUARA,AIRLINE_X,0.2283550065208504,1000
ons:JAGUARA,NLINEAR_ONLINE,0.1987802720813764,1000
ons:JAGUARA,DLINEAR_ONLINE,0.2230045847163956,1000
ons:JAGUARA,HOLT_WINTERS,0.2793076065475242,1000
ons:JAGUARA,RIVER_AMRULES,0.2414812416944888,1000
ons:JAGUARA,ARX_NLMS,0.0254793583229727,1000
ons:JAGUARA,CHRONOS_BOLT_TINY,0.2142832745847015,1000
ons:JAGUARA,CHRONOS_BOLT_SMALL,0.2129916019048477,1000
ons:JAGUARA,CHRONOS2,0.1744838924951939,1000
ons:JAGUARA,CHRONOS2_COV,0.0361765963135704,1000
ons:IGARAPAVA,v052,0.0702318711983068,1000
ons:IGARAPAVA,v051,0.0701940986453306,1000
ons:IGARAPAVA,M,0.1366691482496812,1000
ons:IGARAPAVA,AIRLINE,0.1541729071376989,1000
ons:IGARAPAVA,AIRLINE_X,0.1200668280730297,1000
ons:IGARAPAVA,NLINEAR_ONLINE,0.1370069819654483,1000
ons:IGARAPAVA,DLINEAR_ONLINE,0.1428127676922077,1000
ons:IGARAPAVA,HOLT_WINTERS,0.1771917390622882,1000
ons:IGARAPAVA,RIVER_AMRULES,0.8372798566250155,1000
ons:IGARAPAVA,ARX_NLMS,0.0629172343466505,1000
ons:IGARAPAVA,CHRONOS_BOLT_TINY,0.1507058455138505,1000
ons:IGARAPAVA,CHRONOS_BOLT_SMALL,0.1417062021873458,1000
ons:IGARAPAVA,CHRONOS2,0.123339583770367,1000
ons:IGARAPAVA,CHRONOS2_COV,0.0450953610042574,1000
ons:VOLTA GRANDE,v052,0.2487864512168459,1000
ons:VOLTA GRANDE,v051,0.266167600676781,1000
ons:VOLTA GRANDE,M,0.3018907867494709,1000
ons:VOLTA GRANDE,AIRLINE,0.4589623666389832,1000
ons:VOLTA GRANDE,AIRLINE_X,0.3589357130534513,1000
ons:VOLTA GRANDE,NLINEAR_ONLINE,0.3193251622231216,1000
ons:VOLTA GRANDE,DLINEAR_ONLINE,0.3476497065197274,1000
ons:VOLTA GRANDE,HOLT_WINTERS,0.4073137702242969,1000
ons:VOLTA GRANDE,RIVER_AMRULES,0.5989665476017615,1000
ons:VOLTA GRANDE,ARX_NLMS,0.3361258877184163,1000
ons:VOLTA GRANDE,CHRONOS_BOLT_TINY,0.306799088895244,1000
ons:VOLTA GRANDE,CHRONOS_BOLT_SMALL,0.3063228331506125,1000
ons:VOLTA GRANDE,CHRONOS2,0.2762826135179629,1000
ons:VOLTA GRANDE,CHRONOS2_COV,0.2191900426286132,1000
ons:P. COLOMBIA,v052,0.2005253511366125,1000
ons:P. COLOMBIA,v051,0.2195031621889318,1000
ons:P. COLOMBIA,M,0.3287295449665522,1000
ons:P. COLOMBIA,AIRLINE,0.3354408702323724,1000
ons:P. COLOMBIA,AIRLINE_X,0.2711475426253945,1000
ons:P. COLOMBIA,NLINEAR_ONLINE,0.3353855875103864,1000
ons:P. COLOMBIA,DLINEAR_ONLINE,0.3386364827209444,1000
ons:P. COLOMBIA,HOLT_WINTERS,0.4346661292452146,1000
ons:P. COLOMBIA,RIVER_AMRULES,0.4208711760066738,1000
ons:P. COLOMBIA,ARX_NLMS,0.1896585731611474,1000
ons:P. COLOMBIA,CHRONOS_BOLT_TINY,0.3210809295490111,1000
ons:P. COLOMBIA,CHRONOS_BOLT_SMALL,0.3172727948338373,1000
ons:P. COLOMBIA,CHRONOS2,0.3023413181668896,1000
ons:P. COLOMBIA,CHRONOS2_COV,0.179494950890346,1000
ons:MARIMBONDO,v052,0.295080702488691,1000
ons:MARIMBONDO,v051,0.2891581669823524,1000
ons:MARIMBONDO,M,0.3292753921123068,1000
ons:MARIMBONDO,AIRLINE,0.3165144473258098,1000
ons:MARIMBONDO,AIRLINE_X,0.3032595810790672,1000
ons:MARIMBONDO,NLINEAR_ONLINE,0.3152336034129837,1000
ons:MARIMBONDO,DLINEAR_ONLINE,0.3142824266348477,1000
ons:MARIMBONDO,HOLT_WINTERS,0.3509363197904755,1000
ons:MARIMBONDO,RIVER_AMRULES,0.5947331209255385,1000
ons:MARIMBONDO,ARX_NLMS,0.2936540860965216,1000
ons:MARIMBONDO,CHRONOS_BOLT_TINY,0.3150257465828787,1000
ons:MARIMBONDO,CHRONOS_BOLT_SMALL,0.314257117328812,1000
ons:MARIMBONDO,CHRONOS2,0.3224143094318548,1000
ons:MARIMBONDO,CHRONOS2_COV,0.2589499225247492,1000
ons:A. VERMELHA,v052,0.3231340080645381,1000
ons:A. VERMELHA,v051,0.3267079923130411,1000
ons:A. VERMELHA,M,0.3786771016488011,1000
ons:A. VERMELHA,AIRLINE,0.3687748183351946,1000
ons:A. VERMELHA,AIRLINE_X,0.3518885680548901,1000
ons:A. VERMELHA,NLINEAR_ONLINE,0.3655893213510359,1000
ons:A. VERMELHA,DLINEAR_ONLINE,0.3666297642836363,1000
ons:A. VERMELHA,HOLT_WINTERS,0.4077216508359032,1000
ons:A. VERMELHA,RIVER_AMRULES,0.6362480935897564,1000
ons:A. VERMELHA,ARX_NLMS,0.3490283665556866,1000
ons:A. VERMELHA,CHRONOS_BOLT_TINY,0.3896879537505668,1000
ons:A. VERMELHA,CHRONOS_BOLT_SMALL,0.3829045686468947,1000
ons:A. VERMELHA,CHRONOS2,0.3765286200380386,1000
ons:A. VERMELHA,CHRONOS2_COV,0.3031105876394676,1000
camels:17350000,v052,0.039894391243387,1000
camels:17350000,v051,0.1953316624335962,1000
camels:17350000,M,0.0389474665684167,1000
camels:17350000,AIRLINE,0.0213283929376188,1000
camels:17350000,AIRLINE_X,0.0201573453124709,1000
camels:17350000,NLINEAR_ONLINE,0.0260388252146688,1000
camels:17350000,DLINEAR_ONLINE,0.0283730372484721,1000
camels:17350000,HOLT_WINTERS,0.0417151591146488,1000
camels:17350000,RIVER_AMRULES,0.4061042303333286,1000
camels:17350000,ARX_NLMS,0.0446438969305117,1000
camels:17350000,CHRONOS_BOLT_TINY,0.0247216640272196,1000
camels:17350000,CHRONOS_BOLT_SMALL,0.0236776205092426,1000
camels:17350000,CHRONOS2,0.021479968930603,1000
camels:17350000,CHRONOS2_COV,0.0223073957554686,1000
camels:24900000,v052,0.2840425890571242,1000
camels:24900000,v051,0.5622935403475765,1000
camels:24900000,M,0.8856017391117358,1000
camels:24900000,AIRLINE,0.3598872879661313,1000
camels:24900000,AIRLINE_X,0.3336506952151967,1000
camels:24900000,NLINEAR_ONLINE,0.3509611736842654,1000
camels:24900000,DLINEAR_ONLINE,0.3533613173943936,1000
camels:24900000,HOLT_WINTERS,0.3612619332318933,1000
camels:24900000,RIVER_AMRULES,0.5709445878792629,1000
camels:24900000,ARX_NLMS,0.2617239873953751,1000
camels:24900000,CHRONOS_BOLT_TINY,0.2796750534733662,1000
camels:24900000,CHRONOS_BOLT_SMALL,0.2723007303182961,1000
camels:24900000,CHRONOS2,0.2625437989910111,1000
camels:24900000,CHRONOS2_COV,0.2407863102569436,1000
camels:54110002,v052,0.2315738013889261,1000
camels:54110002,v051,0.638407518700127,1000
camels:54110002,M,0.4759149241518521,1000
camels:54110002,AIRLINE,0.2852324221544768,1000
camels:54110002,AIRLINE_X,0.2378746977417198,1000
camels:54110002,NLINEAR_ONLINE,0.3466491966597699,1000
camels:54110002,DLINEAR_ONLINE,0.3059682978106641,1000
camels:54110002,HOLT_WINTERS,0.3231683118820149,1000
camels:54110002,RIVER_AMRULES,0.6441842785994207,1000
camels:54110002,ARX_NLMS,0.2248221802228787,1000
camels:54110002,CHRONOS_BOLT_TINY,0.3078749267264828,1000
camels:54110002,CHRONOS_BOLT_SMALL,0.3012782555114086,1000
camels:54110002,CHRONOS2,0.2957601701387918,1000
camels:54110002,CHRONOS2_COV,0.2357435325635992,1000
camels:58258000,v052,0.5892555764862472,1000
camels:58258000,v051,0.6524667586370874,1000
camels:58258000,M,3.776962327760259,1000
camels:58258000,AIRLINE,0.6480882306039063,1000
camels:58258000,AIRLINE_X,0.6531055636525502,1000
camels:58258000,NLINEAR_ONLINE,0.907157745516573,1000
camels:58258000,DLINEAR_ONLINE,0.7175339273278122,1000
camels:58258000,HOLT_WINTERS,0.6457673782077523,1000
camels:58258000,RIVER_AMRULES,0.8481378076434012,1000
camels:58258000,ARX_NLMS,0.6776958125883543,1000
camels:58258000,CHRONOS_BOLT_TINY,0.628002400704539,1000
camels:58258000,CHRONOS_BOLT_SMALL,0.6349137820959824,1000
camels:58258000,CHRONOS2,0.5839834106397941,1000
camels:58258000,CHRONOS2_COV,0.5690079997311536,1000
camels:60778000,v052,0.0459904010871852,1000
camels:60778000,v051,0.2206476545313457,1000
camels:60778000,M,0.0522207012490959,1000
camels:60778000,AIRLINE,0.0421289324000613,1000
camels:60778000,AIRLINE_X,0.0448961106274358,1000
camels:60778000,NLINEAR_ONLINE,0.0389952786021385,1000
camels:60778000,DLINEAR_ONLINE,0.0447692782747329,1000
camels:60778000,HOLT_WINTERS,0.0555297892356843,1000
camels:60778000,RIVER_AMRULES,0.4585422195687774,1000
camels:60778000,ARX_NLMS,0.0723137106571727,1000
camels:60778000,CHRONOS_BOLT_TINY,0.0415795067143473,1000
camels:60778000,CHRONOS_BOLT_SMALL,0.0425387001585024,1000
camels:60778000,CHRONOS2,0.0421404845618208,1000
camels:60778000,CHRONOS2_COV,0.0444945764446443,1000
camels:60940000,v052,0.0121645586866666,1000
camels:60940000,v051,0.0276621922868567,1000
camels:60940000,M,0.0119896951103531,1000
camels:60940000,AIRLINE,0.0114385026346535,1000
camels:60940000,AIRLINE_X,0.0114864457724785,1000
camels:60940000,NLINEAR_ONLINE,0.0108831561747879,1000
camels:60940000,DLINEAR_ONLINE,0.0131014651906575,1000
camels:60940000,HOLT_WINTERS,0.017323371816462,1000
camels:60940000,RIVER_AMRULES,0.4347011619905394,1000
camels:60940000,ARX_NLMS,0.0451005688379524,1000
camels:60940000,CHRONOS_BOLT_TINY,0.0139045758891005,1000
camels:60940000,CHRONOS_BOLT_SMALL,0.01281529342225,1000
camels:60940000,CHRONOS2,0.0106120966000326,1000
camels:60940000,CHRONOS2_COV,0.0103883587260952,1000
camels:61510000,v052,0.0320272569135255,1000
camels:61510000,v051,0.0390945186111963,1000
camels:61510000,M,0.0343607801190984,1000
camels:61510000,AIRLINE,0.0251445118136881,1000
camels:61510000,AIRLINE_X,0.0230940558497786,1000
camels:61510000,NLINEAR_ONLINE,0.031000454056698,1000
camels:61510000,DLINEAR_ONLINE,0.032982643948521,1000
camels:61510000,HOLT_WINTERS,0.0632979414402459,1000
camels:61510000,RIVER_AMRULES,0.5790991516343786,1000
camels:61510000,ARX_NLMS,0.0523532518952599,1000
camels:61510000,CHRONOS_BOLT_TINY,0.0321948782114476,1000
camels:61510000,CHRONOS_BOLT_SMALL,0.0342860921085523,1000
camels:61510000,CHRONOS2,0.0321094714971992,1000
camels:61510000,CHRONOS2_COV,0.0297179861585007,1000
camels:64360000,v052,0.2115821400978771,1000
camels:64360000,v051,0.4132478667977956,1000
camels:64360000,M,0.4108951526621919,1000
camels:64360000,AIRLINE,0.2844548569300623,1000
camels:64360000,AIRLINE_X,0.2273466549608889,1000
camels:64360000,NLINEAR_ONLINE,0.2825212537114989,1000
camels:64360000,DLINEAR_ONLINE,0.3474242400697411,1000
camels:64360000,HOLT_WINTERS,0.3643156912030507,1000
camels:64360000,RIVER_AMRULES,0.6664788753633654,1000
camels:64360000,ARX_NLMS,0.183097694548565,1000
camels:64360000,CHRONOS_BOLT_TINY,0.3222069516851532,1000
camels:64360000,CHRONOS_BOLT_SMALL,0.3374122175358807,1000
camels:64360000,CHRONOS2,0.2946442412344696,1000
camels:64360000,CHRONOS2_COV,0.1918012753293483,1000
camels:64477600,v052,0.0976252980319891,1000
camels:64477600,v051,0.1909961701334411,1000
camels:64477600,M,0.1240509572536555,1000
camels:64477600,AIRLINE,0.0618519173261822,1000
camels:64477600,AIRLINE_X,0.0602339619045084,1000
camels:64477600,NLINEAR_ONLINE,0.0825856906470532,1000
camels:64477600,DLINEAR_ONLINE,0.0899788261402098,1000
camels:64477600,HOLT_WINTERS,0.1031882397744293,1000
camels:64477600,RIVER_AMRULES,0.6425161341257802,1000
camels:64477600,ARX_NLMS,0.0745925322124472,1000
camels:64477600,CHRONOS_BOLT_TINY,0.1129632339967796,1000
camels:64477600,CHRONOS_BOLT_SMALL,0.0761866341440936,1000
camels:64477600,CHRONOS2,0.072711879095147,1000
camels:64477600,CHRONOS2_COV,0.1016141478407364,1000
camels:71350001,v052,0.031194862165828,1000
camels:71350001,v051,0.0324270483996234,1000
camels:71350001,M,0.0317858467794288,1000
camels:71350001,AIRLINE,0.0275561279817465,1000
camels:71350001,AIRLINE_X,0.0252324396587366,1000
camels:71350001,NLINEAR_ONLINE,0.0335124015298518,1000
camels:71350001,DLINEAR_ONLINE,0.0359530384541368,1000
camels:71350001,HOLT_WINTERS,0.0718985442814748,1000
camels:71350001,RIVER_AMRULES,0.5795584977922668,1000
camels:71350001,ARX_NLMS,0.0469475405972481,1000
camels:71350001,CHRONOS_BOLT_TINY,0.0391320786053033,1000
camels:71350001,CHRONOS_BOLT_SMALL,0.0342236126864441,1000
camels:71350001,CHRONOS2,0.0316044669472593,1000
camels:71350001,CHRONOS2_COV,0.0262274270700246,1000
bdg2:chilledwater:Bull_education_Hayley,v052,0.0209091794503668,1000
bdg2:chilledwater:Bull_education_Hayley,v051,0.0209531885018706,1000
bdg2:chilledwater:Bull_education_Hayley,M,0.0207297363924727,1000
bdg2:chilledwater:Bull_education_Hayley,AIRLINE,0.0234804441698751,1000
bdg2:chilledwater:Bull_education_Hayley,AIRLINE_X,0.0229296470171922,1000
bdg2:chilledwater:Bull_education_Hayley,NLINEAR_ONLINE,0.02278757949218,1000
bdg2:chilledwater:Bull_education_Hayley,DLINEAR_ONLINE,0.0244934059847693,1000
bdg2:chilledwater:Bull_education_Hayley,HOLT_WINTERS,0.0362200506742041,1000
bdg2:chilledwater:Bull_education_Hayley,RIVER_AMRULES,0.1353663666587791,1000
bdg2:chilledwater:Bull_education_Hayley,ARX_NLMS,0.0292690045424324,1000
bdg2:chilledwater:Bull_education_Hayley,CHRONOS_BOLT_TINY,0.0210613564297206,1000
bdg2:chilledwater:Bull_education_Hayley,CHRONOS_BOLT_SMALL,0.0184191601652396,1000
bdg2:chilledwater:Bull_education_Hayley,CHRONOS2,0.0128497535370942,1000
bdg2:chilledwater:Bull_education_Hayley,CHRONOS2_COV,0.0106516120830854,1000
bdg2:hotwater:Moose_education_Lori,v052,0.0201282339998911,1000
bdg2:hotwater:Moose_education_Lori,v051,75052461709.65697,1000
bdg2:hotwater:Moose_education_Lori,M,0.0362361255335409,1000
bdg2:hotwater:Moose_education_Lori,AIRLINE,0.0283002743415824,1000
bdg2:hotwater:Moose_education_Lori,AIRLINE_X,0.0268790560052725,1000
bdg2:hotwater:Moose_education_Lori,NLINEAR_ONLINE,0.026577048480286,1000
bdg2:hotwater:Moose_education_Lori,DLINEAR_ONLINE,0.0251648359171345,1000
bdg2:hotwater:Moose_education_Lori,HOLT_WINTERS,0.0261331209098992,1000
bdg2:hotwater:Moose_education_Lori,RIVER_AMRULES,0.1211310816660587,1000
bdg2:hotwater:Moose_education_Lori,ARX_NLMS,0.1136611686652226,1000
bdg2:hotwater:Moose_education_Lori,CHRONOS_BOLT_TINY,0.0205959984421526,1000
bdg2:hotwater:Moose_education_Lori,CHRONOS_BOLT_SMALL,0.0200933253083928,1000
bdg2:hotwater:Moose_education_Lori,CHRONOS2,0.0182327926875556,1000
bdg2:hotwater:Moose_education_Lori,CHRONOS2_COV,0.0163173640850751,1000
bdg2:steam:Eagle_assembly_Herbert,v052,0.1715549027449495,1000
bdg2:steam:Eagle_assembly_Herbert,v051,0.1672049354796623,1000
bdg2:steam:Eagle_assembly_Herbert,M,0.1728209471995902,1000
bdg2:steam:Eagle_assembly_Herbert,AIRLINE,0.1636554134361156,1000
bdg2:steam:Eagle_assembly_Herbert,AIRLINE_X,0.164222944989415,1000
bdg2:steam:Eagle_assembly_Herbert,NLINEAR_ONLINE,0.165828441998964,1000
bdg2:steam:Eagle_assembly_Herbert,DLINEAR_ONLINE,0.1663959291669706,1000
bdg2:steam:Eagle_assembly_Herbert,HOLT_WINTERS,0.1706289000045772,1000
bdg2:steam:Eagle_assembly_Herbert,RIVER_AMRULES,0.1882029796696844,1000
bdg2:steam:Eagle_assembly_Herbert,ARX_NLMS,0.1767722066059659,1000
bdg2:steam:Eagle_assembly_Herbert,CHRONOS_BOLT_TINY,0.1679618174172661,1000
bdg2:steam:Eagle_assembly_Herbert,CHRONOS_BOLT_SMALL,0.1658838597963103,1000
bdg2:steam:Eagle_assembly_Herbert,CHRONOS2,0.1716129159060831,1000
bdg2:steam:Eagle_assembly_Herbert,CHRONOS2_COV,0.16225188056122,1000
bdg2:steam:Hog_assembly_Colette,v052,0.0954035310702679,1000
bdg2:steam:Hog_assembly_Colette,v051,0.1329078283338385,1000
bdg2:steam:Hog_assembly_Colette,M,0.0955321504477925,1000
bdg2:steam:Hog_assembly_Colette,AIRLINE,0.0957370032671811,1000
bdg2:steam:Hog_assembly_Colette,AIRLINE_X,0.0953548473624739,1000
bdg2:steam:Hog_assembly_Colette,NLINEAR_ONLINE,0.1004660426205868,1000
bdg2:steam:Hog_assembly_Colette,DLINEAR_ONLINE,0.1133127764775683,1000
bdg2:steam:Hog_assembly_Colette,HOLT_WINTERS,0.1295938352600558,1000
bdg2:steam:Hog_assembly_Colette,RIVER_AMRULES,0.2426310364089294,1000
bdg2:steam:Hog_assembly_Colette,ARX_NLMS,0.1622247729934815,1000
bdg2:steam:Hog_assembly_Colette,CHRONOS_BOLT_TINY,0.0925813421628815,1000
bdg2:steam:Hog_assembly_Colette,CHRONOS_BOLT_SMALL,0.0902330641816756,1000
bdg2:steam:Hog_assembly_Colette,CHRONOS2,0.0884905966553648,1000
bdg2:steam:Hog_assembly_Colette,CHRONOS2_COV,0.0867314142026097,1000
bdg2:steam:Hog_education_Luvenia,v052,0.0382855970899184,1000
bdg2:steam:Hog_education_Luvenia,v051,0.038696228447476,1000
bdg2:steam:Hog_education_Luvenia,M,0.0529534909525903,1000
bdg2:steam:Hog_education_Luvenia,AIRLINE,0.037199890173075,1000
bdg2:steam:Hog_education_Luvenia,AIRLINE_X,0.0356150959692635,1000
bdg2:steam:Hog_education_Luvenia,NLINEAR_ONLINE,0.039671788392408,1000
bdg2:steam:Hog_education_Luvenia,DLINEAR_ONLINE,0.0410965476961948,1000
bdg2:steam:Hog_education_Luvenia,HOLT_WINTERS,0.0450413847250071,1000
bdg2:steam:Hog_education_Luvenia,RIVER_AMRULES,0.1819060576105697,1000
bdg2:steam:Hog_education_Luvenia,ARX_NLMS,0.1369265053795863,1000
bdg2:steam:Hog_education_Luvenia,CHRONOS_BOLT_TINY,0.0350310619479228,1000
bdg2:steam:Hog_education_Luvenia,CHRONOS_BOLT_SMALL,0.0359333710451459,1000
bdg2:steam:Hog_education_Luvenia,CHRONOS2,0.0324444228068751,1000
bdg2:steam:Hog_education_Luvenia,CHRONOS2_COV,0.0313282943563728,1000
silverbox,v052,0.0368708027525468,1000
silverbox,v051,0.0390258029224828,1000
silverbox,M,0.0368708008194655,1000
silverbox,AIRLINE,0.2245371320124406,1000
silverbox,AIRLINE_X,0.5729226454984231,1000
silverbox,NLINEAR_ONLINE,0.0390164129924891,1000
silverbox,DLINEAR_ONLINE,0.0352829723102478,1000
silverbox,HOLT_WINTERS,0.8743610694780762,1000
silverbox,RIVER_AMRULES,1.0115368369401787,1000
silverbox,ARX_NLMS,0.0028745896186042,1000
silverbox,CHRONOS_BOLT_TINY,0.3099332006756631,1000
silverbox,CHRONOS_BOLT_SMALL,0.1577089027113375,1000
silverbox,CHRONOS2,0.0664368166905663,1000
silverbox,CHRONOS2_COV,0.0346905234927027,1000
tanks:est,v052,0.0009129297383309,717
tanks:est,v051,0.0008346785662381,717
tanks:est,M,0.0009129606737116,717
tanks:est,AIRLINE,0.001330910602889,717
tanks:est,AIRLINE_X,0.0018783051337432,717
tanks:est,NLINEAR_ONLINE,0.0007070567528873,717
tanks:est,DLINEAR_ONLINE,0.0218356916238975,717
tanks:est,HOLT_WINTERS,0.0040376027539758,717
tanks:est,RIVER_AMRULES,0.8352754841640638,717
tanks:est,ARX_NLMS,0.0411578998624265,717
tanks:est,CHRONOS_BOLT_TINY,0.0048001962933373,717
tanks:est,CHRONOS_BOLT_SMALL,0.0032047425126461,717
tanks:est,CHRONOS2,0.0017836201175456,717
tanks:est,CHRONOS2_COV,0.0019541509440014,717
tanks:val,v052,0.0011255590520556,717
tanks:val,v051,0.001267965032272,717
tanks:val,M,0.0011258774933747,717
tanks:val,AIRLINE,0.0018675797449529,717
tanks:val,AIRLINE_X,0.0016199790414698,717
tanks:val,NLINEAR_ONLINE,0.0018233139772202,717
tanks:val,DLINEAR_ONLINE,0.034584081026978,717
tanks:val,HOLT_WINTERS,0.0057849105165848,717
tanks:val,RIVER_AMRULES,0.6141994682576618,717
tanks:val,ARX_NLMS,0.0435695317536365,717
tanks:val,CHRONOS_BOLT_TINY,0.0033112811765073,717
tanks:val,CHRONOS_BOLT_SMALL,0.0030457010247642,717
tanks:val,CHRONOS2,0.0018828394224615,717
tanks:val,CHRONOS2_COV,0.0015603503349221,717
ons:ITUTINGA,v052H_PADRAO,0.005728709185838061,1000
ons:ITUTINGA,v052H_ENXUTO,0.00691034143803631,1000
ons:FUNIL-MG,v052H_PADRAO,0.042959893723823986,1000
ons:FUNIL-MG,v052H_ENXUTO,0.041414207848965566,1000
ons:FURNAS,v052H_PADRAO,0.8534910500670956,1000
ons:FURNAS,v052H_ENXUTO,0.8630413202322408,1000
ons:M. MORAES,v052H_PADRAO,0.44848372355226285,1000
ons:M. MORAES,v052H_ENXUTO,0.46183446012703083,1000
ons:L. C. BARRETO,v052H_PADRAO,0.06079799933121033,1000
ons:L. C. BARRETO,v052H_ENXUTO,0.06079799933121033,1000
ons:JAGUARA,v052H_PADRAO,0.021147259833231926,1000
ons:JAGUARA,v052H_ENXUTO,0.02114716182913495,1000
ons:IGARAPAVA,v052H_PADRAO,0.037110683869417904,1000
ons:IGARAPAVA,v052H_ENXUTO,0.037116212389121245,1000
ons:VOLTA GRANDE,v052H_PADRAO,0.23988203372166114,1000
ons:VOLTA GRANDE,v052H_ENXUTO,0.24630064335658214,1000
ons:P. COLOMBIA,v052H_PADRAO,0.18480001956324388,1000
ons:P. COLOMBIA,v052H_ENXUTO,0.1988551102490181,1000
ons:MARIMBONDO,v052H_PADRAO,0.24522484679073783,1000
ons:MARIMBONDO,v052H_ENXUTO,0.25629781898121023,1000
ons:A. VERMELHA,v052H_PADRAO,0.2973727426236874,1000
ons:A. VERMELHA,v052H_ENXUTO,0.3231494473304818,1000
camels:17350000,v052H_PADRAO,0.029162152418999283,1000
camels:17350000,v052H_ENXUTO,0.03975597044611419,1000
camels:24900000,v052H_PADRAO,0.28228324789359077,1000
camels:24900000,v052H_ENXUTO,0.28228324789359077,1000
camels:54110002,v052H_PADRAO,0.23165641700704603,1000
camels:54110002,v052H_ENXUTO,0.23165641700704603,1000
camels:58258000,v052H_PADRAO,0.5890067258567561,1000
camels:58258000,v052H_ENXUTO,0.5890067258567561,1000
camels:60778000,v052H_PADRAO,0.04591484069935693,1000
camels:60778000,v052H_ENXUTO,0.04591484069935693,1000
camels:60940000,v052H_PADRAO,0.011638716991967562,1000
camels:60940000,v052H_ENXUTO,0.012138083546912181,1000
camels:61510000,v052H_PADRAO,0.021519223970025883,1000
camels:61510000,v052H_ENXUTO,0.022028917708379846,1000
camels:64360000,v052H_PADRAO,0.21151064642250073,1000
camels:64360000,v052H_ENXUTO,0.21151064642250073,1000
camels:64477600,v052H_PADRAO,0.09971903455665017,1000
camels:64477600,v052H_ENXUTO,0.09467181602097811,1000
camels:71350001,v052H_PADRAO,0.027001784480827424,1000
camels:71350001,v052H_ENXUTO,0.025810884204271616,1000
bdg2:chilledwater:Bull_education_Hayley,v052H_PADRAO,0.021761767396756938,1000
bdg2:chilledwater:Bull_education_Hayley,v052H_ENXUTO,0.02113549022133028,1000
bdg2:hotwater:Moose_education_Lori,v052H_PADRAO,0.020299569355016124,1000
bdg2:hotwater:Moose_education_Lori,v052H_ENXUTO,0.020299569355016124,1000
bdg2:steam:Eagle_assembly_Herbert,v052H_PADRAO,0.1715076822502663,1000
bdg2:steam:Eagle_assembly_Herbert,v052H_ENXUTO,0.1715076822502663,1000
bdg2:steam:Hog_assembly_Colette,v052H_PADRAO,0.09540353286003289,1000
bdg2:steam:Hog_assembly_Colette,v052H_ENXUTO,0.09280097107119072,1000
bdg2:steam:Hog_education_Luvenia,v052H_PADRAO,0.03561758876267577,1000
bdg2:steam:Hog_education_Luvenia,v052H_ENXUTO,0.038284362245652424,1000
silverbox,v052H_PADRAO,0.0034918070462745966,1000
silverbox,v052H_ENXUTO,0.004307953788979411,1000
tanks:est,v052H_PADRAO,0.0009129250471617326,717
tanks:est,v052H_ENXUTO,0.0009129250471617326,717
tanks:val,v052H_PADRAO,0.0011255492020105287,717
tanks:val,v052H_ENXUTO,0.0011255492020105287,717
