suite,task,seed,model,nmse,fp,true_units,n_true,true_exo,n_true_exo,false_exo,first_acc,structure,response,fp_parts
synth,N1,9201,hier,1.0627924127322825,345.648415,0,0,0,0,0,,[],{},"{'memory': 0, 'structure': 121, 'experiments': 77, 'screening': 105, 'control': 18} mem 24 eng 1"
synth,N1,9201,atom,1.0627924127322825,207.54546999999994,0,0,0,0,0,,[],,"{'memory': 0, 'structure': 97, 'experiments': 56, 'screening': 8, 'control': 18} mem 24 eng 5"
synth,N1,9202,hier,1.0664085526673024,356.66175,0,0,0,0,0,,[],{},"{'memory': 0, 'structure': 121, 'experiments': 88, 'screening': 105, 'control': 18} mem 24 eng 1"
synth,N1,9202,atom,1.0664085526673024,207.53129999999993,0,0,0,0,0,,[],,"{'memory': 0, 'structure': 97, 'experiments': 56, 'screening': 8, 'control': 18} mem 24 eng 5"
synth,N1,9203,hier,1.0658114875329032,362.74402000000003,0,0,0,0,0,,[],{},"{'memory': 0, 'structure': 121, 'experiments': 94, 'screening': 105, 'control': 18} mem 24 eng 1"
synth,N1,9203,atom,1.0658114875329032,207.26980999999995,0,0,0,0,0,,[],,"{'memory': 0, 'structure': 97, 'experiments': 56, 'screening': 8, 'control': 18} mem 24 eng 5"
synth,N2,9201,hier,1.1040271007485998,322.898145,0,0,0,0,0,,[],{},"{'memory': 0, 'structure': 117, 'experiments': 73, 'screening': 91, 'control': 18} mem 24 eng 1"
synth,N2,9201,atom,1.1045293890674581,192.03558999999996,0,0,0,0,0,,[],,"{'memory': 0, 'structure': 93, 'experiments': 46, 'screening': 7, 'control': 18} mem 24 eng 5"
synth,N2,9202,hier,1.110350831759898,345.54342,0,0,0,0,0,,[],{},"{'memory': 0, 'structure': 117, 'experiments': 95, 'screening': 91, 'control': 18} mem 24 eng 1"
synth,N2,9202,atom,1.1110836898671745,192.64535999999993,0,0,0,0,0,,[],,"{'memory': 0, 'structure': 93, 'experiments': 47, 'screening': 7, 'control': 18} mem 24 eng 5"
synth,N2,9203,hier,1.1006579767021043,347.10622,0,0,0,0,0,,[],{},"{'memory': 0, 'structure': 116, 'experiments': 99, 'screening': 89, 'control': 18} mem 24 eng 1"
synth,N2,9203,atom,1.1011061652379384,191.20460999999997,0,0,0,0,0,,[],,"{'memory': 0, 'structure': 92, 'experiments': 46, 'screening': 7, 'control': 18} mem 24 eng 5"
synth,T1,9201,hier,0.6486161266766964,440.55563499999994,1,1,1,1,0,880.0,"[('in', 1)]","{('in', 1): [((1, 1), -0.01), ((2, 3), 0.03), ((4, 7), 0.02), ((8, 15), 0.01), ((16, 31), 0.0), ((3, 3), 0.84)]}","{'memory': 0, 'structure': 186, 'experiments': 93, 'screening': 118, 'control': 18} mem 24 eng 1"
synth,T1,9201,atom,0.6502136482766607,212.98330999999996,1,1,1,1,0,2000.0,"[('in', 1)]",,"{'memory': 0, 'structure': 102, 'experiments': 56, 'screening': 8, 'control': 18} mem 24 eng 5"
synth,T1,9202,hier,0.6364765096334394,443.777145,1,1,1,1,0,910.0,"[('in', 1)]","{('in', 1): [((1, 1), 0.04), ((2, 3), -0.01), ((4, 7), -0.02), ((8, 15), 0.01), ((16, 31), 0.0), ((3, 3), 0.9)]}","{'memory': 0, 'structure': 186, 'experiments': 97, 'screening': 118, 'control': 18} mem 24 eng 1"
synth,T1,9202,atom,0.6393650691843096,212.87271999999993,1,1,1,1,0,2190.0,"[('in', 1)]",,"{'memory': 0, 'structure': 102, 'experiments': 56, 'screening': 8, 'control': 18} mem 24 eng 5"
synth,T1,9203,hier,0.6457317828579229,437.20817,1,1,1,1,0,1040.0,"[('in', 1)]","{('in', 1): [((1, 1), -0.01), ((2, 3), -0.0), ((4, 7), -0.0), ((8, 15), -0.01), ((16, 31), -0.01), ((3, 3), 0.79)]}","{'memory': 0, 'structure': 185, 'experiments': 91, 'screening': 118, 'control': 18} mem 24 eng 1"
synth,T1,9203,atom,0.6463981301578856,212.08142999999993,1,1,1,1,0,3500.0,"[('in', 1)]",,"{'memory': 0, 'structure': 102, 'experiments': 55, 'screening': 8, 'control': 18} mem 24 eng 5"
synth,B1,9201,hier,0.6560476209353151,427.105875,1,1,1,1,0,1670.0,"[('in', 1)]","{('in', 1): [((1, 1), -0.0), ((2, 3), -0.01), ((4, 7), 0.04), ((8, 15), 0.01), ((16, 31), -0.0), ((12, 12), 0.77)]}","{'memory': 0, 'structure': 185, 'experiments': 81, 'screening': 118, 'control': 18} mem 24 eng 1"
synth,B1,9201,atom,0.6583500979767087,212.67319999999995,1,1,1,1,0,2740.0,"[('in', 1)]",,"{'memory': 0, 'structure': 102, 'experiments': 56, 'screening': 8, 'control': 18} mem 24 eng 5"
synth,B1,9202,hier,0.6314300860829181,414.46441,1,1,1,1,0,950.0,"[('in', 1)]","{('in', 1): [((1, 1), -0.09), ((2, 3), 0.03), ((4, 7), 0.04), ((8, 15), -0.0), ((16, 31), 0.0), ((12, 12), 0.87)]}","{'memory': 0, 'structure': 188, 'experiments': 66, 'screening': 118, 'control': 18} mem 24 eng 1"
synth,B1,9202,atom,0.6338100172197927,212.97045999999997,1,1,1,1,0,2060.0,"[('in', 1)]",,"{'memory': 0, 'structure': 102, 'experiments': 56, 'screening': 8, 'control': 18} mem 24 eng 5"
synth,B1,9203,hier,0.6504701746267024,432.612735,1,1,1,1,0,1140.0,"[('in', 1)]","{('in', 1): [((1, 1), 0.0), ((2, 3), -0.0), ((4, 7), -0.02), ((8, 15), -0.01), ((16, 31), 0.0), ((12, 12), 0.87)]}","{'memory': 0, 'structure': 187, 'experiments': 85, 'screening': 118, 'control': 18} mem 24 eng 1"
synth,B1,9203,atom,0.6512461462820426,212.47396999999992,1,1,1,1,0,3350.0,"[('in', 1)]",,"{'memory': 0, 'structure': 102, 'experiments': 56, 'screening': 8, 'control': 18} mem 24 eng 5"
synth,B2,9201,hier,0.5457960673292254,547.11717,3,3,3,3,0,1100.0,"[('in', 0), ('in', 2), ('in', 4)]","{('in', 0): [((1, 1), -0.01), ((2, 3), 0.01), ((4, 7), 0.0), ((8, 15), 0.0), ((16, 31), -0.0), ((3, 3), 0.86)], ('in', 2): [((1, 1), -0.04), ((2, 3), -0.01), ((4, 7), -0.02), ((8, 15), 0.0), ((16, 31), -0.01), ((7, 7), 0.56)], ('in', 4): [((1, 1), -0.06), ((2, 3), -0.02), ((4, 7), 0.03), ((8, 15), 0.01), ((16, 31), -0.01), ((20, 20), 0.43)]}","{'memory': 0, 'structure': 260, 'experiments': 111, 'screening': 133, 'control': 18} mem 24 eng 2"
synth,B2,9201,atom,0.6264123427509163,216.25211999999996,3,3,3,3,0,2810.0,"[('in', 0), ('in', 2), ('in', 4)]",,"{'memory': 0, 'structure': 106, 'experiments': 56, 'screening': 8, 'control': 18} mem 24 eng 5"
synth,B2,9202,hier,0.4647551844299066,593.327055,3,3,3,3,0,1370.0,"[('in', 0), ('in', 2), ('in', 4)]","{('in', 0): [((1, 1), 0.06), ((2, 3), -0.01), ((4, 7), -0.0), ((8, 15), 0.01), ((16, 31), 0.0), ((3, 3), 0.83)], ('in', 2): [((1, 1), -0.03), ((2, 3), 0.04), ((4, 7), -0.02), ((8, 15), -0.0), ((16, 31), 0.01), ((7, 7), 0.71)], ('in', 4): [((1, 1), -0.04), ((2, 3), -0.02), ((4, 7), -0.0), ((8, 15), 0.01), ((16, 31), 0.01), ((20, 20), 0.52)]}","{'memory': 0, 'structure': 297, 'experiments': 112, 'screening': 141, 'control': 18} mem 24 eng 2"
synth,B2,9202,atom,0.7587029451429013,213.2147099999999,2,3,2,3,0,7320.0,"[('in', 0), ('in', 2)]",,"{'memory': 0, 'structure': 103, 'experiments': 56, 'screening': 8, 'control': 18} mem 24 eng 5"
synth,B2,9203,hier,0.47510289890240837,590.77261,3,3,3,3,0,1180.0,"[('in', 0), ('in', 2), ('in', 4)]","{('in', 0): [((1, 1), 0.01), ((2, 3), -0.02), ((4, 7), 0.0), ((8, 15), -0.0), ((16, 31), -0.0), ((3, 3), 0.74)], ('in', 2): [((1, 1), -0.05), ((2, 3), -0.02), ((4, 7), 0.01), ((8, 15), -0.0), ((16, 31), -0.0), ((7, 7), 0.63)], ('in', 4): [((1, 1), -0.07), ((2, 3), 0.0), ((4, 7), 0.01), ((8, 15), 0.01), ((16, 31), -0.0), ((20, 20), 0.49)]}","{'memory': 0, 'structure': 300, 'experiments': 106, 'screening': 141, 'control': 18} mem 24 eng 2"
synth,B2,9203,atom,0.8559916112465676,210.86616999999993,3,3,3,3,0,10390.0,"[('in', 0), ('in', 2), ('in', 4)]",,"{'memory': 0, 'structure': 100, 'experiments': 56, 'screening': 8, 'control': 18} mem 24 eng 5"
synth,B3,9201,hier,0.37298928232619966,549.826975,1,3,1,2,0,3010.0,"[('in', 3), ('in', 5)]","{('in', 3): [((1, 1), 0.03), ((2, 3), 0.03), ((4, 7), -0.02), ((8, 15), -0.09), ((16, 31), 0.0), ((12, 12), 1.07)], ('in', 5): [((1, 1), 0.38), ((2, 3), 0.13), ((4, 7), 0.01), ((8, 15), -0.02), ((16, 31), -0.0), ((27, 27), -0.05)]}","{'memory': 0, 'structure': 205, 'experiments': 179, 'screening': 122, 'control': 18} mem 24 eng 3"
synth,B3,9201,atom,0.3899941003936984,211.84348999999995,1,3,1,2,0,5480.0,"[('in', 3)]",,"{'memory': 0, 'structure': 101, 'experiments': 56, 'screening': 8, 'control': 18} mem 24 eng 5"
synth,B3,9202,hier,0.41176958483069115,591.629495,1,3,1,2,0,1280.0,"[('in', 3)]","{('in', 3): [((1, 1), 0.06), ((2, 3), -0.13), ((4, 7), -0.01), ((8, 15), -0.07), ((16, 31), -0.01), ((12, 12), 1.09)]}","{'memory': 0, 'structure': 186, 'experiments': 243, 'screening': 118, 'control': 18} mem 24 eng 3"
synth,B3,9202,atom,0.41706947189948324,212.3329999999999,1,3,1,2,0,3380.0,"[('in', 3)]",,"{'memory': 0, 'structure': 102, 'experiments': 56, 'screening': 8, 'control': 18} mem 24 eng 5"
synth,B3,9203,hier,0.38437368864252175,630.17262,2,3,2,2,0,1460.0,"[('in', 0), ('in', 3), ('in', 5)]","{('in', 3): [((1, 1), -0.04), ((2, 3), 0.0), ((4, 7), -0.01), ((8, 15), -0.07), ((16, 31), -0.0), ((12, 12), 1.07)], ('in', 0): [((1, 1), 0.42), ((2, 3), 0.16), ((4, 7), 0.08), ((8, 15), 0.0), ((16, 31), 0.0)], ('in', 5): [((1, 1), 0.35), ((2, 3), 0.07), ((4, 7), 0.04), ((8, 15), 0.01), ((16, 31), -0.01), ((10, 10), -0.12)]}","{'memory': 0, 'structure': 209, 'experiments': 254, 'screening': 123, 'control': 18} mem 24 eng 3"
synth,B3,9203,atom,0.4037657788745822,212.40252999999998,1,3,1,2,0,2580.0,"[('in', 3)]",,"{'memory': 0, 'structure': 102, 'experiments': 56, 'screening': 8, 'control': 18} mem 24 eng 5"
semi2,SN0,6201,hier,1.0633768226782185,412.97537020905924,0,0,0,0,0,,[],{},"{'memory': 0, 'structure': 120, 'experiments': 149, 'screening': 101, 'control': 18} mem 24 eng 1"
semi2,SN0,6201,atom,1.063376056736513,200.26079517172704,0,0,0,0,0,,[],,"{'memory': 0, 'structure': 96, 'experiments': 50, 'screening': 8, 'control': 18} mem 24 eng 4"
semi2,SN0,6202,hier,1.0642919868964216,428.33733511697363,0,0,0,0,0,,[],{},"{'memory': 0, 'structure': 120, 'experiments': 164, 'screening': 101, 'control': 18} mem 24 eng 2"
semi2,SN0,6202,atom,1.0642762107364812,198.01345818815312,0,0,0,0,0,,[],,"{'memory': 0, 'structure': 96, 'experiments': 48, 'screening': 8, 'control': 18} mem 24 eng 4"
semi2,SN0,6203,hier,1.067245177607555,430.9111280487805,0,0,0,0,0,,[],{},"{'memory': 0, 'structure': 120, 'experiments': 166, 'screening': 101, 'control': 18} mem 24 eng 2"
semi2,SN0,6203,atom,1.0672134129337547,198.63267794922828,0,0,0,0,0,,[],,"{'memory': 0, 'structure': 96, 'experiments': 49, 'screening': 8, 'control': 18} mem 24 eng 4"
semi2,SN1,6201,hier,0.5198892942117227,398.84880848680933,0,1,0,1,0,,[],{},"{'memory': 0, 'structure': 120, 'experiments': 135, 'screening': 101, 'control': 18} mem 24 eng 1"
semi2,SN1,6201,atom,0.5199667279489848,198.69326779492266,0,1,0,1,0,,[],,"{'memory': 0, 'structure': 96, 'experiments': 49, 'screening': 8, 'control': 18} mem 24 eng 4"
semi2,SN1,6202,hier,0.516807334258006,472.2225609756098,0,1,0,1,0,,[],{},"{'memory': 0, 'structure': 120, 'experiments': 208, 'screening': 101, 'control': 18} mem 24 eng 2"
semi2,SN1,6202,atom,0.516904388766357,198.18689646590326,0,1,0,1,0,,[],,"{'memory': 0, 'structure': 96, 'experiments': 48, 'screening': 8, 'control': 18} mem 24 eng 4"
semi2,SN1,6203,hier,0.5129089154027427,448.24450908412143,0,1,0,1,0,,[],{},"{'memory': 0, 'structure': 120, 'experiments': 184, 'screening': 101, 'control': 18} mem 24 eng 2"
semi2,SN1,6203,atom,0.5130024943759062,196.71009830761557,0,1,0,1,0,,[],,"{'memory': 0, 'structure': 96, 'experiments': 47, 'screening': 8, 'control': 18} mem 24 eng 4"
semi2,SN2,6201,hier,0.46714904302225396,521.8795482827277,1,2,1,2,0,12150.0,"[('in', 3)]","{('in', 3): [((1, 1), -0.17), ((2, 3), 0.02), ((4, 7), 0.01), ((8, 15), -0.0), ((16, 31), 0.0), ((9, 9), 0.85)]}","{'memory': 0, 'structure': 163, 'experiments': 205, 'screening': 110, 'control': 18} mem 24 eng 2"
semi2,SN2,6201,atom,0.5970291787243107,199.6020408163264,1,2,1,2,0,31940.0,"[('in', 3)]",,"{'memory': 0, 'structure': 96, 'experiments': 50, 'screening': 8, 'control': 18} mem 24 eng 4"
semi2,SN2,6202,hier,0.47035059472414076,544.7763035092086,1,2,1,2,0,12960.0,"[('in', 3)]","{('in', 3): [((1, 1), -0.09), ((2, 3), 0.05), ((4, 7), -0.01), ((8, 15), 0.0), ((16, 31), 0.0), ((9, 9), 0.94)]}","{'memory': 0, 'structure': 162, 'experiments': 230, 'screening': 110, 'control': 18} mem 24 eng 2"
semi2,SN2,6202,atom,0.5963599205952353,199.9015866102537,0,2,0,2,0,,[],,"{'memory': 0, 'structure': 96, 'experiments': 50, 'screening': 8, 'control': 18} mem 24 eng 4"
semi2,SN2,6203,hier,0.5423449937916736,584.5650261324041,1,2,1,2,0,17750.0,"[('in', 3)]","{('in', 3): [((1, 1), 0.31), ((2, 3), 0.01), ((4, 7), -0.04), ((8, 15), 0.09), ((16, 31), -0.01), ((3, 3), -0.25)]}","{'memory': 0, 'structure': 150, 'experiments': 282, 'screening': 108, 'control': 18} mem 24 eng 3"
semi2,SN2,6203,atom,0.585462330048872,201.6830014932801,1,2,1,2,0,31800.0,"[('in', 3)]",,"{'memory': 0, 'structure': 96, 'experiments': 52, 'screening': 8, 'control': 18} mem 24 eng 5"
semi2,SN3,6201,hier,0.42900154596215506,475.761806246889,0,2,0,2,0,,[],{},"{'memory': 0, 'structure': 120, 'experiments': 211, 'screening': 101, 'control': 18} mem 24 eng 2"
semi2,SN3,6201,atom,0.42908896571451,198.96176580388234,0,2,0,2,0,,[],,"{'memory': 0, 'structure': 96, 'experiments': 49, 'screening': 8, 'control': 18} mem 24 eng 4"
semi2,SN3,6202,hier,0.4247758936449331,530.9384768541563,1,2,1,2,0,26020.0,"[('in', 4)]","{('in', 4): [((1, 1), 0.12), ((2, 3), 0.17), ((4, 7), 0.08), ((8, 15), 0.04), ((16, 31), 0.02), ((26, 26), 0.1)]}","{'memory': 0, 'structure': 133, 'experiments': 250, 'screening': 104, 'control': 18} mem 24 eng 2"
semi2,SN3,6202,atom,0.43141025290177826,197.82961050273752,0,2,0,2,0,,[],,"{'memory': 0, 'structure': 96, 'experiments': 48, 'screening': 8, 'control': 18} mem 24 eng 4"
semi2,SN3,6203,hier,0.4220958379916025,500.5459556993529,0,2,0,2,0,,[],{},"{'memory': 0, 'structure': 120, 'experiments': 236, 'screening': 101, 'control': 18} mem 24 eng 2"
semi2,SN3,6203,atom,0.422165385368622,197.9204952712791,0,2,0,2,0,,[],,"{'memory': 0, 'structure': 96, 'experiments': 48, 'screening': 8, 'control': 18} mem 24 eng 4"
semi2,SN4,6201,hier,0.20217004060601645,431.5791594076655,0,0,0,0,0,,[],{},"{'memory': 0, 'structure': 120, 'experiments': 167, 'screening': 101, 'control': 18} mem 24 eng 1"
semi2,SN4,6201,atom,0.20217799817774323,200.54438153310085,0,0,0,0,0,,[],,"{'memory': 0, 'structure': 96, 'experiments': 51, 'screening': 8, 'control': 18} mem 24 eng 4"
semi2,SN4,6202,hier,0.19727582388937484,368.9565362120458,0,0,0,0,0,,[],{},"{'memory': 0, 'structure': 120, 'experiments': 105, 'screening': 101, 'control': 18} mem 24 eng 1"
semi2,SN4,6202,atom,0.1972776817329379,199.3740666998505,0,0,0,0,0,,[],,"{'memory': 0, 'structure': 96, 'experiments': 50, 'screening': 8, 'control': 18} mem 24 eng 4"
semi2,SN4,6203,hier,0.2035098676394396,389.2702961672474,0,0,0,0,0,,[],{},"{'memory': 0, 'structure': 120, 'experiments': 125, 'screening': 101, 'control': 18} mem 24 eng 1"
semi2,SN4,6203,atom,0.20351007728927453,199.62990293678428,0,0,0,0,0,,[],,"{'memory': 0, 'structure': 96, 'experiments': 50, 'screening': 8, 'control': 18} mem 24 eng 4"
