suite,task,seed,model,nmse,fp,true_units,n_true,true_exo,n_true_exo,false_exo,first_acc,structure,response,fp_parts,cfg
synth,N1,9101,hier,1.0686106147463932,357.533085,0,0,0,0,0,,[],{},"{'memory': 0, 'structure': 121, 'experiments': 89, 'screening': 105, 'control': 18} mem 24 eng 1",peak
synth,N1,9101,hier,1.0686106147463932,339.02641,0,0,0,0,0,,[],{},"{'memory': 0, 'structure': 121, 'experiments': 71, 'screening': 105, 'control': 18} mem 24 eng 1",peak_w005
synth,N1,9101,hier,1.0686106147463932,315.51721000000003,0,0,0,0,0,,[],{},"{'memory': 0, 'structure': 121, 'experiments': 47, 'screening': 105, 'control': 18} mem 24 eng 1",nopeak_w005
synth,N1,9101,hier,1.0686106147463932,255.70036499999998,0,0,0,0,0,,[],{},"{'memory': 0, 'structure': 121, 'experiments': 40, 'screening': 52, 'control': 18} mem 24 eng 0",peak_w005_lean
synth,N1,9102,hier,1.065639658785735,358.26202,0,0,0,0,0,,[],{},"{'memory': 0, 'structure': 121, 'experiments': 90, 'screening': 105, 'control': 18} mem 24 eng 1",peak
synth,N1,9102,hier,1.065639658785735,343.68034500000005,0,0,0,0,0,,[],{},"{'memory': 0, 'structure': 121, 'experiments': 76, 'screening': 105, 'control': 18} mem 24 eng 1",peak_w005
synth,N1,9102,hier,1.065639658785735,319.248845,0,0,0,0,0,,[],{},"{'memory': 0, 'structure': 121, 'experiments': 51, 'screening': 105, 'control': 18} mem 24 eng 1",nopeak_w005
synth,N1,9102,hier,1.065639658785735,264.553935,0,0,0,0,0,,[],{},"{'memory': 0, 'structure': 121, 'experiments': 49, 'screening': 52, 'control': 18} mem 24 eng 0",peak_w005_lean
synth,N1,9103,hier,1.0713636663941748,344.21918,0,0,0,0,0,,[],{},"{'memory': 0, 'structure': 121, 'experiments': 76, 'screening': 105, 'control': 18} mem 24 eng 1",peak
synth,N1,9103,hier,1.0713636663941748,325.717405,0,0,0,0,0,,[],{},"{'memory': 0, 'structure': 121, 'experiments': 58, 'screening': 105, 'control': 18} mem 24 eng 0",peak_w005
synth,N1,9103,hier,1.0713636663941748,305.795305,0,0,0,0,0,,[],{},"{'memory': 0, 'structure': 121, 'experiments': 38, 'screening': 105, 'control': 18} mem 24 eng 0",nopeak_w005
synth,N1,9103,hier,1.0713636663941748,273.09020499999997,0,0,0,0,0,,[],{},"{'memory': 0, 'structure': 121, 'experiments': 58, 'screening': 52, 'control': 18} mem 24 eng 0",peak_w005_lean
synth,N2,9101,hier,1.0980967933729648,338.49725500000005,0,0,0,0,0,,[],{},"{'memory': 0, 'structure': 116, 'experiments': 92, 'screening': 88, 'control': 18} mem 24 eng 1",peak
synth,N2,9101,hier,1.0980967933729648,305.800275,0,0,0,0,0,,[],{},"{'memory': 0, 'structure': 116, 'experiments': 60, 'screening': 88, 'control': 18} mem 24 eng 1",peak_w005
synth,N2,9101,hier,1.0980967933729648,287.685175,0,0,0,0,0,,[],{},"{'memory': 0, 'structure': 116, 'experiments': 42, 'screening': 88, 'control': 18} mem 24 eng 1",nopeak_w005
synth,N2,9101,hier,1.0980967933729648,238.368465,0,0,0,0,0,,[],{},"{'memory': 0, 'structure': 116, 'experiments': 37, 'screening': 44, 'control': 18} mem 24 eng 0",peak_w005_lean
synth,N2,9102,hier,1.115334517414157,339.486685,0,0,0,0,0,,[],{},"{'memory': 0, 'structure': 116, 'experiments': 94, 'screening': 88, 'control': 18} mem 24 eng 1",peak
synth,N2,9102,hier,1.115334517414157,281.794465,0,0,0,0,0,,[],{},"{'memory': 0, 'structure': 116, 'experiments': 36, 'screening': 88, 'control': 18} mem 24 eng 0",peak_w005
synth,N2,9102,hier,1.115334517414157,269.636165,0,0,0,0,0,,[],{},"{'memory': 0, 'structure': 116, 'experiments': 24, 'screening': 88, 'control': 18} mem 24 eng 0",nopeak_w005
synth,N2,9102,hier,1.115334517414157,223.930925,0,0,0,0,0,,[],{},"{'memory': 0, 'structure': 116, 'experiments': 23, 'screening': 44, 'control': 18} mem 24 eng 0",peak_w005_lean
synth,N2,9103,hier,1.2787629119434833,329.092885,0,0,0,0,0,,[],{},"{'memory': 0, 'structure': 116, 'experiments': 82, 'screening': 89, 'control': 18} mem 24 eng 1",peak
synth,N2,9103,hier,1.2787629119434833,288.246635,0,0,0,0,0,,[],{},"{'memory': 0, 'structure': 116, 'experiments': 41, 'screening': 89, 'control': 18} mem 24 eng 0",peak_w005
synth,N2,9103,hier,1.2787629119434833,275.28803500000004,0,0,0,0,0,,[],{},"{'memory': 0, 'structure': 116, 'experiments': 28, 'screening': 89, 'control': 18} mem 24 eng 0",nopeak_w005
synth,N2,9103,hier,1.2787629119434833,220.910825,0,0,0,0,0,,[],{},"{'memory': 0, 'structure': 116, 'experiments': 19, 'screening': 44, 'control': 18} mem 24 eng 0",peak_w005_lean
synth,T1,9101,hier,0.6496711651859591,444.053635,1,1,1,1,0,830.0,"[('in', 1)]","{('in', 1): [((1, 1), -0.15), ((2, 3), -0.0), ((4, 7), 0.05), ((8, 15), -0.01), ((16, 31), 0.01), ((3, 3), 0.85)]}","{'memory': 0, 'structure': 186, 'experiments': 97, 'screening': 118, 'control': 18} mem 24 eng 1",peak
synth,T1,9101,hier,0.6496711651859591,412.843455,1,1,1,1,0,830.0,"[('in', 1)]","{('in', 1): [((1, 1), -0.15), ((2, 3), -0.0), ((4, 7), 0.05), ((8, 15), -0.01), ((16, 31), 0.01), ((3, 3), 0.85)]}","{'memory': 0, 'structure': 186, 'experiments': 66, 'screening': 118, 'control': 18} mem 24 eng 1",peak_w005
synth,T1,9101,hier,0.6489959522008372,395.70844500000004,1,1,1,1,0,3630.0,"[('in', 1)]","{('in', 1): [((1, 1), -0.15), ((2, 2), 0.1), ((3, 3), 0.79), ((4, 7), 0.04), ((8, 15), -0.01), ((16, 31), 0.01)]}","{'memory': 0, 'structure': 175, 'experiments': 65, 'screening': 114, 'control': 18} mem 24 eng 1",nopeak_w005
synth,T1,9101,hier,0.6496720027984849,328.87821,1,1,1,1,0,1040.0,"[('in', 1)]","{('in', 1): [((1, 1), -0.15), ((2, 3), -0.0), ((4, 7), 0.05), ((8, 15), -0.01), ((16, 31), 0.01), ((3, 3), 0.85)]}","{'memory': 0, 'structure': 185, 'experiments': 42, 'screening': 59, 'control': 18} mem 24 eng 1",peak_w005_lean
synth,T1,9102,hier,0.6543038786917297,438.587905,1,1,1,1,0,1370.0,"[('in', 1)]","{('in', 1): [((1, 1), -0.05), ((2, 3), -0.01), ((4, 7), 0.01), ((8, 15), -0.01), ((16, 31), -0.0), ((3, 3), 0.66)]}","{'memory': 0, 'structure': 184, 'experiments': 94, 'screening': 118, 'control': 18} mem 24 eng 1",peak
synth,T1,9102,hier,0.6543025350495799,411.38527999999997,1,1,1,1,0,1130.0,"[('in', 1)]","{('in', 1): [((1, 1), -0.05), ((2, 3), -0.01), ((4, 7), 0.01), ((8, 15), -0.01), ((16, 31), -0.0), ((3, 3), 0.66)]}","{'memory': 0, 'structure': 185, 'experiments': 66, 'screening': 118, 'control': 18} mem 24 eng 1",peak_w005
synth,T1,9102,hier,0.6542626596047462,391.09238,1,1,1,1,0,1900.0,"[('in', 1)]","{('in', 1): [((1, 1), -0.04), ((2, 2), 0.04), ((3, 3), 0.69), ((4, 7), 0.01), ((8, 15), -0.01), ((16, 31), -0.0)]}","{'memory': 0, 'structure': 180, 'experiments': 54, 'screening': 115, 'control': 18} mem 24 eng 1",nopeak_w005
synth,T1,9102,hier,0.6543045995872565,333.29517999999996,1,1,1,1,0,1750.0,"[('in', 1)]","{('in', 1): [((1, 1), -0.05), ((2, 3), -0.01), ((4, 7), 0.01), ((8, 15), -0.01), ((16, 31), -0.0), ((3, 3), 0.66)]}","{'memory': 0, 'structure': 183, 'experiments': 49, 'screening': 59, 'control': 18} mem 24 eng 1",peak_w005_lean
synth,T1,9103,hier,0.6470177189448543,411.892695,1,1,1,1,0,3300.0,"[('in', 1)]","{('in', 1): [((1, 1), -0.04), ((2, 3), 0.06), ((4, 7), -0.04), ((8, 15), -0.01), ((16, 31), -0.0), ((3, 3), 0.84)]}","{'memory': 0, 'structure': 178, 'experiments': 75, 'screening': 117, 'control': 18} mem 24 eng 1",peak
synth,T1,9103,hier,0.6470176686740262,410.84269,1,1,1,1,0,3270.0,"[('in', 1)]","{('in', 1): [((1, 1), -0.04), ((2, 3), 0.06), ((4, 7), -0.04), ((8, 15), -0.01), ((16, 31), -0.0), ((3, 3), 0.84)]}","{'memory': 0, 'structure': 178, 'experiments': 74, 'screening': 117, 'control': 18} mem 24 eng 1",peak_w005
synth,T1,9103,hier,0.646606944961946,386.582285,1,1,1,1,0,4060.0,"[('in', 1)]","{('in', 1): [((1, 1), -0.03), ((2, 2), 0.02), ((3, 3), 0.89), ((4, 7), -0.03), ((8, 15), -0.01), ((16, 31), -0.01)]}","{'memory': 0, 'structure': 173, 'experiments': 57, 'screening': 114, 'control': 18} mem 24 eng 1",nopeak_w005
synth,T1,9103,hier,0.6470238294025975,340.42222999999996,1,1,1,1,0,1170.0,"[('in', 1)]","{('in', 1): [((1, 1), -0.04), ((2, 3), 0.06), ((4, 7), -0.04), ((8, 15), -0.01), ((16, 31), -0.0), ((3, 3), 0.84)]}","{'memory': 0, 'structure': 185, 'experiments': 54, 'screening': 59, 'control': 18} mem 24 eng 1",peak_w005_lean
synth,B1,9101,hier,0.6437425343995509,422.77515,1,1,1,1,0,4000.0,"[('in', 1)]","{('in', 1): [((1, 1), -0.03), ((2, 3), 0.01), ((4, 7), -0.02), ((8, 15), 0.01), ((16, 31), 0.01), ((12, 12), 0.69)]}","{'memory': 0, 'structure': 177, 'experiments': 87, 'screening': 116, 'control': 18} mem 24 eng 1",peak
synth,B1,9101,hier,0.6437002062799907,421.45779500000003,1,1,1,1,0,1040.0,"[('in', 1)]","{('in', 1): [((1, 1), -0.03), ((2, 3), 0.01), ((4, 7), -0.02), ((8, 15), 0.01), ((16, 31), 0.01), ((12, 12), 0.69)]}","{'memory': 0, 'structure': 187, 'experiments': 73, 'screening': 118, 'control': 18} mem 24 eng 1",peak_w005
synth,B1,9101,hier,1.0675792557140344,402.975735,0,1,0,1,0,,[],{},"{'memory': 0, 'structure': 121, 'experiments': 134, 'screening': 105, 'control': 18} mem 24 eng 2",nopeak_w005
synth,B1,9101,hier,0.6437006732243468,354.03379,1,1,1,1,0,1040.0,"[('in', 1)]","{('in', 1): [((1, 1), -0.03), ((2, 3), 0.01), ((4, 7), -0.02), ((8, 15), 0.01), ((16, 31), 0.01), ((12, 12), 0.69)]}","{'memory': 0, 'structure': 187, 'experiments': 65, 'screening': 59, 'control': 18} mem 24 eng 1",peak_w005_lean
synth,B1,9102,hier,0.6432801256255205,429.31354500000003,1,1,1,1,0,2570.0,"[('in', 1)]","{('in', 1): [((1, 1), 0.1), ((2, 3), -0.1), ((4, 7), 0.0), ((8, 15), 0.01), ((16, 31), -0.0), ((12, 12), 0.9)]}","{'memory': 0, 'structure': 182, 'experiments': 87, 'screening': 117, 'control': 18} mem 24 eng 1",peak
synth,B1,9102,hier,0.643279532040974,400.5153,1,1,1,1,0,1440.0,"[('in', 1)]","{('in', 1): [((1, 1), 0.1), ((2, 3), -0.1), ((4, 7), 0.0), ((8, 15), 0.01), ((16, 31), -0.0), ((12, 12), 0.9)]}","{'memory': 0, 'structure': 186, 'experiments': 54, 'screening': 118, 'control': 18} mem 24 eng 1",peak_w005
synth,B1,9102,hier,1.0705598109848273,406.12365,0,1,0,1,0,,[],{},"{'memory': 0, 'structure': 121, 'experiments': 137, 'screening': 105, 'control': 18} mem 24 eng 2",nopeak_w005
synth,B1,9102,hier,0.6432798136949099,327.43195499999996,1,1,1,1,0,1850.0,"[('in', 1)]","{('in', 1): [((1, 1), 0.1), ((2, 3), -0.1), ((4, 7), 0.0), ((8, 15), 0.01), ((16, 31), -0.0), ((12, 12), 0.9)]}","{'memory': 0, 'structure': 185, 'experiments': 42, 'screening': 59, 'control': 18} mem 24 eng 1",peak_w005_lean
synth,B1,9103,hier,0.6504946549415951,423.7721,1,1,1,1,0,2820.0,"[('in', 1)]","{('in', 1): [((1, 1), 0.12), ((2, 3), 0.0), ((4, 7), -0.01), ((8, 15), -0.02), ((16, 31), 0.0), ((12, 12), 0.84)]}","{'memory': 0, 'structure': 181, 'experiments': 83, 'screening': 117, 'control': 18} mem 24 eng 1",peak
synth,B1,9103,hier,0.6505126983372322,411.13743999999997,1,1,1,1,0,1530.0,"[('in', 1)]","{('in', 1): [((1, 1), 0.12), ((2, 3), 0.0), ((4, 7), -0.01), ((8, 15), -0.02), ((16, 31), 0.0), ((12, 12), 0.84)]}","{'memory': 0, 'structure': 186, 'experiments': 65, 'screening': 118, 'control': 18} mem 24 eng 1",peak_w005
synth,B1,9103,hier,1.0492546021541962,440.67915999999997,1,1,1,1,0,15230.0,"[('in', 1)]","{('in', 1): [((1, 1), 0.16), ((2, 3), -0.01), ((4, 7), -0.0), ((8, 15), 0.09), ((16, 31), -0.0)]}","{'memory': 0, 'structure': 136, 'experiments': 153, 'screening': 108, 'control': 18} mem 24 eng 2",nopeak_w005
synth,B1,9103,hier,0.6505106079434717,334.68527,1,1,1,1,0,1210.0,"[('in', 1)]","{('in', 1): [((1, 1), 0.12), ((2, 3), 0.0), ((4, 7), -0.01), ((8, 15), -0.02), ((16, 31), 0.0), ((12, 12), 0.84)]}","{'memory': 0, 'structure': 187, 'experiments': 47, 'screening': 59, 'control': 18} mem 24 eng 1",peak_w005_lean
synth,B2,9101,hier,0.4628802121488429,613.50079,3,3,3,3,0,1470.0,"[('in', 0), ('in', 2), ('in', 4)]","{('in', 0): [((1, 1), -0.09), ((2, 3), 0.01), ((4, 7), 0.0), ((8, 15), 0.0), ((16, 31), 0.0), ((3, 3), 0.81)], ('in', 2): [((1, 1), 0.05), ((2, 3), -0.04), ((4, 7), -0.0), ((8, 15), -0.01), ((16, 31), 0.0), ((7, 7), 0.6)], ('in', 4): [((1, 1), 0.07), ((2, 3), 0.02), ((4, 7), -0.01), ((8, 15), 0.01), ((16, 31), -0.0), ((20, 20), 0.43)]}","{'memory': 0, 'structure': 301, 'experiments': 127, 'screening': 141, 'control': 18} mem 24 eng 2",peak
synth,B2,9101,hier,0.4628767679059175,584.687895,3,3,3,3,0,1470.0,"[('in', 0), ('in', 2), ('in', 4)]","{('in', 0): [((1, 1), -0.09), ((2, 3), 0.01), ((4, 7), 0.0), ((8, 15), 0.0), ((16, 31), 0.0), ((3, 3), 0.81)], ('in', 2): [((1, 1), 0.05), ((2, 3), -0.04), ((4, 7), -0.0), ((8, 15), -0.01), ((16, 31), 0.0), ((7, 7), 0.6)], ('in', 4): [((1, 1), 0.07), ((2, 3), 0.02), ((4, 7), -0.01), ((8, 15), 0.01), ((16, 31), -0.0), ((20, 20), 0.43)]}","{'memory': 0, 'structure': 301, 'experiments': 99, 'screening': 141, 'control': 18} mem 24 eng 2",peak_w005
synth,B2,9101,hier,0.6652847747594327,534.63058,2,3,2,3,0,2600.0,"[('in', 0), ('in', 2)]","{('in', 0): [((1, 1), -0.12), ((2, 2), -0.03), ((3, 3), 0.86), ((4, 7), 0.0), ((8, 15), 0.0), ((16, 31), 0.0)], ('in', 2): [((1, 1), 0.01), ((2, 3), -0.04), ((4, 5), 0.01), ((6, 6), 0.02), ((7, 7), 0.61), ((8, 15), -0.0), ((16, 31), 0.0)]}","{'memory': 0, 'structure': 221, 'experiments': 147, 'screening': 123, 'control': 18} mem 24 eng 3",nopeak_w005
synth,B2,9101,hier,0.462960489604575,481.79031,3,3,3,3,0,1470.0,"[('in', 0), ('in', 2), ('in', 4)]","{('in', 0): [((1, 1), -0.09), ((2, 3), 0.01), ((4, 7), 0.0), ((8, 15), 0.0), ((16, 31), 0.0), ((3, 3), 0.81)], ('in', 2): [((1, 1), 0.05), ((2, 3), -0.04), ((4, 7), -0.0), ((8, 15), -0.01), ((16, 31), 0.0), ((7, 7), 0.6)], ('in', 4): [((1, 1), 0.07), ((2, 3), 0.02), ((4, 7), -0.01), ((8, 15), 0.01), ((16, 31), -0.0), ((20, 20), 0.43)]}","{'memory': 0, 'structure': 293, 'experiments': 76, 'screening': 70, 'control': 18} mem 24 eng 1",peak_w005_lean
synth,B2,9102,hier,0.46789226707517123,596.07642,3,3,3,3,0,1540.0,"[('in', 0), ('in', 2), ('in', 4)]","{('in', 0): [((1, 1), -0.04), ((2, 3), -0.01), ((4, 7), -0.01), ((8, 15), 0.02), ((16, 31), -0.01), ((3, 3), 0.81)], ('in', 2): [((1, 1), 0.0), ((2, 3), 0.02), ((4, 7), -0.01), ((8, 15), 0.01), ((16, 31), 0.0), ((7, 7), 0.73)], ('in', 4): [((1, 1), -0.07), ((2, 3), -0.03), ((4, 7), -0.01), ((8, 15), -0.0), ((16, 31), -0.0), ((20, 20), 0.55)]}","{'memory': 0, 'structure': 293, 'experiments': 120, 'screening': 140, 'control': 18} mem 24 eng 2",peak
synth,B2,9102,hier,0.48597210571703015,551.0423,3,3,3,3,0,1430.0,"[('in', 0), ('in', 2), ('in', 4)]","{('in', 0): [((1, 1), -0.04), ((2, 3), -0.01), ((4, 7), -0.01), ((8, 15), 0.02), ((16, 31), -0.01), ((3, 3), 0.81)], ('in', 2): [((1, 1), 0.0), ((2, 3), 0.02), ((4, 7), -0.01), ((8, 15), 0.01), ((16, 31), 0.0), ((7, 7), 0.73)], ('in', 4): [((1, 1), -0.07), ((2, 3), -0.03), ((4, 7), -0.01), ((8, 15), -0.0), ((16, 31), -0.0), ((20, 20), 0.55)]}","{'memory': 0, 'structure': 290, 'experiments': 79, 'screening': 139, 'control': 18} mem 24 eng 2",peak_w005
synth,B2,9102,hier,0.7594489282480676,489.378025,2,3,2,3,0,1930.0,"[('in', 0), ('in', 2)]","{('in', 0): [((1, 1), -0.08), ((2, 2), 0.12), ((3, 3), 0.76), ((4, 7), -0.04), ((8, 15), 0.02), ((16, 31), -0.01)], ('in', 2): [((1, 1), -0.06), ((2, 3), 0.03), ((4, 7), 0.14), ((8, 15), 0.01), ((16, 31), 0.0)]}","{'memory': 0, 'structure': 185, 'experiments': 145, 'screening': 116, 'control': 18} mem 24 eng 2",nopeak_w005
synth,B2,9102,hier,0.49213515657905327,456.58250499999997,3,3,3,3,0,1640.0,"[('in', 0), ('in', 2), ('in', 4)]","{('in', 0): [((1, 1), -0.04), ((2, 3), -0.01), ((4, 7), -0.01), ((8, 15), 0.02), ((16, 31), -0.01), ((3, 3), 0.81)], ('in', 2): [((1, 1), 0.0), ((2, 3), 0.02), ((4, 7), -0.01), ((8, 15), 0.01), ((16, 31), 0.0), ((7, 7), 0.73)], ('in', 4): [((1, 1), -0.07), ((2, 3), -0.03), ((4, 7), -0.01), ((8, 15), -0.0), ((16, 31), -0.0), ((20, 20), 0.55)]}","{'memory': 0, 'structure': 280, 'experiments': 65, 'screening': 69, 'control': 18} mem 24 eng 1",peak_w005_lean
synth,B2,9103,hier,0.4712189300791557,601.32133,3,3,3,3,0,960.0,"[('in', 0), ('in', 2), ('in', 4)]","{('in', 0): [((1, 1), 0.04), ((2, 3), -0.0), ((4, 7), -0.0), ((8, 15), 0.0), ((16, 31), 0.0), ((3, 3), 0.85)], ('in', 4): [((1, 1), -0.1), ((2, 3), 0.01), ((4, 7), 0.02), ((8, 15), -0.0), ((16, 31), -0.0), ((20, 20), 0.53)], ('in', 2): [((1, 1), -0.0), ((2, 3), -0.02), ((4, 7), -0.0), ((8, 15), 0.01), ((16, 31), 0.0), ((7, 7), 0.51)]}","{'memory': 0, 'structure': 303, 'experiments': 113, 'screening': 142, 'control': 18} mem 24 eng 2",peak
synth,B2,9103,hier,0.4852119762276637,553.2826200000001,3,3,3,3,0,960.0,"[('in', 0), ('in', 2), ('in', 4)]","{('in', 0): [((1, 1), 0.04), ((2, 3), -0.0), ((4, 7), -0.0), ((8, 15), 0.0), ((16, 31), 0.0), ((3, 3), 0.85)], ('in', 2): [((1, 1), -0.0), ((2, 3), -0.02), ((4, 7), -0.0), ((8, 15), 0.01), ((16, 31), 0.0), ((7, 7), 0.51)], ('in', 4): [((1, 1), -0.1), ((2, 3), 0.01), ((4, 7), 0.02), ((8, 15), -0.0), ((16, 31), -0.0), ((20, 20), 0.53)]}","{'memory': 0, 'structure': 292, 'experiments': 78, 'screening': 140, 'control': 18} mem 24 eng 2",peak_w005
synth,B2,9103,hier,0.7159326349836292,515.115815,2,3,2,3,0,1600.0,"[('in', 0), ('in', 2)]","{('in', 0): [((1, 1), 0.05), ((2, 2), -0.07), ((3, 3), 0.82), ((4, 7), -0.01), ((8, 15), 0.0), ((16, 31), 0.0)], ('in', 2): [((1, 1), -0.06), ((2, 3), -0.02), ((4, 5), -0.02), ((6, 6), 0.07), ((7, 7), 0.45), ((8, 15), 0.01), ((16, 31), 0.0)]}","{'memory': 0, 'structure': 210, 'experiments': 139, 'screening': 121, 'control': 18} mem 24 eng 3",nopeak_w005
synth,B2,9103,hier,0.48500418812726637,462.079945,3,3,3,3,0,1190.0,"[('in', 0), ('in', 2), ('in', 4)]","{('in', 0): [((1, 1), 0.04), ((2, 3), -0.0), ((4, 7), -0.0), ((8, 15), 0.0), ((16, 31), 0.0), ((3, 3), 0.85)], ('in', 2): [((1, 1), -0.0), ((2, 3), -0.02), ((4, 7), -0.0), ((8, 15), 0.01), ((16, 31), 0.0), ((7, 7), 0.51)], ('in', 4): [((1, 1), -0.1), ((2, 3), 0.01), ((4, 7), 0.02), ((8, 15), -0.0), ((16, 31), -0.0), ((20, 20), 0.53)]}","{'memory': 0, 'structure': 286, 'experiments': 64, 'screening': 69, 'control': 18} mem 24 eng 1",peak_w005_lean
synth,B3,9101,hier,0.3982039210396458,616.7561450000001,2,3,2,2,0,1160.0,"[('in', 0), ('in', 3)]","{('in', 3): [((1, 1), -0.09), ((2, 3), -0.06), ((4, 7), -0.02), ((8, 15), -0.08), ((16, 31), -0.0), ((12, 12), 1.15)], ('in', 0): [((1, 1), 0.31), ((2, 3), 0.19), ((4, 7), 0.16), ((8, 15), 0.03), ((16, 31), 0.01), ((5, 5), 0.06)]}","{'memory': 0, 'structure': 202, 'experiments': 249, 'screening': 121, 'control': 18} mem 24 eng 3",peak
synth,B3,9101,hier,0.3940508616400633,653.57895,1,3,1,2,0,1530.0,"[('in', 3), ('in', 5)]","{('in', 3): [((1, 1), -0.07), ((2, 3), -0.06), ((4, 7), 0.01), ((8, 15), -0.09), ((16, 31), 0.01), ((12, 12), 1.12)], ('in', 5): [((1, 1), 0.5), ((2, 3), 0.07), ((4, 7), -0.02), ((8, 15), -0.02), ((16, 31), -0.01), ((15, 15), 0.03)]}","{'memory': 0, 'structure': 207, 'experiments': 279, 'screening': 122, 'control': 18} mem 24 eng 3",peak_w005
synth,B3,9101,hier,0.560939751279172,500.76371500000005,0,3,0,2,0,,[],{},"{'memory': 0, 'structure': 121, 'experiments': 231, 'screening': 105, 'control': 18} mem 24 eng 3",nopeak_w005
synth,B3,9101,hier,0.4064029692956009,511.76675,1,3,1,2,0,2180.0,"[('in', 3)]","{('in', 3): [((1, 1), -0.11), ((2, 3), -0.05), ((4, 7), 0.01), ((8, 15), -0.07), ((16, 31), 0.01), ((12, 12), 1.15)]}","{'memory': 0, 'structure': 183, 'experiments': 226, 'screening': 59, 'control': 18} mem 24 eng 2",peak_w005_lean
synth,B3,9102,hier,0.3969351235994934,613.99248,1,3,1,2,0,4500.0,"[('in', 3), ('in', 5)]","{('in', 3): [((1, 1), -0.1), ((2, 3), 0.11), ((4, 7), 0.01), ((8, 15), -0.08), ((16, 31), 0.01), ((12, 12), 1.24)], ('in', 5): [((1, 1), 0.46), ((2, 3), 0.04), ((4, 7), 0.01), ((8, 15), -0.02), ((16, 31), -0.0), ((12, 12), 0.2)]}","{'memory': 0, 'structure': 176, 'experiments': 277, 'screening': 116, 'control': 18} mem 24 eng 3",peak
synth,B3,9102,hier,0.3780431623305028,557.5578849999999,1,3,1,2,0,4590.0,"[('in', 3), ('in', 5)]","{('in', 3): [((1, 1), -0.08), ((2, 3), 0.12), ((4, 7), 0.01), ((8, 15), -0.09), ((16, 31), 0.01), ((12, 12), 1.25)], ('in', 5): [((1, 1), 0.43), ((2, 3), -0.08), ((4, 7), 0.03), ((8, 15), -0.01), ((16, 31), -0.01), ((2, 2), 0.21)]}","{'memory': 0, 'structure': 209, 'experiments': 182, 'screening': 123, 'control': 18} mem 24 eng 3",peak_w005
synth,B3,9102,hier,0.5431040171530751,503.601155,0,3,0,2,0,,[],{},"{'memory': 0, 'structure': 121, 'experiments': 233, 'screening': 105, 'control': 18} mem 24 eng 3",nopeak_w005
synth,B3,9102,hier,0.3974117912939552,497.88640499999997,1,3,1,2,0,2050.0,"[('in', 3)]","{('in', 3): [((1, 1), -0.08), ((2, 3), 0.14), ((4, 7), 0.03), ((8, 15), -0.08), ((16, 31), 0.01), ((12, 12), 1.25)]}","{'memory': 0, 'structure': 184, 'experiments': 212, 'screening': 59, 'control': 18} mem 24 eng 2",peak_w005_lean
synth,B3,9103,hier,0.399174646609381,550.5758400000001,1,3,1,2,0,1190.0,"[('in', 3), ('in', 5)]","{('in', 3): [((1, 1), 0.17), ((2, 3), -0.09), ((4, 7), -0.01), ((8, 15), -0.12), ((16, 31), 0.01), ((12, 12), 1.26)], ('in', 5): [((1, 1), 0.57), ((2, 3), 0.16), ((4, 7), -0.05), ((8, 15), -0.01), ((16, 31), 0.0), ((30, 30), 0.07)]}","{'memory': 0, 'structure': 205, 'experiments': 180, 'screening': 122, 'control': 18} mem 24 eng 2",peak
synth,B3,9103,hier,0.41186941192141024,596.56843,1,3,1,2,0,1190.0,"[('in', 3)]","{('in', 3): [((1, 1), 0.22), ((2, 3), -0.05), ((4, 7), 0.01), ((8, 15), -0.1), ((16, 31), 0.01), ((12, 12), 1.28)]}","{'memory': 0, 'structure': 187, 'experiments': 247, 'screening': 118, 'control': 18} mem 24 eng 3",peak_w005
synth,B3,9103,hier,0.5678608030874555,434.604025,0,3,0,2,0,,[],{},"{'memory': 0, 'structure': 121, 'experiments': 165, 'screening': 105, 'control': 18} mem 24 eng 2",nopeak_w005
synth,B3,9103,hier,0.40312581392079033,430.44102999999996,1,3,1,2,0,2080.0,"[('in', 3), ('in', 5)]","{('in', 3): [((1, 1), 0.17), ((2, 3), -0.11), ((4, 7), -0.01), ((8, 15), -0.12), ((16, 31), 0.01), ((12, 12), 1.28)], ('in', 5): [((1, 1), 0.55), ((2, 3), 0.16), ((4, 7), -0.05), ((8, 15), -0.01), ((16, 31), 0.0)]}","{'memory': 0, 'structure': 195, 'experiments': 132, 'screening': 60, 'control': 18} mem 24 eng 2",peak_w005_lean
semi,SS0,6101,hier,1.0638204324906346,384.43066202090597,0,0,0,0,0,,[],{},"{'memory': 0, 'structure': 120, 'experiments': 121, 'screening': 101, 'control': 18} mem 24 eng 1",peak
semi,SS0,6101,hier,1.0638204324906346,402.0844823295172,0,0,0,0,0,,[],{},"{'memory': 0, 'structure': 120, 'experiments': 138, 'screening': 101, 'control': 18} mem 24 eng 1",peak_w005
semi,SS0,6101,hier,1.0638204324906346,387.1977818566451,0,0,0,0,0,,[],{},"{'memory': 0, 'structure': 120, 'experiments': 123, 'screening': 101, 'control': 18} mem 24 eng 2",nopeak_w005
semi,SS0,6101,hier,1.0638204324906346,264.94328646092583,0,0,0,0,0,,[],{},"{'memory': 0, 'structure': 120, 'experiments': 52, 'screening': 51, 'control': 18} mem 24 eng 1",peak_w005_lean
semi,SS0,6102,hier,1.0690291638679352,415.0678975858636,0,0,0,0,0,,[],{},"{'memory': 0, 'structure': 120, 'experiments': 151, 'screening': 101, 'control': 18} mem 24 eng 1",peak
semi,SS0,6102,hier,1.0690291638679352,431.35359320557495,0,0,0,0,0,,[],{},"{'memory': 0, 'structure': 120, 'experiments': 167, 'screening': 101, 'control': 18} mem 24 eng 2",peak_w005
semi,SS0,6102,hier,1.0690291638679352,374.29087854654057,0,0,0,0,0,,[],{},"{'memory': 0, 'structure': 120, 'experiments': 110, 'screening': 101, 'control': 18} mem 24 eng 2",nopeak_w005
semi,SS0,6102,hier,1.0690291638679352,343.4986156047785,0,0,0,0,0,,[],{},"{'memory': 0, 'structure': 120, 'experiments': 130, 'screening': 51, 'control': 18} mem 24 eng 1",peak_w005_lean
semi,SS0,6103,hier,1.0643652248557203,402.46489858138375,0,0,0,0,0,,[],{},"{'memory': 0, 'structure': 120, 'experiments': 138, 'screening': 101, 'control': 18} mem 24 eng 1",peak
semi,SS0,6103,hier,1.0643652248557203,384.4973276505724,0,0,0,0,0,,[],{},"{'memory': 0, 'structure': 120, 'experiments': 121, 'screening': 101, 'control': 18} mem 24 eng 1",peak_w005
semi,SS0,6103,hier,1.0643652248557203,373.0191233200597,0,0,0,0,0,,[],{},"{'memory': 0, 'structure': 120, 'experiments': 109, 'screening': 101, 'control': 18} mem 24 eng 2",nopeak_w005
semi,SS0,6103,hier,1.0643652248557203,263.19799651567945,0,0,0,0,0,,[],{},"{'memory': 0, 'structure': 120, 'experiments': 51, 'screening': 51, 'control': 18} mem 24 eng 1",peak_w005_lean
semi,SS1,6101,hier,0.6427866584444731,471.03423344947737,0,1,0,1,0,,[],{},"{'memory': 0, 'structure': 120, 'experiments': 206, 'screening': 101, 'control': 18} mem 24 eng 2",peak
semi,SS1,6101,hier,0.6427866584444731,463.38862929318066,0,1,0,1,0,,[],{},"{'memory': 0, 'structure': 120, 'experiments': 199, 'screening': 101, 'control': 18} mem 24 eng 2",peak_w005
semi,SS1,6101,hier,0.6427866584444731,409.90741973618714,0,1,0,1,0,,[],{},"{'memory': 0, 'structure': 120, 'experiments': 145, 'screening': 101, 'control': 18} mem 24 eng 2",nopeak_w005
semi,SS1,6101,hier,0.6427866584444731,319.6789447486312,0,1,0,1,0,,[],{},"{'memory': 0, 'structure': 120, 'experiments': 106, 'screening': 51, 'control': 18} mem 24 eng 1",peak_w005_lean
semi,SS1,6102,hier,0.6494456091920658,513.9565953210553,1,1,1,1,0,24120.0,"[('in', 1)]","{('in', 1): [((1, 1), -0.17), ((2, 3), 0.38), ((4, 7), 0.0), ((8, 15), 0.02), ((16, 31), 0.0), ((3, 3), 0.19)]}","{'memory': 0, 'structure': 137, 'experiments': 229, 'screening': 105, 'control': 18} mem 24 eng 2",peak
semi,SS1,6102,hier,0.6543225306465388,485.9216898954704,0,1,0,1,0,,[],{},"{'memory': 0, 'structure': 120, 'experiments': 221, 'screening': 101, 'control': 18} mem 24 eng 2",peak_w005
semi,SS1,6102,hier,0.6543225306465388,428.14120209059234,0,1,0,1,0,,[],{},"{'memory': 0, 'structure': 120, 'experiments': 163, 'screening': 101, 'control': 18} mem 24 eng 2",nopeak_w005
semi,SS1,6102,hier,0.6543225306465388,277.48422411647584,0,1,0,1,0,,[],{},"{'memory': 0, 'structure': 120, 'experiments': 65, 'screening': 51, 'control': 18} mem 24 eng 1",peak_w005_lean
semi,SS1,6103,hier,0.6532812919150666,424.99030923344947,0,1,0,1,0,,[],{},"{'memory': 0, 'structure': 120, 'experiments': 161, 'screening': 101, 'control': 18} mem 24 eng 2",peak
semi,SS1,6103,hier,0.6532812919150666,405.72910652065707,0,1,0,1,0,,[],{},"{'memory': 0, 'structure': 120, 'experiments': 142, 'screening': 101, 'control': 18} mem 24 eng 1",peak_w005
semi,SS1,6103,hier,0.6532812919150666,365.7164136386262,0,1,0,1,0,,[],{},"{'memory': 0, 'structure': 120, 'experiments': 102, 'screening': 101, 'control': 18} mem 24 eng 1",nopeak_w005
semi,SS1,6103,hier,0.6532812919150666,279.6068130910901,0,1,0,1,0,,[],{},"{'memory': 0, 'structure': 120, 'experiments': 67, 'screening': 51, 'control': 18} mem 24 eng 1",peak_w005_lean
semi,SS2,6101,hier,0.32467075469546647,579.611037829766,1,3,1,3,0,8070.0,"[('in', 0)]","{('in', 0): [((1, 1), -0.25), ((2, 3), 0.48), ((4, 7), 0.02), ((8, 15), 0.01), ((16, 31), -0.02)]}","{'memory': 0, 'structure': 166, 'experiments': 258, 'screening': 112, 'control': 18} mem 24 eng 3",peak
semi,SS2,6101,hier,0.33834701743202933,470.0754510950722,0,3,0,3,0,,[],{},"{'memory': 0, 'structure': 120, 'experiments': 205, 'screening': 101, 'control': 18} mem 24 eng 2",peak_w005
semi,SS2,6101,hier,0.33834701743202933,412.8763470632156,0,3,0,3,0,,[],{},"{'memory': 0, 'structure': 120, 'experiments': 148, 'screening': 101, 'control': 18} mem 24 eng 2",nopeak_w005
semi,SS2,6101,hier,0.33834701743202933,329.2688339970135,0,3,0,3,0,,[],{},"{'memory': 0, 'structure': 120, 'experiments': 116, 'screening': 51, 'control': 18} mem 24 eng 1",peak_w005_lean
semi,SS2,6102,hier,0.32740717159987237,522.2199321801892,1,3,1,3,0,6340.0,"[('in', 0)]","{('in', 0): [((1, 1), 0.02), ((2, 3), 0.1), ((4, 7), -0.02), ((8, 15), 0.03), ((16, 31), -0.02), ((3, 3), 0.54)]}","{'memory': 0, 'structure': 174, 'experiments': 192, 'screening': 113, 'control': 18} mem 24 eng 2",peak
semi,SS2,6102,hier,0.3447797792400979,466.5798344947735,0,3,0,3,0,,[],{},"{'memory': 0, 'structure': 120, 'experiments': 202, 'screening': 101, 'control': 18} mem 24 eng 2",peak_w005
semi,SS2,6102,hier,0.3447797792400979,412.94591525634644,0,3,0,3,0,,[],{},"{'memory': 0, 'structure': 120, 'experiments': 148, 'screening': 101, 'control': 18} mem 24 eng 2",nopeak_w005
semi,SS2,6102,hier,0.3447797792400979,342.0752706570433,0,3,0,3,0,,[],{},"{'memory': 0, 'structure': 120, 'experiments': 129, 'screening': 51, 'control': 18} mem 24 eng 1",peak_w005_lean
semi,SS2,6103,hier,0.3221280493187302,588.344393977103,2,3,2,3,0,8610.0,"[('in', 0), ('in', 4)]","{('in', 0): [((1, 1), -0.01), ((2, 3), -0.04), ((4, 7), -0.02), ((8, 15), 0.05), ((16, 31), -0.01), ((3, 3), 0.9)], ('in', 4): [((1, 1), 0.08), ((2, 3), 0.01), ((4, 7), -0.0), ((8, 15), -0.0), ((16, 31), -0.0), ((20, 20), 0.72)]}","{'memory': 0, 'structure': 181, 'experiments': 249, 'screening': 114, 'control': 18} mem 24 eng 3",peak
semi,SS2,6103,hier,0.3293213064376987,528.0849552015928,2,3,2,3,0,16370.0,"[('in', 0), ('in', 4)]","{('in', 0): [((1, 1), -0.12), ((2, 3), 0.16), ((4, 7), -0.01), ((8, 15), 0.05), ((16, 31), -0.01), ((3, 3), 0.57)], ('in', 4): [((1, 1), 0.08), ((2, 3), 0.01), ((4, 7), -0.0), ((8, 15), -0.01), ((16, 31), 0.0), ((20, 20), 0.71)]}","{'memory': 0, 'structure': 166, 'experiments': 208, 'screening': 111, 'control': 18} mem 24 eng 2",peak_w005
semi,SS2,6103,hier,0.33731870412373993,447.8797007217521,1,3,1,3,0,16450.0,"[('in', 0)]","{('in', 0): [((1, 1), -0.19), ((2, 3), 0.46), ((4, 7), 0.0), ((8, 15), 0.03), ((16, 31), -0.03)]}","{'memory': 0, 'structure': 150, 'experiments': 146, 'screening': 108, 'control': 18} mem 24 eng 2",nopeak_w005
semi,SS2,6103,hier,0.34755328589646334,299.40522648083623,0,3,0,3,0,,[],{},"{'memory': 0, 'structure': 120, 'experiments': 87, 'screening': 51, 'control': 18} mem 24 eng 1",peak_w005_lean
semi,SS3,6101,hier,0.08264989761694273,562.1049278247884,1,3,1,2,0,11290.0,"[('in', 3)]","{('in', 3): [((1, 1), -0.16), ((2, 3), 0.1), ((4, 7), -0.05), ((8, 15), -0.07), ((16, 31), -0.01), ((12, 12), 0.77)]}","{'memory': 0, 'structure': 165, 'experiments': 242, 'screening': 110, 'control': 18} mem 24 eng 3",peak
semi,SS3,6101,hier,0.08389808261903225,599.2469667745147,1,3,1,2,0,14790.0,"[('in', 3)]","{('in', 3): [((1, 1), -0.16), ((2, 3), 0.1), ((4, 7), -0.05), ((8, 15), -0.07), ((16, 31), -0.01), ((12, 12), 0.77)]}","{'memory': 0, 'structure': 158, 'experiments': 288, 'screening': 109, 'control': 18} mem 24 eng 3",peak_w005
semi,SS3,6101,hier,0.09098829905453723,442.8223089845695,0,3,0,2,0,,[],{},"{'memory': 0, 'structure': 120, 'experiments': 178, 'screening': 101, 'control': 18} mem 24 eng 3",nopeak_w005
semi,SS3,6101,hier,0.09098829905453723,299.6365418118467,0,3,0,2,0,,[],{},"{'memory': 0, 'structure': 120, 'experiments': 87, 'screening': 51, 'control': 18} mem 24 eng 1",peak_w005_lean
semi,SS3,6102,hier,0.08561801528689404,617.6837139123943,1,3,1,2,0,14900.0,"[('in', 3)]","{('in', 3): [((1, 1), -0.04), ((2, 3), 0.1), ((4, 7), 0.01), ((8, 15), -0.02), ((16, 31), 0.03), ((12, 12), 0.79)]}","{'memory': 0, 'structure': 157, 'experiments': 307, 'screening': 109, 'control': 18} mem 24 eng 3",peak
semi,SS3,6102,hier,0.08708048454038857,518.5976574166252,1,3,1,2,0,19400.0,"[('in', 3)]","{('in', 3): [((1, 1), -0.04), ((2, 3), 0.1), ((4, 7), 0.01), ((8, 15), -0.02), ((16, 31), 0.03), ((12, 12), 0.79)]}","{'memory': 0, 'structure': 148, 'experiments': 220, 'screening': 107, 'control': 18} mem 24 eng 2",peak_w005
semi,SS3,6102,hier,0.09222914168934727,445.4984818317571,0,3,0,2,0,,[],{},"{'memory': 0, 'structure': 120, 'experiments': 180, 'screening': 101, 'control': 18} mem 24 eng 2",nopeak_w005
semi,SS3,6102,hier,0.08919977623088331,329.225743529119,1,3,1,2,0,25150.0,"[('in', 3)]","{('in', 3): [((1, 1), -0.04), ((2, 3), 0.1), ((4, 7), 0.01), ((8, 15), -0.02), ((16, 31), 0.03), ((12, 12), 0.78)]}","{'memory': 0, 'structure': 135, 'experiments': 99, 'screening': 52, 'control': 18} mem 24 eng 1",peak_w005_lean
semi,SS3,6103,hier,0.08808573720919698,559.1063091090094,1,3,1,2,0,21080.0,"[('in', 3)]","{('in', 3): [((1, 1), -0.03), ((2, 3), 0.0), ((4, 7), -0.05), ((8, 15), -0.05), ((16, 31), 0.01), ((12, 12), 0.83)]}","{'memory': 0, 'structure': 144, 'experiments': 265, 'screening': 106, 'control': 18} mem 24 eng 3",peak
semi,SS3,6103,hier,0.0876789410969155,491.9936006719761,1,3,1,2,0,19240.0,"[('in', 3)]","{('in', 3): [((1, 1), -0.03), ((2, 3), 0.0), ((4, 7), -0.05), ((8, 15), -0.05), ((16, 31), 0.01), ((12, 12), 0.83)]}","{'memory': 0, 'structure': 148, 'experiments': 194, 'screening': 107, 'control': 18} mem 24 eng 2",peak_w005
semi,SS3,6103,hier,0.09342419895898456,482.10354965156796,0,3,0,2,0,,[],{},"{'memory': 0, 'structure': 120, 'experiments': 217, 'screening': 101, 'control': 18} mem 24 eng 3",nopeak_w005
semi,SS3,6103,hier,0.09342419895898456,304.7204174962668,0,3,0,2,0,,[],{},"{'memory': 0, 'structure': 120, 'experiments': 92, 'screening': 51, 'control': 18} mem 24 eng 1",peak_w005_lean
semi,SS4,6101,hier,0.4795593070821401,510.134780985565,0,1,0,1,0,1390.0,"[('in', 5)]","{('in', 5): [((1, 1), -0.03), ((2, 3), -0.39), ((4, 7), 0.01), ((8, 15), 0.02), ((16, 31), -0.02), ((11, 11), -0.42)]}","{'memory': 0, 'structure': 186, 'experiments': 141, 'screening': 115, 'control': 18} mem 49 eng 2",peak
semi,SS4,6101,hier,0.4795593070821401,488.0612276007964,0,1,0,1,0,1390.0,"[('in', 5)]","{('in', 5): [((1, 1), -0.03), ((2, 3), -0.39), ((4, 7), 0.01), ((8, 15), 0.02), ((16, 31), -0.02), ((11, 11), -0.42)]}","{'memory': 0, 'structure': 186, 'experiments': 119, 'screening': 115, 'control': 18} mem 49 eng 1",peak_w005
semi,SS4,6101,hier,0.49959696345602195,474.41007653061223,0,1,0,1,0,1430.0,"[('in', 5)]","{('in', 5): [((1, 1), -0.03), ((2, 3), -0.52), ((4, 7), 0.03), ((8, 15), -0.03), ((16, 31), -0.02)]}","{'memory': 0, 'structure': 178, 'experiments': 114, 'screening': 115, 'control': 18} mem 49 eng 2",nopeak_w005
semi,SS4,6101,hier,0.48356229926930794,421.5565797660527,0,1,0,1,0,3110.0,"[('in', 5)]","{('in', 5): [((1, 1), -0.06), ((2, 3), -0.39), ((4, 7), 0.01), ((8, 15), -0.02), ((16, 31), 0.0), ((19, 19), -0.45)]}","{'memory': 0, 'structure': 183, 'experiments': 113, 'screening': 57, 'control': 18} mem 49 eng 2",peak_w005_lean
semi,SS4,6102,hier,0.5007674921672818,612.9315237680438,0,1,0,1,0,1550.0,"[('in', 5)]","{('in', 5): [((1, 1), 0.04), ((2, 3), -0.36), ((4, 7), 0.05), ((8, 15), -0.02), ((16, 31), -0.0), ((3, 3), -0.13)]}","{'memory': 0, 'structure': 184, 'experiments': 245, 'screening': 114, 'control': 18} mem 49 eng 3",peak
semi,SS4,6102,hier,0.5007674921672818,576.7107298407168,0,1,0,1,0,1550.0,"[('in', 5)]","{('in', 5): [((1, 1), 0.04), ((2, 3), -0.36), ((4, 7), 0.05), ((8, 15), -0.02), ((16, 31), -0.0), ((3, 3), -0.13)]}","{'memory': 0, 'structure': 184, 'experiments': 209, 'screening': 114, 'control': 18} mem 49 eng 3",peak_w005
semi,SS4,6102,hier,0.5020691077522689,489.80396341463415,0,1,0,1,0,1550.0,"[('in', 5)]","{('in', 5): [((1, 1), 0.06), ((2, 3), -0.46), ((4, 7), 0.03), ((8, 15), -0.02), ((16, 31), -0.0)]}","{'memory': 0, 'structure': 178, 'experiments': 129, 'screening': 114, 'control': 18} mem 49 eng 2",nopeak_w005
semi,SS4,6102,hier,0.4890895705765386,441.6053042558487,0,1,0,1,0,1370.0,"[('in', 5)]","{('in', 5): [((1, 1), -0.02), ((2, 3), -0.4), ((4, 7), -0.05), ((8, 15), -0.02), ((16, 31), -0.0), ((7, 7), 0.39)]}","{'memory': 0, 'structure': 187, 'experiments': 130, 'screening': 57, 'control': 18} mem 49 eng 1",peak_w005_lean
semi,SS4,6103,hier,0.5024329591762874,641.9495924589347,0,1,0,1,0,1640.0,"[('in', 5)]","{('in', 5): [((1, 1), 0.09), ((2, 3), -0.41), ((4, 7), 0.03), ((8, 15), 0.01), ((16, 31), -0.02), ((10, 10), -0.32)]}","{'memory': 0, 'structure': 186, 'experiments': 272, 'screening': 114, 'control': 18} mem 49 eng 3",peak
semi,SS4,6103,hier,0.48270759566735955,576.6365573668492,0,1,0,1,0,1640.0,"[('in', 5)]","{('in', 5): [((1, 1), -0.01), ((2, 3), -0.31), ((4, 5), -0.17), ((6, 7), 0.23), ((8, 15), -0.0), ((16, 31), -0.02), ((10, 10), -0.22)]}","{'memory': 0, 'structure': 193, 'experiments': 198, 'screening': 116, 'control': 18} mem 49 eng 3",peak_w005
semi,SS4,6103,hier,0.4930110635026922,542.684724987556,0,1,0,1,0,1620.0,"[('in', 5)]","{('in', 5): [((1, 1), -0.08), ((2, 3), -0.36), ((4, 5), -0.17), ((6, 7), 0.28), ((8, 15), -0.04), ((16, 31), -0.02)]}","{'memory': 0, 'structure': 183, 'experiments': 174, 'screening': 116, 'control': 18} mem 49 eng 3",nopeak_w005
semi,SS4,6103,hier,0.48838431056796183,402.4592956694873,0,1,0,1,0,3360.0,"[('in', 5)]","{('in', 5): [((1, 1), 0.03), ((2, 3), -0.36), ((4, 7), 0.05), ((8, 15), -0.11), ((16, 31), -0.02), ((15, 15), 0.51)]}","{'memory': 0, 'structure': 182, 'experiments': 95, 'screening': 57, 'control': 18} mem 49 eng 1",peak_w005_lean
