task_id,seed,cohort,step,state_c0,state_c1,decision_c0,decision_c1,G_D_B_c0,G_D_B_c1,G_R_B_c0,G_R_B_c1,G_D_BR_c0,G_D_BR_c1,G_R_BD_c0,G_R_BD_c1,active_lags_c0,active_lags_c1,rec_active_c0,rec_active_c1
I3_Single_Exact_Delay,1512,FINAL,2747,LAG,NONE,LAG_ONLY,NONE,0.015955231316057337,-0.03722954505439801,-2.8593346333139075e-24,-2.8593346333139075e-24,0.015955231316057337,-0.03722954505439801,-2.8195840366538483e-24,-2.8195584021866096e-24,1,0,0,0
I9_Hybrid_Delay_Plus_Latent_State,1513,FINAL,3375,BOTH,RECURRENT,BOTH,RECURRENT_ONLY,0.08820297345506457,-0.04288927479216103,0.18523746807272815,0.18523746807272815,0.015088731878393661,-0.044745869250493155,0.11212322649605726,0.18338087361439603,1,0,1,1
I11_Regime_Switch_Delay_To_Latent,1513,FINAL,3932,BOTH,RECURRENT,BOTH,BOTH,0.10899519555564408,0.12957031317604345,0.3076302361732034,0.30763023619073493,0.017809084246287236,0.04284754077996043,0.21644412486384657,0.22090746379465193,1,0,1,1
I2_Static_Nonlinear_Negative_Control,1515,FINAL,3684,LAG,NONE,LAG_ONLY,NONE,0.02523984019865011,0.003926066821752346,6.6168296738752225e-06,6.6168296738752225e-06,0.02524864014818725,0.003938920338103256,1.5416779211017717e-05,1.94703460247547e-05,1,0,0,0
I3_Single_Exact_Delay,1515,FINAL,1948,NONE,LAG,NONE,LAG_ONLY,0.014367735257281047,0.017026601285243907,-3.860895287748731e-18,-3.860895287748731e-18,0.014367735257281047,0.017026601285243907,-3.41634683727059e-18,-3.4163369992399923e-18,0,1,0,0
I8_Quiescent_Discrete_Delay,1515,FINAL,1948,NONE,LAG,NONE,LAG_ONLY,0.014367735257281047,0.017026601285243907,-3.860895287748731e-18,-3.860895287748731e-18,0.014367735257281047,0.017026601285243907,-3.41634683727059e-18,-3.4163369992399923e-18,0,1,0,0
I10_Redundant_Temporal_Structure,1516,FINAL,2569,BOTH,RECURRENT,BOTH,RECURRENT_ONLY,0.01500243808298707,0.014998725030931158,0.3345115376761761,0.33451153708925685,0.02353593997485244,0.023529045253476537,0.34304503956804144,0.34304185731180237,1,0,1,1
I10_Redundant_Temporal_Structure,1517,FINAL,4549,BOTH,LAG,BOTH,REDUNDANT,0.5444296204020493,0.5444686436381069,0.4599533241871829,0.4599533156219164,0.09948371695742392,0.0994467422343657,0.015007420742557889,0.014931414218175284,1,1,1,0
I12_Regime_Switch_Latent_To_Delay,1517,FINAL,637,RECURRENT,BOTH,RECURRENT_ONLY,BOTH,0.009118787743060049,0.023377089643267984,0.3198347471156982,0.31983474479383234,0.026811081562947627,0.015764663902958963,0.3375270409355857,0.31222231905352327,0,1,1,1
I3_Single_Exact_Delay,1518,FINAL,1809,NONE,LAG,NONE,LAG_ONLY,-0.04621518693668216,0.028505678876545353,-6.34924504030255e-17,-6.34924504030255e-17,-0.04621518693668216,0.028505678876545353,-6.632782009477739e-17,-6.632787497237771e-17,0,1,0,0
I4_Multi_Sparse_Delay,1518,FINAL,393,NONE,LAG,NONE,LAG_ONLY,0.0014503952753917929,0.018169381828649692,-0.024785207628957442,-0.02478520637108103,0.002244363636791022,0.018963511191874376,-0.023991239267558247,-0.023991077007856333,0,2,0,0
I8_Quiescent_Discrete_Delay,1518,FINAL,1809,NONE,LAG,NONE,LAG_ONLY,-0.04621518693668216,0.028505678876545353,-6.34924504030255e-17,-6.34924504030255e-17,-0.04621518693668216,0.028505678876545353,-6.632782009477739e-17,-6.632787497237771e-17,0,1,0,0
I2_Static_Nonlinear_Negative_Control,1522,FINAL,5088,NONE,LAG,NONE,LAG_ONLY,-0.08915539236864305,0.02850931402553563,-7.154406972985638e-09,-7.154406972985638e-09,-0.08915538930736021,0.028509317087001437,-4.093124146075402e-09,-4.092941176145509e-09,0,1,0,0
I8_Quiescent_Discrete_Delay,1523,FINAL,4198,NONE,LAG,NONE,LAG_ONLY,-0.08501729969674433,0.06838237928160142,-3.0435064417926106e-36,-3.0435064417926106e-36,-0.08501729969674433,0.06838237928160142,-3.743386732460562e-36,-3.743343294128007e-36,0,1,0,0
I5_Moving_Delay_Support,1524,FINAL,3242,NONE,LAG,NONE,LAG_ONLY,-0.06823276073938157,0.032641239902608137,-1.256543186311004e-26,-1.256543186311004e-26,-0.06823276073938157,0.032641239902608137,-1.3419288380715083e-26,-1.3419290051938487e-26,0,1,0,0
I6_Continuous_Latent_State,1524,FINAL,957,BOTH,RECURRENT,BOTH,RECURRENT_ONLY,0.31746565411539707,-0.12168424285257223,1.0092246339177566,1.0092246339177566,0.026627087889863874,-0.10175228020791553,0.7183860676922234,1.0291565965624134,1,0,1,1
I7_Quiescent_Continuous_State,1524,FINAL,957,BOTH,RECURRENT,BOTH,RECURRENT_ONLY,0.31746565411539707,-0.12168424285257223,1.0092246339177566,1.0092246339177566,0.026627087889863874,-0.10175228020791553,0.7183860676922234,1.0291565965624134,1,0,1,1
I2_Static_Nonlinear_Negative_Control,1528,FINAL,4746,BOTH,RECURRENT,BOTH,RECURRENT_ONLY,0.04910445249235698,-0.07253328496006305,0.2622294629053962,0.2622294629053962,0.03995667103565405,-0.06781647044484043,0.25308168144869325,0.2669462774206188,1,0,1,1
I2_Static_Nonlinear_Negative_Control,1530,FINAL,2331,NONE,LAG,NONE,NONE,0.004485439746377853,0.00637135730289003,-0.000793618740527423,-0.000793618740527423,0.005407424901257276,0.007293512921983422,0.00012836641435201433,0.0001285368785659824,0,1,0,0
I10_Redundant_Temporal_Structure,1530,FINAL,2054,BOTH,RECURRENT,BOTH,REDUNDANT,0.24752135605210307,0.21812910922812692,0.3375170568105761,0.34047410155845476,0.034108260534470546,-0.0009184705695199913,0.12410396129294346,0.12142652176080765,4,0,1,1
I12_Regime_Switch_Latent_To_Delay,1530,FINAL,3563,LAG,NONE,LAG_ONLY,NONE,0.02061054164927374,-0.08274260358973458,-0.0022056954201035866,-0.002205695420656633,0.020489597947926753,-0.07925465505413311,-0.0023266391214505663,0.0012822531149448357,1,0,0,0
I3_Single_Exact_Delay,1531,FINAL,1029,LAG,NONE,LAG_ONLY,NONE,0.02913667714264695,-0.06748997342348545,4.315733741653544e-05,4.315733741653544e-05,0.029187051977089568,-0.06743960066236973,9.353217185914628e-05,9.353009853222793e-05,1,0,0,0
I8_Quiescent_Discrete_Delay,1531,FINAL,1029,LAG,NONE,LAG_ONLY,NONE,0.02913667714264695,-0.06748997342348545,4.315733741653544e-05,4.315733741653544e-05,0.029187051977089568,-0.06743960066236973,9.353217185914628e-05,9.353009853222793e-05,1,0,0,0
I10_Redundant_Temporal_Structure,1531,FINAL,1385,RECURRENT,BOTH,RECURRENT_ONLY,BOTH,-0.08923928482729952,0.0468069748765106,0.3456557005247277,0.34565570328999096,-0.0964060550519499,0.032842642004947485,0.33848893030007726,0.33169137041842783,0,1,1,1
I2_Static_Nonlinear_Negative_Control,1534,FINAL,3825,NONE,LAG,NONE,LAG_ONLY,0.0020351138992685397,0.05768371009323731,-3.334795823952561e-05,-3.334795823952561e-05,0.0020348405096910493,0.0576667437602902,-3.362134781702602e-05,-5.03142911866263e-05,0,1,0,0
I11_Regime_Switch_Delay_To_Latent,1535,FINAL,570,NONE,LAG,NONE,NONE,0.004734226014227003,0.005097788900937141,-9.215370066505872e-08,-9.215370066505872e-08,0.004734226014227003,0.005097788900937141,-9.215370066505872e-08,-9.215370066505872e-08,0,1,0,0
I5_Moving_Delay_Support,1536,FINAL,3845,LAG,NONE,LAG_ONLY,NONE,0.017146915550332213,-0.11732833158347451,-2.594423854312233e-31,-2.594423854312233e-31,0.017146915550332213,-0.11732833158347451,-2.008718901389756e-31,-2.0087192522398854e-31,1,0,0,0
I11_Regime_Switch_Delay_To_Latent,1536,FINAL,3076,LAG,NONE,LAG_ONLY,NONE,0.06254061375995548,-0.020663230685136078,-3.646004101778814e-29,-3.646004101778814e-29,0.06254061375995548,-0.020663230685136078,-8.858198430469226e-29,-8.85819846032626e-29,1,0,0,0
I11_Regime_Switch_Delay_To_Latent,1537,FINAL,3181,NONE,LAG,NONE,LAG_ONLY,-0.08623310622701001,0.03835173957056335,3.0151800350362806e-28,3.0151800350359564e-28,-0.08623310622701001,0.03835173957056335,2.962457759898569e-28,2.962357781615934e-28,0,1,0,0
I9_Hybrid_Delay_Plus_Latent_State,1538,FINAL,2011,BOTH,RECURRENT,BOTH,REDUNDANT,0.01945854365833949,0.016522404239809448,0.10828937291702438,0.10828935529883223,0.015733679850275625,0.013081872732603968,0.10456450910896052,0.10484882379162673,1,0,1,1
I13_Regime_Switch_Hybrid_To_Memoryless,1538,FINAL,2011,BOTH,RECURRENT,BOTH,REDUNDANT,0.01945854365833949,0.016522404239809448,0.10828937291702438,0.10828935529883223,0.015733679850275625,0.013081872732603968,0.10456450910896052,0.10484882379162673,1,0,1,1
I14_Intermittent_Hybrid,1539,FINAL,3749,RECURRENT,BOTH,RECURRENT_ONLY,BOTH,-0.07774448148582008,0.04891108498038632,0.1405727630582319,0.1405727630588341,-0.07100634001113657,0.02314633031665178,0.14731090453291534,0.11480800839509948,0,1,1,1
