seed,step,regime,state_type,age_at_eviction,classification,future_regret,rebirth_latency
7001,2628,STATE_FREE,LINEAR,1626,CORRECT,0.001,0
7001,3746,GATED_NECESSARY,GATED,159,PREMATURE,0.045,45
7001,4074,GATED_NECESSARY,GATED,198,PREMATURE,0.045,45
7001,4734,GATED_NECESSARY,GATED,206,PREMATURE,0.045,45
7001,5067,STATE_FREE,GATED,224,CORRECT,0.001,0
7002,2590,STATE_FREE,LINEAR,1587,CORRECT,0.001,0
7002,4445,GATED_NECESSARY,GATED,673,PREMATURE,0.045,45
7003,2623,STATE_FREE,LINEAR,1621,CORRECT,0.001,0
7003,4678,GATED_NECESSARY,LINEAR,159,PREMATURE,0.045,45
7003,5104,STATE_FREE,GATED,259,CORRECT,0.001,0
7004,2629,STATE_FREE,LINEAR,1627,CORRECT,0.001,0
7004,4241,GATED_NECESSARY,GATED,331,PREMATURE,0.045,45
7004,4687,GATED_NECESSARY,GATED,343,PREMATURE,0.045,45
7005,2626,STATE_FREE,LINEAR,1625,CORRECT,0.001,0
7005,4093,GATED_NECESSARY,GATED,279,PREMATURE,0.045,45
7005,4437,GATED_NECESSARY,LINEAR,159,PREMATURE,0.045,45
7005,5102,STATE_FREE,GATED,509,CORRECT,0.001,0
