seed,r0_nmse,c0_nmse,delta_nmse
1911,0.2739135203193676,0.28318776049910643,0.009274240179738824
1912,0.3089751532133276,0.3531419956145442,0.0441668424012166
1913,0.2934075644392292,0.32579483134356424,0.03238726690433502
1914,0.29133060139641237,0.2928638513781293,0.0015332499817169443
1915,0.3072275351269046,0.3087856611020842,0.001558125975179625
1916,0.3030282232938627,0.3041320444207682,0.001103821126905491
1917,0.3054546781281992,0.3476932160025753,0.04223853787437609
1918,0.2972365266020013,0.3269154834830032,0.029678956881001917
1919,0.3004913412730294,0.3171117922296721,0.01662045095664272
1920,0.28522674955355437,0.2930605882414453,0.007833838687890948
1921,0.2821429692877618,0.33940666641735234,0.05726369712959056
1922,0.2947881481900402,0.30598685538057707,0.011198707190536894
1923,0.30474647013887723,0.30527576730219314,0.0005292971633159005
1924,0.3057418974702408,0.2750091919924257,-0.030732705477815092
1925,0.3122444724780719,0.3138567172516651,0.0016122447735931744
1926,0.2885944957544514,0.3570541544715929,0.06845965871714149
1927,0.26645135196332753,0.3219609692217306,0.05550961725840309
1928,0.3011249272232733,0.30703177584636354,0.005906848623090266
1929,0.2741645996233873,0.2972797904613248,0.023115190837937505
1930,0.2997027435212418,0.3251257555197858,0.025423011998543965
1931,0.31745967581920953,0.31370875951689375,-0.0037509163023157766
1932,0.3017250051557388,0.3246925513657226,0.022967546209983813
1933,0.2936265687286203,0.3235305471101754,0.02990397838155512
1934,0.3055313942540767,0.2768707475461144,-0.02866064670796231
1935,0.30781120488912117,0.3205556664726819,0.01274446158356074
1936,0.28245936579156583,0.3212857035664229,0.038826337774857056
1937,0.29035245322756736,0.36269893341507853,0.07234648018751116
1938,0.29868015468832254,0.3235599646610217,0.024879809972699174
1939,0.27271980196196666,0.3133775090553551,0.04065770709338845
1940,0.30284225700295336,0.32930035879159203,0.026458101788638666
