seed,c0_nmse,c1_nmse,delta_nmse
1911,0.28318776049910643,0.30959080375771003,0.026403043258603598
1912,0.3531419956145442,0.3830052839187285,0.029863288304184332
1913,0.32579483134356424,0.35397467464459426,0.028179843301030016
1914,0.2928638513781293,0.32501596937852806,0.032152118000398744
1915,0.3087856611020842,0.34100085085981086,0.03221518975772664
1916,0.3041320444207682,0.33565948048158056,0.031527436060812375
1917,0.3476932160025753,0.3818339298819478,0.03414071387937251
1918,0.3269154834830032,0.3542448301750785,0.027329346692075318
1919,0.3171117922296721,0.3482955800210325,0.031183787791360384
1920,0.2930605882414453,0.3364777603216488,0.04341717208020346
1921,0.33940666641735234,0.37078986837092826,0.03138320195357591
1922,0.30598685538057707,0.34069600912597514,0.03470915374539807
1923,0.30527576730219314,0.341007655517047,0.035731888214853846
1924,0.2750091919924257,0.3029495738876184,0.027940381895192712
1925,0.3138567172516651,0.34414981721902566,0.03029309996736057
1926,0.3570541544715929,0.39500180280497305,0.03794764833338016
1927,0.3219609692217306,0.35391330322066367,0.03195233399893305
1928,0.30703177584636354,0.3299045797894293,0.022872803943065734
1929,0.2972797904613248,0.3234932016656712,0.026213411204346393
1930,0.3251257555197858,0.34414598191052065,0.019020226390734862
1931,0.31370875951689375,0.34565357606753894,0.03194481655064518
1932,0.3246925513657226,0.37077908421277117,0.046086532847048556
1933,0.3235305471101754,0.35548788843983853,0.0319573413296631
1934,0.2768707475461144,0.3126903019770107,0.035819554430896294
1935,0.3205556664726819,0.3451654203945362,0.02460975392185427
1936,0.3212857035664229,0.3543751442949528,0.03308944072852993
1937,0.36269893341507853,0.397578797963768,0.034879864548689465
1938,0.3235599646610217,0.3442207908015363,0.020660826140514565
1939,0.3133775090553551,0.35752554854183927,0.04414803948648416
1940,0.32930035879159203,0.3735402705673829,0.0442399117757909
