task_id,mean_decision_age,median_decision_age,p95_decision_age,max_decision_age,theoretical_max_clock_wait
I1_Memoryless_Linear,4.5,4.5,9.0,9,9
I2_Static_Nonlinear_Negative_Control,4.5,4.5,9.0,9,9
I3_Single_Exact_Delay,4.5,4.5,9.0,9,9
I4_Multi_Sparse_Delay,4.5,4.5,9.0,9,9
I5_Moving_Delay_Support,4.5,4.5,9.0,9,9
I6_Continuous_Latent_State,4.5,4.5,9.0,9,9
I7_Quiescent_Continuous_State,4.5,4.5,9.0,9,9
I8_Quiescent_Discrete_Delay,4.5,4.5,9.0,9,9
I9_Hybrid_Delay_Plus_Latent_State,4.5,4.5,9.0,9,9
I10_Redundant_Temporal_Structure,4.5,4.5,9.0,9,9
I11_Regime_Switch_Delay_To_Latent,4.5,4.5,9.0,9,9
I12_Regime_Switch_Latent_To_Delay,4.5,4.5,9.0,9,9
I13_Regime_Switch_Hybrid_To_Memoryless,4.5,4.5,9.0,9,9
I14_Intermittent_Hybrid,4.5,4.5,9.0,9,9
