metric_name,fp_per_step,pct_of_current_compute,closure_ratio_vs_deficit,residual_total_fp
CURRENT_TOTAL_FP,111.01359126984126,100.0,N/A,111.01359126984126
TARGET_TOTAL_FP,100.0,90.07906046110114,N/A,100.0
REQUIRED_SAVING_FP,11.013591269841257,9.920939538898862,1.0000,N/A
FAILED_PROBATION_FP,1.7690833333333333,1.5935736454405967,0.1606,109.24450793650793
SUCCESSFUL_PROBATION_FP,0.04004999999999999,0.036076663714671,0.0036,110.97354126984126
TOTAL_PROBATION_FP,1.8091333333333333,1.6296503091552677,0.1643,109.20445793650792
DIRECT_CANDIDATE_FP,1.8446333333333333,1.6616283756189585,0.1675,109.16895793650792
INDIRECT_CANDIDATE_DESCENDANT_FP,5.6,5.044427385821663,0.5085,105.41359126984126
TOTAL_CANDIDATE_SUBSYSTEM_FP,7.444633333333333,6.706055761440623,0.6759,103.56895793650793
MAX_THEORETICAL_CANDIDATE_SAVING,7.444633333333333,6.706055761440623,0.6759,103.56895793650793
MAX_SEMANTICALLY_REMOVABLE_SAVING,1.7690833333333333,1.5935736454405967,0.1606,109.24450793650793
MAX_RETROSPECTIVE_EARLY_REJECTION_SAVING,0.8845416666666667,0.7967868227202983,0.0803,110.1290496031746
NET_RETROSPECTIVE_EARLY_PROMOTION_SAVING,-0.152,-0.13692017190087374,-0.0138,111.16559126984126
