track,task_id,model_id,nmse_median,skill_median,flops,mem,fails,n,rank,n_models,pareto
A,A_ECL,B1_RZA_LMS,inf,-inf,0.0,72.0,3,3,16.0,23,False
A,A_ECL,B2_CCN,inf,-inf,0.0,136.0,3,3,16.0,23,False
A,A_ECL,B3_MUSE_RNN,0.4528856156192515,-3.6699953383066104,199.88544325567082,448.0,0,3,7.0,23,False
A,A_ECL,B4_MINIMAL_GRU,0.7013058440829335,-6.231616350005492,69.0,144.0,0,3,10.0,23,False
A,A_ECL,B5_ONLINE_ESN,11.035914893251595,-112.79842796500304,1121.0,3808.0,0,3,13.0,23,False
A,A_ECL,C1_CURRENT_ONLY_LINEAR,inf,-inf,0.0,40.0,3,3,16.0,23,False
A,A_ECL,C2_NLMS,193.082910846175,-1990.0022806208517,11.0,40.0,0,3,15.0,23,False
A,A_ECL,C3_RLS,13.005429989463892,-133.10736691299675,17.0,80.0,0,3,14.0,23,False
A,A_ECL,C4_FIXED_LAG_LINEAR,inf,-inf,0.0,96.0,3,3,16.0,23,False
A,A_ECL,CTRL_ARX_NLMS,0.1149206575305395,-0.18502093339600556,20.0,16.0,0,3,4.0,23,False
A,A_ECL,CTRL_PERSISTENCE,0.0969777446894567,0.0,0.0,4.0,0,3,2.0,23,True
A,A_ECL,CTRL_SEASONAL_NAIVE,0.568401465811265,-4.861153686667049,0.0,96.0,0,3,8.0,23,False
A,A_ECL,IPNLMS,0.1417271316715423,-0.46143975739364373,26.0,16.0,0,3,6.0,23,False
A,A_ECL,LEBRE_V032,0.086080657587646,0.11236688517252502,66.23966762613371,344.0,0,3,1.0,23,True
A,A_ECL,RIVER_ARF,0.1013472974238479,-0.04505727317523722,0.0,-1.0,1,3,3.0,23,False
A,A_ECL,RIVER_HATR,0.1209457355709917,-0.24714939451608808,,-1.0,0,3,5.0,23,False
A,A_ECL,RIVER_SGD_LINREG,0.6042907926915551,-5.231231656568445,,-1.0,0,3,9.0,23,False
A,A_ECL,S1_VARIABLE_TAP_LMS,inf,-inf,0.0,544.0,3,3,16.0,23,False
A,A_ECL,S2_LRU_STREAM,inf,-inf,0.0,104.0,3,3,16.0,23,False
A,A_ECL,S3_RSONN,1.4229923402319156,-13.673390732983517,106.0,288.0,0,3,11.0,23,False
A,A_ECL,S4_ACESN,10.217361091496638,-104.35779239056129,3764.9999275873924,13888.0,0,3,12.0,23,False
A,A_ECL,S5_CONTINUAL_BACKPROP,inf,-inf,0.0,88.0,3,3,16.0,23,False
A,A_ECL,Track_B,inf,-inf,0.0,336.0,3,3,16.0,23,False
A,A_ETTh1,B1_RZA_LMS,0.5888229149109893,-29.489854626659227,71.0,120.0,0,3,16.0,23,False
A,A_ETTh1,B2_CCN,0.0343441775931646,-0.7783767505822219,177.0,328.0,0,3,4.0,23,False
A,A_ETTh1,B3_MUSE_RNN,3.2619675319509294,-167.90802536294098,288.4085069159696,640.0,0,3,20.0,23,False
A,A_ETTh1,B4_MINIMAL_GRU,0.1539461367393173,-6.971488898707579,141.0,288.0,0,3,10.0,23,False
A,A_ETTh1,B5_ONLINE_ESN,0.3871939993582692,-19.049302521680932,1361.0,4768.0,0,3,14.0,23,False
A,A_ETTh1,C1_CURRENT_ONLY_LINEAR,0.5892236993663101,-29.510607656933537,29.0,88.0,0,3,17.0,23,False
A,A_ETTh1,C2_NLMS,0.3603482813193165,-17.6592036997292,47.0,88.0,0,3,13.0,23,False
A,A_ETTh1,C3_RLS,8999956.911929261,-466027001.24803823,257.0,512.0,0,3,22.0,23,False
A,A_ETTh1,C4_FIXED_LAG_LINEAR,3.2962049313915656,-169.6808730312381,65.0,288.0,0,3,21.0,23,False
A,A_ETTh1,CTRL_ARX_NLMS,0.0190094647748104,0.015670411532498374,56.0,40.0,0,3,1.0,23,True
A,A_ETTh1,CTRL_PERSISTENCE,0.0193120932231714,0.0,0.0,4.0,0,3,2.0,23,True
A,A_ETTh1,CTRL_SEASONAL_NAIVE,0.1960745783591671,-9.152942826721052,0.0,96.0,0,3,11.0,23,False
A,A_ETTh1,IPNLMS,0.0226301085102475,-0.17181023562453412,86.0,64.0,0,3,3.0,23,False
A,A_ETTh1,LEBRE_V032,0.0395552973049559,-1.048213875515874,113.30367393800229,1564.0,0,3,6.0,23,False
A,A_ETTh1,RIVER_ARF,0.0402231847116254,-1.0827977706406249,,-1.0,0,3,7.0,23,False
A,A_ETTh1,RIVER_HATR,0.0421489972572172,-1.1825183200050562,,-1.0,0,3,8.0,23,False
A,A_ETTh1,RIVER_SGD_LINREG,0.0367811201890817,-0.9045641383374317,,-1.0,0,3,5.0,23,False
A,A_ETTh1,S1_VARIABLE_TAP_LMS,2.8632795350622957,-147.2635518570721,184.97293751025094,544.0,0,3,19.0,23,False
A,A_ETTh1,S2_LRU_STREAM,inf,-inf,22.666666666666668,200.0,2,3,23.0,23,False
A,A_ETTh1,S3_RSONN,0.0609742211172822,-2.1573077248882964,249.97113334426766,480.0,0,3,9.0,23,False
A,A_ETTh1,S4_ACESN,0.3986299015390911,-19.641465269067663,4244.972445464983,15808.0,0,3,15.0,23,False
A,A_ETTh1,S5_CONTINUAL_BACKPROP,0.8250057296275335,-41.71964308030867,47.0,232.0,0,3,18.0,23,False
A,A_ETTh1,Track_B,0.2931509922049177,-14.17965912950247,49.81499097917007,384.0,0,3,12.0,23,False
A,A_ETTh2,B1_RZA_LMS,0.1952685301526609,-13.272817578288091,71.0,120.0,0,3,16.0,23,False
A,A_ETTh2,B2_CCN,0.0930290201576588,-5.799796327442453,177.0,328.0,0,3,8.0,23,False
A,A_ETTh2,B3_MUSE_RNN,0.4112546807543971,-29.05995401325362,316.06254442075334,688.0,0,3,18.0,23,False
A,A_ETTh2,B4_MINIMAL_GRU,0.2326647120252729,-16.00622721462319,141.0,288.0,0,3,17.0,23,False
A,A_ETTh2,B5_ONLINE_ESN,0.1568888433863884,-10.467520342227646,1361.0,4768.0,0,3,13.0,23,False
A,A_ETTh2,C1_CURRENT_ONLY_LINEAR,0.1952676193405568,-13.272751004042869,29.0,88.0,0,3,15.0,23,False
A,A_ETTh2,C2_NLMS,0.0726438282461983,-4.309775763334141,47.0,88.0,0,3,7.0,23,False
A,A_ETTh2,C3_RLS,21707.30100002062,-1586656.8554571199,257.0,512.0,0,3,20.0,23,False
A,A_ETTh2,C4_FIXED_LAG_LINEAR,22.761838179756342,-1662.737438040772,17.0,96.0,0,3,19.0,23,False
A,A_ETTh2,CTRL_ARX_NLMS,0.0139791234169022,-0.021779998435155434,56.0,40.0,0,3,2.0,23,False
A,A_ETTh2,CTRL_PERSISTENCE,0.0136811480341278,0.0,0.0,4.0,0,3,1.0,23,True
A,A_ETTh2,CTRL_SEASONAL_NAIVE,0.1533021386704785,-10.205356325950444,0.0,96.0,0,3,12.0,23,False
A,A_ETTh2,IPNLMS,0.0169255047625,-0.23714067856580123,86.0,64.0,0,3,3.0,23,False
A,A_ETTh2,LEBRE_V032,0.1355520326566548,-8.907942836267724,110.26882073150732,1608.0,0,3,11.0,23,False
A,A_ETTh2,RIVER_ARF,0.039028585304236,-1.852727359347233,,-1.0,0,3,4.0,23,False
A,A_ETTh2,RIVER_HATR,0.0576518621105589,-3.2139637672763737,,-1.0,0,3,5.0,23,False
A,A_ETTh2,RIVER_SGD_LINREG,inf,-inf,,-1.0,3,3,21.0,23,False
A,A_ETTh2,S1_VARIABLE_TAP_LMS,inf,-inf,0.0,544.0,3,3,21.0,23,False
A,A_ETTh2,S2_LRU_STREAM,inf,-inf,0.0,200.0,3,3,21.0,23,False
A,A_ETTh2,S3_RSONN,0.1164089189217805,-7.508709841556932,250.0,480.0,0,3,10.0,23,False
A,A_ETTh2,S4_ACESN,0.1092459599507474,-6.985145667471178,4244.977475261057,15808.0,0,3,9.0,23,False
A,A_ETTh2,S5_CONTINUAL_BACKPROP,0.1952247874651851,-13.269620281733252,47.0,232.0,0,3,14.0,23,False
A,A_ETTh2,Track_B,0.0626933530049026,-3.582462878737462,51.29063473839593,384.0,0,3,6.0,23,False
A,A_ETTm1,B1_RZA_LMS,1.0578720477062478,-238.76520148970548,71.0,120.0,0,3,17.0,23,False
A,A_ETTm1,B2_CCN,0.0173476591320496,-2.9318223751059764,177.0,328.0,0,3,5.0,23,False
A,A_ETTm1,B3_MUSE_RNN,1.7538387402618876,-396.5050667527522,132.82138756765622,469.3333333333333,0,3,20.0,23,False
A,A_ETTm1,B4_MINIMAL_GRU,0.1642996120952839,-36.23827440579564,141.0,288.0,0,3,11.0,23,False
A,A_ETTm1,B5_ONLINE_ESN,0.5856573553265054,-131.73841019644732,1361.0,4768.0,0,3,16.0,23,False
A,A_ETTm1,C1_CURRENT_ONLY_LINEAR,1.0593598800089952,-239.10241657410498,29.0,88.0,0,3,19.0,23,False
A,A_ETTm1,C2_NLMS,0.252172827096811,-56.15461414279172,47.0,88.0,0,3,14.0,23,False
A,A_ETTm1,C3_RLS,401953.4725020488,-91102184.30956212,257.0,512.0,0,3,23.0,23,False
A,A_ETTm1,C4_FIXED_LAG_LINEAR,3.312475978425557,-749.7679894927641,129.0,544.0,0,3,21.0,23,False
A,A_ETTm1,CTRL_ARX_NLMS,0.0044271633619771,-0.003410306391842033,56.0,40.0,0,3,2.0,23,False
A,A_ETTm1,CTRL_PERSISTENCE,0.0044121166922201,0.0,0.0,4.0,0,3,1.0,23,True
A,A_ETTm1,CTRL_SEASONAL_NAIVE,0.1966048217150683,-43.56020441656537,0.0,384.0,0,3,12.0,23,False
A,A_ETTm1,IPNLMS,0.0057899982008588,-0.3122948926233824,86.0,64.0,0,3,4.0,23,False
A,A_ETTm1,LEBRE_V032,0.027293058643694,-5.185933090078941,105.92063719862227,1544.0,0,3,8.0,23,False
A,A_ETTm1,RIVER_ARF,0.0198561505793308,-3.5003684091908127,,-1.0,0,3,6.0,23,False
A,A_ETTm1,RIVER_HATR,0.0240733731181611,-4.4561959253275765,,-1.0,0,3,7.0,23,False
A,A_ETTm1,RIVER_SGD_LINREG,0.0056468583222135,-0.2798524418383228,,-1.0,0,3,3.0,23,False
A,A_ETTm1,S1_VARIABLE_TAP_LMS,3.3257851527161817,-752.7844949977278,153.57848122027227,544.0,0,3,22.0,23,False
A,A_ETTm1,S2_LRU_STREAM,0.0795223877865104,-17.023636574873997,68.0,200.0,0,3,10.0,23,False
A,A_ETTm1,S3_RSONN,0.0325105563356463,-6.368471553114683,249.99413646055436,480.0,0,3,9.0,23,False
A,A_ETTm1,S4_ACESN,0.4179538951408105,-93.72865844137552,4244.974769012082,15808.0,0,3,15.0,23,False
A,A_ETTm1,S5_CONTINUAL_BACKPROP,1.05935478859679,-239.10126261273896,47.0,232.0,0,3,18.0,23,False
A,A_ETTm1,Track_B,0.2230781261802476,-49.56034138299232,52.61005412497949,384.0,0,3,13.0,23,False
A,A_ETTm2,B1_RZA_LMS,0.5341313409715479,-376.84809727061605,71.0,120.0,0,3,16.0,23,False
A,A_ETTm2,B2_CCN,0.0408163934693266,-27.873790820403066,103.0,232.0,0,3,6.0,23,False
A,A_ETTm2,B3_MUSE_RNN,0.5623288494611286,-396.79520412111566,299.12623694713244,597.3333333333334,0,3,18.0,23,False
A,A_ETTm2,B4_MINIMAL_GRU,0.1819362463303194,-127.70292234757886,141.0,288.0,0,3,11.0,23,False
A,A_ETTm2,B5_ONLINE_ESN,0.2991840764810859,-210.64482471000804,1361.0,4768.0,0,3,13.0,23,False
A,A_ETTm2,C1_CURRENT_ONLY_LINEAR,0.5341319508342722,-376.8485286916024,29.0,88.0,0,3,17.0,23,False
A,A_ETTm2,C2_NLMS,0.3046525180204438,-214.51323697528272,47.0,88.0,0,3,14.0,23,False
A,A_ETTm2,C3_RLS,46763.73966673064,-33080982.456602346,257.0,512.0,0,3,20.0,23,False
A,A_ETTm2,C4_FIXED_LAG_LINEAR,15.506585404603456,-10968.462641222966,17.0,96.0,0,3,19.0,23,False
A,A_ETTm2,CTRL_ARX_NLMS,0.001213381776751,0.14164558332359545,56.0,40.0,0,3,1.0,23,True
A,A_ETTm2,CTRL_PERSISTENCE,0.0014136139491765,0.0,0.0,4.0,0,3,3.0,23,True
A,A_ETTm2,CTRL_SEASONAL_NAIVE,0.1524793423981449,-106.864910704206,0.0,384.0,0,3,9.0,23,False
A,A_ETTm2,IPNLMS,0.0013795454386765,0.024100293096132597,86.0,64.0,0,3,2.0,23,False
A,A_ETTm2,LEBRE_V032,0.048131609240953,-33.048623578588455,123.26545842217485,1584.0,0,3,8.0,23,False
A,A_ETTm2,RIVER_ARF,0.0140844470184318,-8.963432397251452,,-1.0,0,3,4.0,23,False
A,A_ETTm2,RIVER_HATR,0.0282150654315254,-18.95952674912541,,-1.0,0,3,5.0,23,False
A,A_ETTm2,RIVER_SGD_LINREG,inf,-inf,,-1.0,3,3,21.0,23,False
A,A_ETTm2,S1_VARIABLE_TAP_LMS,inf,-inf,0.0,544.0,3,3,21.0,23,False
A,A_ETTm2,S2_LRU_STREAM,inf,-inf,0.0,200.0,3,3,21.0,23,False
A,A_ETTm2,S3_RSONN,0.0453649685125783,-31.091483349471147,249.9941364605544,480.0,0,3,7.0,23,False
A,A_ETTm2,S4_ACESN,0.1697109146150689,-119.05464059967149,4244.974331638511,15808.0,0,3,10.0,23,False
A,A_ETTm2,S5_CONTINUAL_BACKPROP,0.5341293994042922,-376.8467237929018,47.0,232.0,0,3,15.0,23,False
A,A_ETTm2,Track_B,0.2451007575485569,-172.38592173014243,51.235156634410366,384.0,0,3,12.0,23,False
A,A_Exchange,B1_RZA_LMS,0.0141484502200968,-13.186112992458362,81.0,128.0,0,3,11.0,22,False
A,A_Exchange,B2_CCN,0.0092765800010786,-8.301273993389385,193.0,352.0,0,3,8.0,22,False
A,A_Exchange,B3_MUSE_RNN,62.113109134179446,-62277.452465361814,55.619908366283816,216.0,0,3,22.0,22,False
A,A_Exchange,B4_MINIMAL_GRU,0.5934310297165053,-594.0107262515453,153.0,312.0,0,3,19.0,22,False
A,A_Exchange,B5_ONLINE_ESN,0.0439026252382582,-43.01949277886249,1401.0,4928.0,0,3,17.0,22,False
A,A_Exchange,C1_CURRENT_ONLY_LINEAR,0.0140909746230585,-13.128484397010343,33.0,96.0,0,3,10.0,22,False
A,A_Exchange,C2_NLMS,0.0066821023050832,-5.699889871505574,53.0,96.0,0,3,6.0,22,False
A,A_Exchange,C3_RLS,7.4500154701245,-7468.847199567144,325.0,640.0,0,3,21.0,22,False
A,A_Exchange,C4_FIXED_LAG_LINEAR,0.017761883009792,-16.809164637548037,129.0,544.0,0,3,13.0,22,False
A,A_Exchange,CTRL_ARX_NLMS,0.0050080187713745,-4.021349975009714,62.0,44.0,0,3,5.0,22,False
A,A_Exchange,CTRL_PERSISTENCE,0.000997345095701,0.0,0.0,4.0,0,3,1.0,22,True
A,A_Exchange,IPNLMS,0.0029370573405162,-1.9448757036818516,96.0,72.0,0,3,4.0,22,False
A,A_Exchange,LEBRE_V032,0.0250421627298223,-24.108824255274733,140.57390321973264,1808.0,0,3,15.0,22,False
A,A_Exchange,RIVER_ARF,0.0029231618509592,-1.9309432247265748,,-1.0,0,3,3.0,22,False
A,A_Exchange,RIVER_HATR,0.0183065824080065,-17.355314010069556,,-1.0,0,3,14.0,22,False
A,A_Exchange,RIVER_SGD_LINREG,0.0866154203496797,-85.84598813692821,,-1.0,0,3,18.0,22,False
A,A_Exchange,S1_VARIABLE_TAP_LMS,0.0392823282648037,-38.386896706187656,50.792506119374885,544.0,0,3,16.0,22,False
A,A_Exchange,S2_LRU_STREAM,0.0021747155704325,-1.180504601472871,50.666666666666664,216.0,1,3,2.0,22,False
A,A_Exchange,S3_RSONN,0.0100704783161463,-9.09728564320826,274.0,512.0,0,3,9.0,22,False
A,A_Exchange,S4_ACESN,0.8312528064925785,-832.4655778382069,4201.313311993975,16128.0,0,3,20.0,22,False
A,A_Exchange,S5_CONTINUAL_BACKPROP,0.0141577901978668,-13.195477832983952,53.0,256.0,0,3,12.0,22,False
A,A_Exchange,Track_B,0.0083999672943223,-7.422327768522187,36.0,264.0,0,3,7.0,22,False
A,A_JenaWeather,B1_RZA_LMS,inf,-inf,0.0,176.0,3,3,17.0,23,False
A,A_JenaWeather,B2_CCN,inf,-inf,0.0,344.0,3,3,17.0,23,False
A,A_JenaWeather,B3_MUSE_RNN,0.5382258696471964,-562.7873510280941,397.82878911564626,773.3333333333334,0,3,15.0,23,False
A,A_JenaWeather,B4_MINIMAL_GRU,0.0704362773641814,-72.78144468875554,225.0,456.0,0,3,10.0,23,False
A,A_JenaWeather,B5_ONLINE_ESN,0.2678149888760024,-279.5340873767241,1641.0,5888.0,0,3,14.0,23,False
A,A_JenaWeather,C1_CURRENT_ONLY_LINEAR,inf,-inf,0.0,144.0,3,3,17.0,23,False
A,A_JenaWeather,C2_NLMS,0.021349474175149,-21.363405718383436,89.0,144.0,0,3,8.0,23,False
A,A_JenaWeather,C3_RLS,4071.518802094415,-4264882.814667911,901.0,1744.0,0,3,16.0,23,False
A,A_JenaWeather,C4_FIXED_LAG_LINEAR,inf,-inf,0.0,96.0,3,3,17.0,23,False
A,A_JenaWeather,CTRL_ARX_NLMS,0.0009129090599611,0.04373496394286647,98.0,68.0,0,3,1.0,23,True
A,A_JenaWeather,CTRL_PERSISTENCE,0.000954661130062,0.0,0.0,4.0,0,3,2.0,23,True
A,A_JenaWeather,CTRL_SEASONAL_NAIVE,0.1618198135548725,-168.50497769229042,0.0,576.0,0,3,12.0,23,False
A,A_JenaWeather,IPNLMS,0.0011118610501234,-0.16466567571586466,156.0,120.0,0,3,3.0,23,False
A,A_JenaWeather,LEBRE_V032,0.0041004470489445,-3.295185924955244,157.21057142857143,3004.0,0,3,5.0,23,False
A,A_JenaWeather,RIVER_ARF,0.1313152871273858,-136.55172698698266,,-1.0,0,3,11.0,23,False
A,A_JenaWeather,RIVER_HATR,0.0133022687387152,-12.934021528508238,,-1.0,0,3,6.0,23,False
A,A_JenaWeather,RIVER_SGD_LINREG,0.001467780758528,-0.5374887615175192,,-1.0,0,3,4.0,23,False
A,A_JenaWeather,S1_VARIABLE_TAP_LMS,inf,-inf,0.0,544.0,3,3,17.0,23,False
A,A_JenaWeather,S2_LRU_STREAM,inf,-inf,0.0,312.0,3,3,17.0,23,False
A,A_JenaWeather,S3_RSONN,0.0296116213760568,-30.017939710325034,417.95444897959186,704.0,0,3,9.0,23,False
A,A_JenaWeather,S4_ACESN,0.169258482562397,-176.29692477516858,4804.925523809524,18048.0,0,3,13.0,23,False
A,A_JenaWeather,S5_CONTINUAL_BACKPROP,inf,-inf,0.0,400.0,3,3,17.0,23,False
A,A_JenaWeather,Track_B,0.0203832067138564,-20.351248178011176,74.61583673469387,440.0,0,3,7.0,23,False
A,A_Traffic,B1_RZA_LMS,1.9224015985903755,-15.544947285321264,11.0,72.0,0,3,19.0,23,False
A,A_Traffic,B2_CCN,0.5607987608902258,-3.8264555873259622,43.0,136.0,0,3,10.0,23,False
A,A_Traffic,B3_MUSE_RNN,3.614799981747309,-30.110396073770154,24.02670792280759,160.0,0,3,22.0,23,False
A,A_Traffic,B4_MINIMAL_GRU,3.622697978888681,-30.17836935596972,69.0,144.0,0,3,23.0,23,False
A,A_Traffic,B5_ONLINE_ESN,3.2525572660368955,-26.99279221809489,1121.0,3808.0,0,3,20.0,23,False
A,A_Traffic,C1_CURRENT_ONLY_LINEAR,1.9076289227532603,-15.417807803557718,5.0,40.0,0,3,18.0,23,False
A,A_Traffic,C2_NLMS,1.2304502992021231,-9.589741161490608,11.0,40.0,0,3,15.0,23,False
A,A_Traffic,C3_RLS,0.9130161472389988,-6.857777499661253,17.0,80.0,0,3,12.0,23,False
A,A_Traffic,C4_FIXED_LAG_LINEAR,0.4818871306881802,-3.147310936776334,129.0,544.0,0,3,9.0,23,False
A,A_Traffic,CTRL_ARX_NLMS,0.2480613738337457,-1.1349141389669044,20.0,16.0,0,3,7.0,23,False
A,A_Traffic,CTRL_PERSISTENCE,0.116192669909303,0.0,0.0,4.0,0,3,1.0,23,True
A,A_Traffic,CTRL_SEASONAL_NAIVE,0.1570249626654011,-0.35141883552525877,0.0,96.0,0,3,3.0,23,False
A,A_Traffic,IPNLMS,0.196479209298649,-0.690977661947312,26.0,16.0,0,3,4.0,23,False
A,A_Traffic,LEBRE_V032,0.2173767430133774,-0.8708300892221168,96.21162771761256,404.0,0,3,5.0,23,False
A,A_Traffic,RIVER_ARF,0.2307733008050166,-0.9861261556787724,,-1.0,0,3,6.0,23,False
A,A_Traffic,RIVER_HATR,0.3081139586037265,-1.6517503973715906,,-1.0,0,3,8.0,23,False
A,A_Traffic,RIVER_SGD_LINREG,0.1370441792487043,-0.1794563233263975,,-1.0,0,3,2.0,23,False
A,A_Traffic,S1_VARIABLE_TAP_LMS,1.6713336433036874,-13.38415731911676,32.634394593274166,544.0,0,3,16.0,23,False
A,A_Traffic,S2_LRU_STREAM,0.6642072316117029,-4.716429720824948,20.0,104.0,0,3,11.0,23,False
A,A_Traffic,S3_RSONN,0.9735423624774232,-7.378690008906572,28.003582770132727,96.0,0,3,14.0,23,False
A,A_Traffic,S4_ACESN,3.513792716676628,-29.241087664301332,1013.0097711912709,3808.0,0,3,21.0,23,False
A,A_Traffic,S5_CONTINUAL_BACKPROP,1.8776894957354209,-15.160137272007024,11.0,88.0,0,3,17.0,23,False
A,A_Traffic,Track_B,0.962470374806487,-7.283400110847452,8.0,208.0,0,3,13.0,23,False
B,B_Bikes,B1_RZA_LMS,inf,-inf,0.0,112.0,3,3,15.0,22,False
B,B_Bikes,B2_CCN,inf,-inf,0.0,216.0,3,3,15.0,22,False
B,B_Bikes,B3_MUSE_RNN,0.9661918945220866,0.29475364394972836,89.28839443926854,200.0,0,3,11.0,22,False
B,B_Bikes,B4_MINIMAL_GRU,0.7430459015681574,0.4576331912634848,129.0,264.0,0,3,7.0,22,False
B,B_Bikes,B5_ONLINE_ESN,1.029699900270262,0.24839764584225665,1321.0,4608.0,0,3,13.0,22,False
B,B_Bikes,C1_CURRENT_ONLY_LINEAR,inf,-inf,0.0,80.0,3,3,15.0,22,False
B,B_Bikes,C2_NLMS,0.8434261963909643,0.3843632357355996,41.0,80.0,0,3,9.0,22,True
B,B_Bikes,C3_RLS,inf,-inf,197.0,400.0,3,3,15.0,22,False
B,B_Bikes,C4_FIXED_LAG_LINEAR,inf,-inf,0.0,96.0,3,3,15.0,22,False
B,B_Bikes,CTRL_ARX_NLMS,0.9357288229732492,0.3169893616427889,50.0,36.0,0,3,10.0,22,False
B,B_Bikes,CTRL_PERSISTENCE,1.370006220143042,0.0,0.0,4.0,0,3,14.0,22,True
B,B_Bikes,IPNLMS,0.6733284148793893,0.5085216366323597,76.0,56.0,0,3,2.0,22,True
B,B_Bikes,LEBRE_V032,0.6773143461868798,0.505612210931304,94.89578717440833,1324.0,0,3,4.0,22,False
B,B_Bikes,RIVER_ARF,0.6900548682368228,0.4963126020225118,,-1.0,0,3,5.0,22,False
B,B_Bikes,RIVER_HATR,0.6908224784956054,0.4957523051074346,,-1.0,0,3,6.0,22,False
B,B_Bikes,RIVER_SGD_LINREG,0.6735773744786607,0.5083399151221863,,-1.0,0,3,3.0,22,False
B,B_Bikes,S1_VARIABLE_TAP_LMS,inf,-inf,0.0,544.0,3,3,15.0,22,False
B,B_Bikes,S2_LRU_STREAM,inf,-inf,0.0,184.0,3,3,15.0,22,False
B,B_Bikes,S3_RSONN,0.6677504666793068,0.5125931131833934,225.93517525385778,448.0,0,3,1.0,22,True
B,B_Bikes,S4_ACESN,1.0289446022571644,0.248948955757491,1284.9915654758643,4608.0,0,3,12.0,22,False
B,B_Bikes,S5_CONTINUAL_BACKPROP,inf,-inf,0.0,208.0,3,3,15.0,22,False
B,B_Bikes,Track_B,0.7941759913673455,0.42031212728039613,42.921560491352786,376.0,0,3,8.0,22,True
B,B_FriedmanDrift_GRA,B1_RZA_LMS,2.0441225812819663,-0.025499556927728206,101.0,144.0,0,10,19.0,22,False
B,B_FriedmanDrift_GRA,B2_CCN,0.30314256544369755,0.8474680666090774,225.0,400.0,0,10,3.0,22,False
B,B_FriedmanDrift_GRA,B3_MUSE_RNN,1.2801380889278193,0.3592352641470496,246.66902857142858,620.8,0,10,11.0,22,False
B,B_FriedmanDrift_GRA,B4_MINIMAL_GRU,1.1735478392434682,0.4142969420883552,177.0,360.0,0,10,10.0,22,False
B,B_FriedmanDrift_GRA,B5_ONLINE_ESN,1.3721138844396745,0.31275947602212006,1481.0,5248.0,0,10,12.0,22,False
B,B_FriedmanDrift_GRA,C1_CURRENT_ONLY_LINEAR,2.0441224861522302,-0.025499510414940807,41.0,112.0,0,10,18.0,22,False
B,B_FriedmanDrift_GRA,C2_NLMS,2.248136529526368,-0.1256951860329496,65.0,112.0,0,10,20.0,22,False
B,B_FriedmanDrift_GRA,C3_RLS,3747466.465217108,-1873867.1833152967,485.0,944.0,0,10,21.0,22,False
B,B_FriedmanDrift_GRA,C4_FIXED_LAG_LINEAR,1.8180543167429342,0.08535272449736397,129.0,544.0,0,10,14.0,22,False
B,B_FriedmanDrift_GRA,CTRL_ARX_NLMS,0.5335930450015134,0.7331770079367634,74.0,52.0,0,10,7.0,22,True
B,B_FriedmanDrift_GRA,CTRL_PERSISTENCE,1.9959642182793516,0.0,0.0,4.0,0,10,16.0,22,True
B,B_FriedmanDrift_GRA,IPNLMS,0.3049723767542505,0.8468580071617572,116.0,88.0,0,10,4.0,22,True
B,B_FriedmanDrift_GRA,LEBRE_V032,0.3024452078043339,0.8479289534639813,116.79931428571429,2124.0,0,10,2.0,22,True
B,B_FriedmanDrift_GRA,RIVER_ARF,0.32140084076285147,0.8390274073740003,,-1.0,0,10,5.0,22,False
B,B_FriedmanDrift_GRA,RIVER_HATR,0.2802697930118886,0.8597725779922494,,-1.0,0,10,1.0,22,False
B,B_FriedmanDrift_GRA,RIVER_SGD_LINREG,0.33956066315899225,0.8289196275462059,,-1.0,0,10,6.0,22,False
B,B_FriedmanDrift_GRA,S1_VARIABLE_TAP_LMS,1.8720850660601065,0.05808560324548706,185.0,544.0,0,10,15.0,22,False
B,B_FriedmanDrift_GRA,S2_LRU_STREAM,inf,-inf,0.0,248.0,10,10,22.0,22,False
B,B_FriedmanDrift_GRA,S3_RSONN,0.6575636887542209,0.6702815232439602,321.9832,576.0,0,10,8.0,22,False
B,B_FriedmanDrift_GRA,S4_ACESN,1.115070703729108,0.4372990653651973,4484.986371428572,16768.0,0,10,9.0,22,False
B,B_FriedmanDrift_GRA,S5_CONTINUAL_BACKPROP,2.0441224861522294,-0.02549951041493881,65.0,304.0,0,10,17.0,22,False
B,B_FriedmanDrift_GRA,Track_B,1.6023720736860798,0.19667434522445176,64.17512857142857,408.0,0,10,13.0,22,True
B,B_FriedmanDrift_GSG,B1_RZA_LMS,2.0420645374332267,-0.01931205075324771,101.0,144.0,0,10,19.0,22,False
B,B_FriedmanDrift_GSG,B2_CCN,0.3118694842149805,0.8434323078241013,133.0,280.0,0,10,4.0,22,False
B,B_FriedmanDrift_GSG,B3_MUSE_RNN,1.0493684926543505,0.47428116351330774,213.60665714285716,540.8,0,10,9.0,22,False
B,B_FriedmanDrift_GSG,B4_MINIMAL_GRU,1.170284040438992,0.411510548656137,177.0,360.0,0,10,11.0,22,False
B,B_FriedmanDrift_GSG,B5_ONLINE_ESN,1.3480313306777862,0.32473187115542385,1481.0,5248.0,0,10,12.0,22,False
B,B_FriedmanDrift_GSG,C1_CURRENT_ONLY_LINEAR,2.0420644578019176,-0.019312009387011053,41.0,112.0,0,10,18.0,22,False
B,B_FriedmanDrift_GSG,C2_NLMS,2.261099270047429,-0.1278949635417982,65.0,112.0,0,10,20.0,22,False
B,B_FriedmanDrift_GSG,C3_RLS,1954442.6794191627,-974607.6543182842,485.0,944.0,0,10,21.0,22,False
B,B_FriedmanDrift_GSG,C4_FIXED_LAG_LINEAR,1.8742540718609373,0.06765721014937787,129.0,544.0,0,10,14.0,22,False
B,B_FriedmanDrift_GSG,CTRL_ARX_NLMS,0.527462068282113,0.7361167016505811,74.0,52.0,0,10,7.0,22,True
B,B_FriedmanDrift_GSG,CTRL_PERSISTENCE,2.001769421244968,0.0,0.0,4.0,0,10,16.0,22,True
B,B_FriedmanDrift_GSG,IPNLMS,0.3104990555323687,0.8440939301575425,116.0,88.0,0,10,3.0,22,True
B,B_FriedmanDrift_GSG,LEBRE_V032,0.31026089747016694,0.8441698258829969,116.79931428571429,2124.0,0,10,2.0,22,True
B,B_FriedmanDrift_GSG,RIVER_ARF,0.3159011374797251,0.8433818758788516,,-1.0,0,10,5.0,22,False
B,B_FriedmanDrift_GSG,RIVER_HATR,0.2856102992283949,0.8559370212663922,,-1.0,0,10,1.0,22,False
B,B_FriedmanDrift_GSG,RIVER_SGD_LINREG,0.35425722512214813,0.8224474336571868,,-1.0,0,10,6.0,22,False
B,B_FriedmanDrift_GSG,S1_VARIABLE_TAP_LMS,1.936218222143045,0.036353874377127005,185.0,544.0,0,10,15.0,22,False
B,B_FriedmanDrift_GSG,S2_LRU_STREAM,inf,-inf,0.0,248.0,10,10,22.0,22,False
B,B_FriedmanDrift_GSG,S3_RSONN,0.6435998859409704,0.6789157672162459,321.98560000000003,576.0,0,10,8.0,22,False
B,B_FriedmanDrift_GSG,S4_ACESN,1.0856897553601847,0.4573975196033968,4484.986114285714,16768.0,0,10,10.0,22,False
B,B_FriedmanDrift_GSG,S5_CONTINUAL_BACKPROP,2.042064457801902,-0.019312009387006612,65.0,304.0,0,10,17.0,22,False
B,B_FriedmanDrift_GSG,Track_B,1.6063414058132746,0.19878172789646448,64.0365,408.0,0,10,13.0,22,True
B,B_FriedmanDrift_LEA,B1_RZA_LMS,1.479881098510918,0.2578576671446297,101.0,144.0,0,10,16.0,22,False
B,B_FriedmanDrift_LEA,B2_CCN,0.36485752826866347,0.8177840525903326,225.0,400.0,0,10,5.0,22,False
B,B_FriedmanDrift_LEA,B3_MUSE_RNN,1.0541223071277934,0.4644015998913623,224.2557142857143,592.0,0,10,12.0,22,False
B,B_FriedmanDrift_LEA,B4_MINIMAL_GRU,0.8957660442450641,0.5502265131621324,177.0,360.0,0,10,10.0,22,False
B,B_FriedmanDrift_LEA,B5_ONLINE_ESN,0.9894703849994491,0.5035629887594513,1481.0,5248.0,0,10,11.0,22,False
B,B_FriedmanDrift_LEA,C1_CURRENT_ONLY_LINEAR,1.479881031563788,0.25785770081082976,41.0,112.0,0,10,15.0,22,True
B,B_FriedmanDrift_LEA,C2_NLMS,1.6347816894803642,0.18022318318785963,65.0,112.0,0,10,17.0,22,False
B,B_FriedmanDrift_LEA,C3_RLS,2052983.0153664676,-1039932.1599287586,485.0,944.0,0,10,21.0,22,False
B,B_FriedmanDrift_LEA,C4_FIXED_LAG_LINEAR,1.696600840233993,0.15083275510860372,129.0,544.0,0,10,18.0,22,False
B,B_FriedmanDrift_LEA,CTRL_ARX_NLMS,0.4388861192564562,0.7805693246542612,74.0,52.0,0,10,7.0,22,True
B,B_FriedmanDrift_LEA,CTRL_PERSISTENCE,1.988969913806524,0.0,0.0,4.0,0,10,20.0,22,True
B,B_FriedmanDrift_LEA,IPNLMS,0.36206404202633413,0.8188501758011035,116.0,88.0,0,10,3.0,22,True
B,B_FriedmanDrift_LEA,LEBRE_V032,0.362554100816069,0.818644084215822,116.79931428571429,2124.0,0,10,4.0,22,False
B,B_FriedmanDrift_LEA,RIVER_ARF,0.24355367361258834,0.8771929700384791,,-1.0,0,10,1.0,22,False
B,B_FriedmanDrift_LEA,RIVER_HATR,0.26287426703198014,0.8675880656764212,,-1.0,0,10,2.0,22,False
B,B_FriedmanDrift_LEA,RIVER_SGD_LINREG,0.42207996586258195,0.7898017778759294,,-1.0,0,10,6.0,22,False
B,B_FriedmanDrift_LEA,S1_VARIABLE_TAP_LMS,1.7406010958830538,0.1293369979812925,185.0,544.0,0,10,19.0,22,False
B,B_FriedmanDrift_LEA,S2_LRU_STREAM,inf,-inf,0.0,248.0,10,10,22.0,22,False
B,B_FriedmanDrift_LEA,S3_RSONN,0.5729656101503785,0.7118618990079266,321.934,576.0,0,10,8.0,22,False
B,B_FriedmanDrift_LEA,S4_ACESN,0.8704768008420662,0.5565271074581825,4484.986685714286,16768.0,0,10,9.0,22,False
B,B_FriedmanDrift_LEA,S5_CONTINUAL_BACKPROP,1.4798810315637865,0.25785770081083165,65.0,304.0,0,10,14.0,22,False
B,B_FriedmanDrift_LEA,Track_B,1.2496291062219402,0.37300955007859427,63.754485714285714,408.0,0,10,13.0,22,True
B,B_Mv,B1_RZA_LMS,inf,-inf,42.3,176.0,7,10,18.0,22,False
B,B_Mv,B2_CCN,inf,-inf,51.9,344.0,7,10,18.0,22,False
B,B_Mv,B3_MUSE_RNN,0.9925852554073049,0.5022822622479421,445.07191428571434,928.0,0,10,13.0,22,False
B,B_Mv,B4_MINIMAL_GRU,0.9726744975382504,0.5128588868039616,225.0,456.0,0,10,12.0,22,False
B,B_Mv,B5_ONLINE_ESN,0.45506090472612715,0.7733190928241171,1641.0,5888.0,0,10,10.0,22,False
B,B_Mv,C1_CURRENT_ONLY_LINEAR,inf,-inf,17.1,144.0,7,10,18.0,22,False
B,B_Mv,C2_NLMS,0.39459452088626407,0.8026485212509139,89.0,144.0,0,10,7.0,22,True
B,B_Mv,C3_RLS,3133240.1597109623,-1574343.7286964983,901.0,1744.0,0,10,17.0,22,False
B,B_Mv,C4_FIXED_LAG_LINEAR,1.1582117884710499,0.42114097403309386,17.0,96.0,0,10,14.0,22,True
B,B_Mv,CTRL_ARX_NLMS,0.6710967511177757,0.6616830221915773,98.0,68.0,0,10,11.0,22,False
B,B_Mv,CTRL_PERSISTENCE,1.9983907823839253,0.0,0.0,4.0,0,10,16.0,22,True
B,B_Mv,IPNLMS,0.3827625649332888,0.8084228479051508,156.0,120.0,0,10,6.0,22,False
B,B_Mv,LEBRE_V032,0.3755833556137351,0.8122849307574466,140.8,2924.0,0,10,5.0,22,True
B,B_Mv,RIVER_ARF,0.0627896036943518,0.9685667215659676,,-1.0,0,10,1.0,22,False
B,B_Mv,RIVER_HATR,0.11182896146978655,0.9439468062281007,,-1.0,0,10,2.0,22,False
B,B_Mv,RIVER_SGD_LINREG,0.4124128755711552,0.7936031161801412,,-1.0,0,10,8.0,22,False
B,B_Mv,S1_VARIABLE_TAP_LMS,1.2292510534573329,0.3853728429761529,184.83512857142858,544.0,0,10,15.0,22,False
B,B_Mv,S2_LRU_STREAM,inf,-inf,0.0,312.0,10,10,18.0,22,False
B,B_Mv,S3_RSONN,0.1875937511719554,0.9063421950366783,418.0,704.0,0,10,3.0,22,True
B,B_Mv,S4_ACESN,0.36841479704023455,0.8149391328582678,4804.995342857143,18048.0,0,10,4.0,22,False
B,B_Mv,S5_CONTINUAL_BACKPROP,inf,-inf,17.8,400.0,8,10,18.0,22,False
B,B_Mv,Track_B,0.4289124856077211,0.7864515655705487,74.90232857142857,414.4,0,10,9.0,22,True
B,B_Planes2D,B1_RZA_LMS,0.30636484178474255,0.8469101337338206,101.0,144.0,0,10,5.0,22,True
B,B_Planes2D,B2_CCN,0.3072064954384985,0.8464909790846676,133.0,280.0,0,10,9.0,22,False
B,B_Planes2D,B3_MUSE_RNN,1.0000308686720336,0.5025219584475211,60.55154285714286,232.0,0,10,21.0,22,False
B,B_Planes2D,B4_MINIMAL_GRU,0.6448610960589163,0.6782299624118133,177.0,360.0,0,10,20.0,22,False
B,B_Planes2D,B5_ONLINE_ESN,0.396196123862236,0.8040004582776594,1481.0,5248.0,0,10,17.0,22,False
B,B_Planes2D,C1_CURRENT_ONLY_LINEAR,0.3068717815319226,0.8466741589551737,41.0,112.0,0,10,6.0,22,True
B,B_Planes2D,C2_NLMS,0.30821964484027453,0.8459806351088601,65.0,112.0,0,10,12.0,22,False
B,B_Planes2D,C3_RLS,0.294312931023185,0.8528532187525604,485.0,944.0,0,10,4.0,22,False
B,B_Planes2D,C4_FIXED_LAG_LINEAR,0.5442542776876449,0.7269395763231804,17.0,96.0,0,10,18.0,22,True
B,B_Planes2D,CTRL_ARX_NLMS,0.31395401003716006,0.8431879739119398,74.0,52.0,0,10,13.0,22,False
B,B_Planes2D,CTRL_PERSISTENCE,2.0104504963985823,0.0,0.0,4.0,0,10,22.0,22,True
B,B_Planes2D,IPNLMS,0.3077672401498341,0.8461761238447761,116.0,88.0,0,10,10.0,22,False
B,B_Planes2D,LEBRE_V032,0.3079633073220852,0.8459607574489947,116.8,2124.0,0,10,11.0,22,False
B,B_Planes2D,RIVER_ARF,0.13859725150517804,0.93090973402161,,-1.0,0,10,1.0,22,False
B,B_Planes2D,RIVER_HATR,0.27888381337908236,0.8604767696974343,,-1.0,0,10,3.0,22,False
B,B_Planes2D,RIVER_SGD_LINREG,0.33420227460386076,0.8331112599474402,,-1.0,0,10,16.0,22,False
B,B_Planes2D,S1_VARIABLE_TAP_LMS,0.5584642117640473,0.7207766738232878,183.63157142857145,544.0,0,10,19.0,22,False
B,B_Planes2D,S2_LRU_STREAM,0.30717486472420474,0.8461893356613708,92.0,248.0,0,10,8.0,22,False
B,B_Planes2D,S3_RSONN,0.20675861108926405,0.8975206672777432,321.997,576.0,0,10,2.0,22,True
B,B_Planes2D,S4_ACESN,0.32553360517376834,0.8378007811432572,4484.9728,16768.0,0,10,14.0,22,False
B,B_Planes2D,S5_CONTINUAL_BACKPROP,0.3068717815319226,0.8466741589551737,65.0,304.0,0,10,6.0,22,False
B,B_Planes2D,Track_B,0.3316963657065468,0.8347245680177146,59.31372857142857,395.2,0,10,15.0,22,False
B,B_TrumpApproval,B1_RZA_LMS,inf,-inf,0.0,112.0,3,3,16.0,22,False
B,B_TrumpApproval,B2_CCN,inf,-inf,0.0,216.0,3,3,16.0,22,False
B,B_TrumpApproval,B3_MUSE_RNN,0.5399347475651826,-10.824605294637589,155.37232524964335,378.6666666666667,0,3,10.0,22,False
B,B_TrumpApproval,B4_MINIMAL_GRU,3.735818884088935,-80.81467104276747,129.0,264.0,0,3,13.0,22,False
B,B_TrumpApproval,B5_ONLINE_ESN,0.3027883502124821,-5.631084117520823,1321.0,4608.0,0,3,8.0,22,False
B,B_TrumpApproval,C1_CURRENT_ONLY_LINEAR,inf,-inf,0.0,80.0,3,3,16.0,22,False
B,B_TrumpApproval,C2_NLMS,0.2491881150100073,-4.45723555928835,41.0,80.0,0,3,6.0,22,False
B,B_TrumpApproval,C3_RLS,37.54386469244465,-821.2130233799118,197.0,400.0,0,3,14.0,22,False
B,B_TrumpApproval,C4_FIXED_LAG_LINEAR,136843.44088536262,-2996879.0543516423,17.0,96.0,0,3,15.0,22,False
B,B_TrumpApproval,CTRL_ARX_NLMS,0.0500317122610049,-0.09569767896785009,50.0,36.0,0,3,2.0,22,False
B,B_TrumpApproval,CTRL_PERSISTENCE,0.0456619679144843,0.0,0.0,4.0,0,3,1.0,22,True
B,B_TrumpApproval,IPNLMS,0.107288188723824,-1.3496181532244358,76.0,56.0,0,3,3.0,22,False
B,B_TrumpApproval,LEBRE_V032,0.4312860904162461,-8.445192796419954,72.0,1324.0,0,3,9.0,22,False
B,B_TrumpApproval,RIVER_ARF,inf,-inf,0.0,-1.0,3,3,16.0,22,False
B,B_TrumpApproval,RIVER_HATR,2.3957445497187053,-51.46695793325103,,-1.0,0,3,12.0,22,False
B,B_TrumpApproval,RIVER_SGD_LINREG,1.5458560932233092,-32.85434670968163,,-1.0,0,3,11.0,22,False
B,B_TrumpApproval,S1_VARIABLE_TAP_LMS,inf,-inf,0.0,544.0,3,3,16.0,22,False
B,B_TrumpApproval,S2_LRU_STREAM,inf,-inf,0.0,184.0,3,3,16.0,22,False
B,B_TrumpApproval,S3_RSONN,0.2838054224576297,-5.2153567929691595,226.0,448.0,0,3,7.0,22,False
B,B_TrumpApproval,S4_ACESN,0.2024152930795401,-3.4329077857227546,4164.754636233952,15488.0,0,3,5.0,22,False
B,B_TrumpApproval,S5_CONTINUAL_BACKPROP,inf,-inf,0.0,208.0,3,3,16.0,22,False
B,B_TrumpApproval,Track_B,0.1873413779893369,-3.1027880870178377,49.90299572039944,376.0,0,3,4.0,22,False
B,B_WaterFlow,B1_RZA_LMS,0.8414406300420901,-13.042688707810479,21.0,80.0,0,3,12.0,22,False
B,B_WaterFlow,B2_CCN,0.7539644283854796,-11.582810226373244,53.0,152.0,0,3,11.0,22,False
B,B_WaterFlow,B3_MUSE_RNN,0.6472973419919652,-9.802657668826406,181.73123123123125,365.3333333333333,0,3,8.0,22,False
B,B_WaterFlow,B4_MINIMAL_GRU,5.820558870817321,-96.1385186430609,81.0,168.0,0,3,19.0,22,False
B,B_WaterFlow,B5_ONLINE_ESN,0.6534514367709995,-9.905362523066705,1161.0,3968.0,0,3,9.0,22,False
B,B_WaterFlow,C1_CURRENT_ONLY_LINEAR,0.8428950127197344,-13.066960703332217,9.0,48.0,0,3,14.0,22,False
B,B_WaterFlow,C2_NLMS,0.1381829102744969,-1.3061158737093566,17.0,48.0,0,3,4.0,22,False
B,B_WaterFlow,C3_RLS,2.916115831674091,-47.66666214830717,37.0,112.0,0,3,17.0,22,False
B,B_WaterFlow,C4_FIXED_LAG_LINEAR,inf,-inf,0.0,96.0,3,3,20.0,22,False
B,B_WaterFlow,CTRL_ARX_NLMS,0.104969401898636,-0.7518201309507258,26.0,20.0,0,3,3.0,22,False
B,B_WaterFlow,CTRL_PERSISTENCE,0.0599201938852411,0.0,0.0,4.0,0,3,1.0,22,True
B,B_WaterFlow,IPNLMS,0.0727665039097652,-0.21439032806080882,36.0,24.0,0,3,2.0,22,False
B,B_WaterFlow,LEBRE_V032,4.981637265462605,-82.13786959707461,82.68243243243244,568.0,0,3,18.0,22,False
B,B_WaterFlow,RIVER_ARF,0.628159786995036,-9.483273605524118,,-1.0,0,3,7.0,22,False
B,B_WaterFlow,RIVER_HATR,0.905393888937758,-14.109995983520413,,-1.0,0,3,15.0,22,False
B,B_WaterFlow,RIVER_SGD_LINREG,1.1095698387251531,-17.51746075538734,,-1.0,0,3,16.0,22,False
B,B_WaterFlow,S1_VARIABLE_TAP_LMS,inf,-inf,0.0,544.0,3,3,20.0,22,False
B,B_WaterFlow,S2_LRU_STREAM,inf,-inf,0.0,120.0,3,3,20.0,22,False
B,B_WaterFlow,S3_RSONN,0.6573559334868709,-9.970524139922443,130.0,320.0,0,3,10.0,22,False
B,B_WaterFlow,S4_ACESN,0.2353034488748649,-2.926947388146256,3844.965465465466,14208.0,0,3,6.0,22,False
B,B_WaterFlow,S5_CONTINUAL_BACKPROP,0.8428936104072388,-13.06693730032891,17.0,112.0,0,3,13.0,22,False
B,B_WaterFlow,Track_B,0.1533320562602707,-1.5589379192252206,39.538288288288285,344.0,0,3,5.0,22,False
C,C_CascadedTanks,B1_RZA_LMS,0.0062454446355427,-1.2856216401801928,21.0,80.0,0,3,7.0,22,False
C,C_CascadedTanks,B2_CCN,0.0067034185441103,-1.4532246111685208,53.0,152.0,0,3,8.0,22,False
C,C_CascadedTanks,B3_MUSE_RNN,0.4604716795902193,-167.51707075777537,65.60677083333333,168.0,0,3,20.0,22,False
C,C_CascadedTanks,B4_MINIMAL_GRU,0.8036597087657688,-293.1122896586729,81.0,168.0,0,3,22.0,22,False
C,C_CascadedTanks,B5_ONLINE_ESN,0.0709540231680474,-24.96677422898053,1161.0,3968.0,0,3,19.0,22,False
C,C_CascadedTanks,C1_CURRENT_ONLY_LINEAR,0.0071419553251543,-1.6137142504593425,9.0,48.0,0,3,9.0,22,False
C,C_CascadedTanks,C2_NLMS,0.0034088198501163,-0.24751284681346175,17.0,48.0,0,3,3.0,22,False
C,C_CascadedTanks,C3_RLS,0.0228130812425748,-7.348816651176142,37.0,112.0,0,3,14.0,22,False
C,C_CascadedTanks,C4_FIXED_LAG_LINEAR,0.6071179349696798,-221.18464357383928,17.0,96.0,0,3,21.0,22,False
C,C_CascadedTanks,CTRL_ARX_NLMS,0.0040814711511761,-0.49368048734430636,26.0,20.0,0,3,5.0,22,False
C,C_CascadedTanks,CTRL_PERSISTENCE,0.0027324927825982,0.0,0.0,4.0,0,3,1.0,22,True
C,C_CascadedTanks,IPNLMS,0.0059643325788287,-1.1827441290283836,36.0,24.0,0,3,6.0,22,False
C,C_CascadedTanks,LEBRE_V032,0.0075913508202164,-1.7781778120555596,87.0732421875,568.0,0,3,11.0,22,False
C,C_CascadedTanks,RIVER_ARF,0.0295869543073126,-9.827825235526975,,-1.0,0,3,15.0,22,False
C,C_CascadedTanks,RIVER_HATR,0.0224882004802076,-7.229921273140281,,-1.0,0,3,13.0,22,False
C,C_CascadedTanks,RIVER_SGD_LINREG,0.0030476299611976,-0.11532955571056469,,-1.0,0,3,2.0,22,False
C,C_CascadedTanks,S1_VARIABLE_TAP_LMS,0.0473591326580063,-16.33184181111503,185.0,544.0,0,3,17.0,22,False
C,C_CascadedTanks,S2_LRU_STREAM,0.0081377218383521,-1.978131137317869,18.666666666666668,120.0,1,3,12.0,22,False
C,C_CascadedTanks,S3_RSONN,0.056847641811908,-19.804315449226305,130.0,320.0,0,3,18.0,22,False
C,C_CascadedTanks,S4_ACESN,0.0469802765263106,-16.193193272275913,3843.8424479166665,14208.0,0,3,16.0,22,False
C,C_CascadedTanks,S5_CONTINUAL_BACKPROP,0.0071702986456486,-1.624086947754197,17.0,112.0,0,3,10.0,22,False
C,C_CascadedTanks,Track_B,0.0036843737084006,-0.34835624520746666,12.732421875,216.0,0,3,4.0,22,False
C,C_EMPS,B1_RZA_LMS,0.3737287327929228,-307497.87721402396,21.0,80.0,0,3,13.0,22,False
C,C_EMPS,B2_CCN,0.0027329157538245,-2247.605611726519,97.0,208.0,0,3,5.0,22,False
C,C_EMPS,B3_MUSE_RNN,3.24282232162628,-2668148.7444757563,29.83256175945681,168.0,0,3,22.0,22,False
C,C_EMPS,B4_MINIMAL_GRU,2.197814707868847,-1808330.8077891055,81.0,168.0,0,3,21.0,22,False
C,C_EMPS,B5_ONLINE_ESN,0.8898631567197574,-732166.2045940204,1161.0,3968.0,0,3,18.0,22,False
C,C_EMPS,C1_CURRENT_ONLY_LINEAR,0.373992321068594,-307714.75403323985,9.0,48.0,0,3,15.0,22,False
C,C_EMPS,C2_NLMS,0.1996194009185265,-164243.10612975823,17.0,48.0,0,3,11.0,22,False
C,C_EMPS,C3_RLS,1.7830872692496766,-1467098.7575471785,37.0,112.0,0,3,20.0,22,False
C,C_EMPS,C4_FIXED_LAG_LINEAR,0.4573800015505855,-376324.9942202043,65.0,288.0,0,3,16.0,22,False
C,C_EMPS,CTRL_ARX_NLMS,0.0005690892006916,-467.23879164859807,26.0,20.0,0,3,3.0,22,False
C,C_EMPS,CTRL_PERSISTENCE,1.215382430592713e-06,0.0,0.0,4.0,0,3,1.0,22,True
C,C_EMPS,IPNLMS,0.0001952311597981,-159.63352150235258,36.0,24.0,0,3,2.0,22,False
C,C_EMPS,LEBRE_V032,0.0359409089660539,-29570.687117875612,92.10241133609755,608.0,0,3,8.0,22,False
C,C_EMPS,RIVER_ARF,0.0024938300553336,-2050.88917706955,,-1.0,0,3,4.0,22,False
C,C_EMPS,RIVER_HATR,0.0112377049829196,-9245.229581778023,,-1.0,0,3,7.0,22,False
C,C_EMPS,RIVER_SGD_LINREG,0.0049341418531055,-4058.7442655964996,,-1.0,0,3,6.0,22,False
C,C_EMPS,S1_VARIABLE_TAP_LMS,0.5629354188263033,-463174.5443031706,23.500704480495955,544.0,0,3,17.0,22,False
C,C_EMPS,S2_LRU_STREAM,0.0809577227843031,-66609.9043100207,28.0,120.0,0,3,10.0,22,False
C,C_EMPS,S3_RSONN,0.0516239720945734,-42474.496432341315,36.3239000040256,104.0,0,3,9.0,22,False
C,C_EMPS,S4_ACESN,1.0193528034332997,-838708.5105004786,3746.535633294419,14208.0,0,3,19.0,22,False
C,C_EMPS,S5_CONTINUAL_BACKPROP,0.3739911266489595,-307713.7712811417,17.0,112.0,0,3,14.0,22,False
C,C_EMPS,Track_B,0.2583103722754036,-212533.23266076227,12.0,216.0,0,3,12.0,22,False
C,C_WienerHammerstein,B1_RZA_LMS,0.0426611140636819,-1.3502021950051342,21.0,80.0,0,3,13.0,22,False
C,C_WienerHammerstein,B2_CCN,0.0177322650925347,0.023128925309402026,97.0,208.0,0,3,2.0,22,True
C,C_WienerHammerstein,B3_MUSE_RNN,1.0271391308524804,-55.58512893736851,49.39686971235195,168.0,0,3,21.0,22,False
C,C_WienerHammerstein,B4_MINIMAL_GRU,0.0986582771378002,-4.4350877742801185,81.0,168.0,0,3,18.0,22,False
C,C_WienerHammerstein,B5_ONLINE_ESN,0.0318679624662282,-0.7556071139321456,1161.0,3968.0,0,3,10.0,22,False
C,C_WienerHammerstein,C1_CURRENT_ONLY_LINEAR,0.042664492279808,-1.350388301044069,9.0,48.0,0,3,14.0,22,False
C,C_WienerHammerstein,C2_NLMS,0.0530559346742596,-1.9228532087409325,17.0,48.0,0,3,16.0,22,False
C,C_WienerHammerstein,C3_RLS,inf,-inf,37.0,112.0,3,3,22.0,22,False
C,C_WienerHammerstein,C4_FIXED_LAG_LINEAR,0.0597262280609245,-2.2903198936303255,129.0,544.0,0,3,17.0,22,False
C,C_WienerHammerstein,CTRL_ARX_NLMS,0.0191410505525156,-0.054481112614074956,26.0,20.0,0,3,5.0,22,False
C,C_WienerHammerstein,CTRL_PERSISTENCE,0.0181521037442439,0.0,0.0,4.0,0,3,4.0,22,True
C,C_WienerHammerstein,IPNLMS,0.0243651443845608,-0.34227661585991687,36.0,24.0,0,3,9.0,22,False
C,C_WienerHammerstein,LEBRE_V032,0.0032289229245757,0.8221185285149623,101.230038071066,604.0,0,3,1.0,22,True
C,C_WienerHammerstein,RIVER_ARF,0.0198568051659485,-0.09391205811313097,,-1.0,0,3,8.0,22,False
C,C_WienerHammerstein,RIVER_HATR,0.0193360067816287,-0.06522125777073695,,-1.0,0,3,6.0,22,False
C,C_WienerHammerstein,RIVER_SGD_LINREG,0.0179121212343304,0.01322064446606075,,-1.0,0,3,3.0,22,False
C,C_WienerHammerstein,S1_VARIABLE_TAP_LMS,0.92735656708938,-50.08810417544541,18.278274111675128,544.0,0,3,20.0,22,False
C,C_WienerHammerstein,S2_LRU_STREAM,0.0350655133968326,-0.931760301224227,28.0,120.0,0,3,11.0,22,False
C,C_WienerHammerstein,S3_RSONN,0.0198509067808462,-0.09358711588133217,130.0,320.0,0,3,7.0,22,False
C,C_WienerHammerstein,S4_ACESN,0.1054569404301088,-4.809626361547936,3699.649441624366,14208.0,0,3,19.0,22,False
C,C_WienerHammerstein,S5_CONTINUAL_BACKPROP,0.042664492279808,-1.350388301044069,17.0,112.0,0,3,14.0,22,False
C,C_WienerHammerstein,Track_B,0.0406246987020305,-1.238016004889487,12.0,216.0,0,3,12.0,22,False
D,D_SparseFIR_K1_colored,B1_RZA_LMS,0.03516744987962755,0.9211691448506011,321.0,320.0,0,10,2.0,23,True
D,D_SparseFIR_K1_colored,B2_CCN,0.0408243776772209,0.9091824544398746,353.0,632.0,0,10,5.0,23,False
D,D_SparseFIR_K1_colored,B3_MUSE_RNN,1.0013116442242154,-1.3151895556328679,246.26799999999997,531.2,0,10,23.0,23,False
D,D_SparseFIR_K1_colored,B4_MINIMAL_GRU,0.15755419991601455,0.6165288574604855,441.0,888.0,0,10,17.0,23,False
D,D_SparseFIR_K1_colored,B5_ONLINE_ESN,0.2670030547696681,0.3768193290477721,2361.0,8768.0,0,10,20.0,23,False
D,D_SparseFIR_K1_colored,C1_CURRENT_ONLY_LINEAR,0.04083758329012485,0.9093601835968135,129.0,288.0,0,10,6.0,23,False
D,D_SparseFIR_K1_colored,C2_NLMS,0.044375902502632195,0.8970026033531519,197.0,288.0,0,10,11.0,23,False
D,D_SparseFIR_K1_colored,C3_RLS,0.1998893363747564,0.5409916950685416,4357.0,8512.0,0,10,19.0,23,False
D,D_SparseFIR_K1_colored,C4_FIXED_LAG_LINEAR,0.04085684706781745,0.909286960072434,129.0,544.0,0,10,8.0,23,False
D,D_SparseFIR_K1_colored,CTRL_ARX_NLMS,0.0737613958588203,0.8291135177513131,206.0,140.0,0,10,15.0,23,False
D,D_SparseFIR_K1_colored,CTRL_PERSISTENCE,0.4283543395026319,0.0,0.0,4.0,0,10,22.0,23,True
D,D_SparseFIR_K1_colored,IPNLMS,0.0217541658304435,0.9516701383890975,336.0,264.0,0,10,1.0,23,True
D,D_SparseFIR_K1_colored,LEBRE_V032,0.0668525812454675,0.8458280101840252,271.9823857142857,6534.0,0,10,14.0,23,False
D,D_SparseFIR_K1_colored,LEBRE_V032_NATIVE,0.043374209807157046,0.8943152836806993,68.52162857142858,346.0,0,10,9.0,23,True
D,D_SparseFIR_K1_colored,RIVER_ARF,0.3198317806590723,0.2688085383667447,,-1.0,0,10,21.0,23,False
D,D_SparseFIR_K1_colored,RIVER_HATR,0.07655528609185355,0.8215937397609092,,-1.0,0,10,16.0,23,False
D,D_SparseFIR_K1_colored,RIVER_SGD_LINREG,0.040403995257001946,0.908481467321185,,-1.0,0,10,3.0,23,False
D,D_SparseFIR_K1_colored,S1_VARIABLE_TAP_LMS,0.04066700307463575,0.8986273523886752,84.81602857142857,544.0,0,10,4.0,23,True
D,D_SparseFIR_K1_colored,S2_LRU_STREAM,0.044205515792586095,0.8997717663163678,241.2,600.0,1,10,10.0,23,False
D,D_SparseFIR_K1_colored,S3_RSONN,0.05969520554724905,0.8655292020918797,841.7894285714286,1280.0,0,10,13.0,23,False
D,D_SparseFIR_K1_colored,S4_ACESN,0.16217862198593974,0.625846626446333,6238.7688,23808.0,0,10,18.0,23,False
D,D_SparseFIR_K1_colored,S5_CONTINUAL_BACKPROP,0.040837646919681045,0.9093602328200474,197.0,832.0,0,10,7.0,23,False
D,D_SparseFIR_K1_colored,Track_B,0.045749604981732,0.893797136972168,132.58765714285715,456.0,0,10,12.0,23,False
D,D_SparseFIR_K1_white,B1_RZA_LMS,0.0272225743391381,0.9865919885712569,321.0,320.0,0,10,3.0,23,False
D,D_SparseFIR_K1_white,B2_CCN,0.039110929954933454,0.9807454768901738,577.0,928.0,0,10,8.0,23,False
D,D_SparseFIR_K1_white,B3_MUSE_RNN,1.000118858011371,0.5021279946557748,151.1204,408.0,0,10,22.0,23,False
D,D_SparseFIR_K1_white,B4_MINIMAL_GRU,0.5989883319302665,0.7055564849565983,441.0,888.0,0,10,20.0,23,False
D,D_SparseFIR_K1_white,B5_ONLINE_ESN,0.5900927583402842,0.7093785463854727,2361.0,8768.0,0,10,19.0,23,False
D,D_SparseFIR_K1_white,C1_CURRENT_ONLY_LINEAR,0.038439781243574195,0.9810758430507358,129.0,288.0,0,10,5.0,23,False
D,D_SparseFIR_K1_white,C2_NLMS,0.04661044944806725,0.9770556257873019,197.0,288.0,0,10,11.0,23,False
D,D_SparseFIR_K1_white,C3_RLS,0.21276994679795325,0.8952846808766978,4357.0,8512.0,0,10,17.0,23,False
D,D_SparseFIR_K1_white,C4_FIXED_LAG_LINEAR,0.03876862908043395,0.9809177913379545,129.0,544.0,0,10,7.0,23,False
D,D_SparseFIR_K1_white,CTRL_ARX_NLMS,0.0802766972719426,0.9604767567727721,206.0,140.0,0,10,16.0,23,False
D,D_SparseFIR_K1_white,CTRL_PERSISTENCE,2.0087536358538696,0.0,0.0,4.0,0,10,23.0,23,True
D,D_SparseFIR_K1_white,IPNLMS,0.020725049430102102,0.9897948895206787,336.0,264.0,0,10,1.0,23,True
D,D_SparseFIR_K1_white,LEBRE_V032,0.057949263418369354,0.9709905135714003,257.0249,6542.0,0,10,14.0,23,False
D,D_SparseFIR_K1_white,LEBRE_V032_NATIVE,0.05493532183532795,0.9726511427519774,66.74701428571429,342.0,0,10,13.0,23,True
D,D_SparseFIR_K1_white,RIVER_ARF,0.7329361367396412,0.6393209202746738,,-1.0,0,10,21.0,23,False
D,D_SparseFIR_K1_white,RIVER_HATR,0.0455507181169987,0.9777261000635444,,-1.0,0,10,10.0,23,False
D,D_SparseFIR_K1_white,RIVER_SGD_LINREG,0.03425667904938545,0.9831373227172209,,-1.0,0,10,4.0,23,False
D,D_SparseFIR_K1_white,S1_VARIABLE_TAP_LMS,0.0266136239576974,0.9866356887507322,73.0976,544.0,0,10,2.0,23,True
D,D_SparseFIR_K1_white,S2_LRU_STREAM,0.0402651194867609,0.9801691497780189,268.0,600.0,0,10,9.0,23,False
D,D_SparseFIR_K1_white,S3_RSONN,0.0681404424189179,0.9662929509428597,840.9910857142856,1280.0,0,10,15.0,23,False
D,D_SparseFIR_K1_white,S4_ACESN,0.26604859066783837,0.8650303701086995,6241.484685714286,23808.0,0,10,18.0,23,False
D,D_SparseFIR_K1_white,S5_CONTINUAL_BACKPROP,0.038439781243574195,0.9810758430507358,197.0,832.0,0,10,5.0,23,False
D,D_SparseFIR_K1_white,Track_B,0.047831644183483,0.9764545861525928,132.51548571428572,456.0,0,10,12.0,23,False
D,D_SparseFIR_K4_colored,B1_RZA_LMS,0.0281223343657825,0.9373906012858941,321.0,320.0,0,10,2.0,23,True
D,D_SparseFIR_K4_colored,B2_CCN,0.02864151987726335,0.9350949398742083,577.0,928.0,0,10,3.0,23,False
D,D_SparseFIR_K4_colored,B3_MUSE_RNN,0.9622731211591569,-1.2633419592510982,451.23405714285707,1064.8,0,10,23.0,23,False
D,D_SparseFIR_K4_colored,B4_MINIMAL_GRU,0.5696149977477301,-0.3487205931577586,441.0,888.0,0,10,21.0,23,False
D,D_SparseFIR_K4_colored,B5_ONLINE_ESN,0.2505275636460729,0.45057367845636737,2361.0,8768.0,0,10,18.0,23,False
D,D_SparseFIR_K4_colored,C1_CURRENT_ONLY_LINEAR,0.029076965513961002,0.9351920560599352,129.0,288.0,0,10,4.0,23,True
D,D_SparseFIR_K4_colored,C2_NLMS,0.0336599097386711,0.9223036753279992,197.0,288.0,0,10,8.0,23,False
D,D_SparseFIR_K4_colored,C3_RLS,0.7000959736812196,-0.39994359030117443,4357.0,8512.0,0,10,22.0,23,False
D,D_SparseFIR_K4_colored,C4_FIXED_LAG_LINEAR,0.02908872723348655,0.9351685864364556,129.0,544.0,0,10,6.0,23,False
D,D_SparseFIR_K4_colored,CTRL_ARX_NLMS,0.0579897219959146,0.8645409423892138,206.0,140.0,0,10,13.0,23,False
D,D_SparseFIR_K4_colored,CTRL_PERSISTENCE,0.41513429717068373,0.0,0.0,4.0,0,10,20.0,23,True
D,D_SparseFIR_K4_colored,IPNLMS,0.018685167940744797,0.9577503943922525,336.0,264.0,0,10,1.0,23,True
D,D_SparseFIR_K4_colored,LEBRE_V032,0.0552780638072398,0.8763103125858951,277.3812,6530.0,0,10,12.0,23,False
D,D_SparseFIR_K4_colored,LEBRE_V032_NATIVE,0.1134583882533481,0.7439215025955381,86.92484285714286,394.0,0,10,15.0,23,True
D,D_SparseFIR_K4_colored,RIVER_ARF,0.3367775485261094,0.16375381373534714,,-1.0,0,10,19.0,23,False
D,D_SparseFIR_K4_colored,RIVER_HATR,0.1197391708694167,0.7117571460946557,,-1.0,0,10,16.0,23,False
D,D_SparseFIR_K4_colored,RIVER_SGD_LINREG,0.03425142673819,0.9125823292279385,,-1.0,0,10,9.0,23,False
D,D_SparseFIR_K4_colored,S1_VARIABLE_TAP_LMS,0.03571906502736815,0.909916966914619,164.65005714285715,544.0,0,10,11.0,23,False
D,D_SparseFIR_K4_colored,S2_LRU_STREAM,0.03233994870559225,0.9265685507128986,268.0,600.0,1,10,7.0,23,False
D,D_SparseFIR_K4_colored,S3_RSONN,0.05872266340161565,0.8470085615394325,849.2224,1280.0,0,10,14.0,23,False
D,D_SparseFIR_K4_colored,S4_ACESN,0.13989487916678095,0.6598771836604955,6244.862171428571,23808.0,0,10,17.0,23,False
D,D_SparseFIR_K4_colored,S5_CONTINUAL_BACKPROP,0.02907697426883365,0.9351923481486903,197.0,832.0,0,10,5.0,23,False
D,D_SparseFIR_K4_colored,Track_B,0.0348896122684944,0.9189549160036593,134.5028857142857,468.8,0,10,10.0,23,False
D,D_SparseFIR_K4_white,B1_RZA_LMS,0.02129041294926285,0.989236616493709,321.0,320.0,0,10,2.0,23,True
D,D_SparseFIR_K4_white,B2_CCN,0.027291349286106797,0.9861973148196057,577.0,928.0,0,10,8.0,23,False
D,D_SparseFIR_K4_white,B3_MUSE_RNN,1.000091996678023,0.5011377109619048,151.13154285714285,437.6,0,10,22.0,23,False
D,D_SparseFIR_K4_white,B4_MINIMAL_GRU,0.799781521310444,0.5959148902409829,441.0,888.0,0,10,20.0,23,False
D,D_SparseFIR_K4_white,B5_ONLINE_ESN,0.5470799985290211,0.726059019262862,2361.0,8768.0,0,10,18.0,23,False
D,D_SparseFIR_K4_white,C1_CURRENT_ONLY_LINEAR,0.02686666849339845,0.9864120480158503,129.0,288.0,0,10,4.0,23,True
D,D_SparseFIR_K4_white,C2_NLMS,0.03319404922488075,0.9834609359575228,197.0,288.0,0,10,10.0,23,False
D,D_SparseFIR_K4_white,C3_RLS,0.7015819974670675,0.6451613374700216,4357.0,8512.0,0,10,19.0,23,False
D,D_SparseFIR_K4_white,C4_FIXED_LAG_LINEAR,0.02717199055633185,0.9862574212114104,129.0,544.0,0,10,7.0,23,False
D,D_SparseFIR_K4_white,CTRL_ARX_NLMS,0.0624692803423193,0.9689322748418936,206.0,140.0,0,10,14.0,23,False
D,D_SparseFIR_K4_white,CTRL_PERSISTENCE,2.0049079490542403,0.0,0.0,4.0,0,10,23.0,23,True
D,D_SparseFIR_K4_white,IPNLMS,0.0165088430388408,0.991648241928982,336.0,264.0,0,10,1.0,23,True
D,D_SparseFIR_K4_white,LEBRE_V032,0.0550383906508291,0.9725745659643468,253.84252857142855,6532.0,0,10,13.0,23,False
D,D_SparseFIR_K4_white,LEBRE_V032_NATIVE,0.0967514026498767,0.9520001706713156,87.93469999999999,396.0,0,10,16.0,23,True
D,D_SparseFIR_K4_white,RIVER_ARF,0.8330965063389437,0.5819645783039697,,-1.0,0,10,21.0,23,False
D,D_SparseFIR_K4_white,RIVER_HATR,0.04000162746629505,0.9800953289166479,,-1.0,0,10,12.0,23,False
D,D_SparseFIR_K4_white,RIVER_SGD_LINREG,0.023886048289373102,0.9879194549150951,,-1.0,0,10,3.0,23,False
D,D_SparseFIR_K4_white,S1_VARIABLE_TAP_LMS,0.0299702024207134,0.9850110786703599,167.24265714285713,544.0,0,10,9.0,23,False
D,D_SparseFIR_K4_white,S2_LRU_STREAM,0.02705160807304805,0.9863187261357295,268.0,600.0,0,10,6.0,23,False
D,D_SparseFIR_K4_white,S3_RSONN,0.08821243236938114,0.9563400975564872,849.9969142857142,1280.0,0,10,15.0,23,False
D,D_SparseFIR_K4_white,S4_ACESN,0.2458562301874589,0.8753036102442477,6244.905714285715,23808.0,0,10,17.0,23,False
D,D_SparseFIR_K4_white,S5_CONTINUAL_BACKPROP,0.02686666849339845,0.9864120480158503,197.0,832.0,0,10,4.0,23,False
D,D_SparseFIR_K4_white,Track_B,0.0342998191640492,0.9829099798731842,133.14042857142857,468.8,0,10,11.0,23,False
D,D_SparseFIR_K8_colored,B1_RZA_LMS,0.029200152887508497,0.9214416026222918,321.0,320.0,0,10,2.0,23,True
D,D_SparseFIR_K8_colored,B2_CCN,0.0295506181029873,0.9201438095822153,577.0,928.0,0,10,3.0,23,False
D,D_SparseFIR_K8_colored,B3_MUSE_RNN,0.9799498192757119,-1.7847896392375928,188.08714285714285,467.2,0,10,22.0,23,False
D,D_SparseFIR_K8_colored,B4_MINIMAL_GRU,0.8340201510150129,-1.375706569977819,441.0,888.0,0,10,21.0,23,False
D,D_SparseFIR_K8_colored,B5_ONLINE_ESN,0.235427324361894,0.3358650421567475,2361.0,8768.0,0,10,18.0,23,False
D,D_SparseFIR_K8_colored,C1_CURRENT_ONLY_LINEAR,0.02974956168265535,0.9200653661850517,129.0,288.0,0,10,5.0,23,True
D,D_SparseFIR_K8_colored,C2_NLMS,0.03314641280734165,0.9155620155962336,197.0,288.0,0,10,9.0,23,False
D,D_SparseFIR_K8_colored,C3_RLS,0.16646506152595425,0.5175699722672693,4357.0,8512.0,0,10,15.0,23,False
D,D_SparseFIR_K8_colored,C4_FIXED_LAG_LINEAR,0.0297641989176614,0.9200363613813274,129.0,544.0,0,10,6.0,23,False
D,D_SparseFIR_K8_colored,CTRL_ARX_NLMS,0.05991990711820415,0.8484138792361219,206.0,140.0,0,10,12.0,23,False
D,D_SparseFIR_K8_colored,CTRL_PERSISTENCE,0.3513685841548214,0.0,0.0,4.0,0,10,19.0,23,True
D,D_SparseFIR_K8_colored,IPNLMS,0.020169249828789503,0.9448842681246392,336.0,264.0,0,10,1.0,23,True
D,D_SparseFIR_K8_colored,LEBRE_V032,0.05357583568273895,0.854413535913247,269.3771285714286,6581.2,0,10,11.0,23,False
D,D_SparseFIR_K8_colored,LEBRE_V032_NATIVE,0.2200777487413047,0.40498686041920773,86.38808571428572,399.6,0,10,17.0,23,True
D,D_SparseFIR_K8_colored,RIVER_ARF,0.3659631777663904,0.04662847286206273,,-1.0,0,10,20.0,23,False
D,D_SparseFIR_K8_colored,RIVER_HATR,0.15995226124146772,0.5605081919296442,,-1.0,0,10,14.0,23,False
D,D_SparseFIR_K8_colored,RIVER_SGD_LINREG,0.029941912824295952,0.9105953490308587,,-1.0,0,10,7.0,23,False
D,D_SparseFIR_K8_colored,S1_VARIABLE_TAP_LMS,0.03254086617433685,0.9175496816716291,183.4458285714286,544.0,0,10,8.0,23,False
D,D_SparseFIR_K8_colored,S2_LRU_STREAM,inf,-inf,214.4,600.0,5,10,23.0,23,False
D,D_SparseFIR_K8_colored,S3_RSONN,0.16934501829112508,0.48285356855840816,849.9938285714286,1280.0,0,10,16.0,23,False
D,D_SparseFIR_K8_colored,S4_ACESN,0.12849376302338117,0.6423496166827296,6244.917085714285,23808.0,0,10,13.0,23,False
D,D_SparseFIR_K8_colored,S5_CONTINUAL_BACKPROP,0.0297495189653725,0.9200653853218145,197.0,832.0,0,10,4.0,23,True
D,D_SparseFIR_K8_colored,Track_B,0.03379731680825565,0.9118354971549691,138.95462857142857,532.8,0,10,10.0,23,False
D,D_SparseFIR_K8_white,B1_RZA_LMS,0.02617605099117505,0.9873019334013449,321.0,320.0,0,10,2.0,23,True
D,D_SparseFIR_K8_white,B2_CCN,0.03028806053637035,0.985383402940831,353.0,632.0,0,10,6.0,23,False
D,D_SparseFIR_K8_white,B3_MUSE_RNN,1.0021743059317347,0.5071733149108455,151.76308571428572,408.0,0,10,22.0,23,False
D,D_SparseFIR_K8_white,B4_MINIMAL_GRU,0.8872912504381172,0.5611632194580956,441.0,888.0,0,10,21.0,23,False
D,D_SparseFIR_K8_white,B5_ONLINE_ESN,0.5771377206373749,0.7218668977118288,2361.0,8768.0,0,10,18.0,23,False
D,D_SparseFIR_K8_white,C1_CURRENT_ONLY_LINEAR,0.0302277073514383,0.9854508859699966,129.0,288.0,0,10,4.0,23,True
D,D_SparseFIR_K8_white,C2_NLMS,0.03993713550841185,0.9813101797476051,197.0,288.0,0,10,11.0,23,False
D,D_SparseFIR_K8_white,C3_RLS,0.825347664489037,0.6083646654847522,4357.0,8512.0,0,10,19.0,23,False
D,D_SparseFIR_K8_white,C4_FIXED_LAG_LINEAR,0.03153649210909815,0.9850995670139042,129.0,544.0,0,10,8.0,23,False
D,D_SparseFIR_K8_white,CTRL_ARX_NLMS,0.07570938712204665,0.9638018966258077,206.0,140.0,0,10,14.0,23,False
D,D_SparseFIR_K8_white,CTRL_PERSISTENCE,2.037325710458874,0.0,0.0,4.0,0,10,23.0,23,True
D,D_SparseFIR_K8_white,IPNLMS,0.02105052286089555,0.9897652298886954,336.0,264.0,0,10,1.0,23,True
D,D_SparseFIR_K8_white,LEBRE_V032,0.06607243257968384,0.9688584763665834,254.76795714285717,6528.0,0,10,13.0,23,False
D,D_SparseFIR_K8_white,LEBRE_V032_NATIVE,0.27346485838826834,0.8671774980226465,94.79101428571428,402.0,0,10,17.0,23,True
D,D_SparseFIR_K8_white,RIVER_ARF,0.8266530850523961,0.5853027662485831,,-1.0,0,10,20.0,23,False
D,D_SparseFIR_K8_white,RIVER_HATR,0.04389036176384985,0.9785602868874812,,-1.0,0,10,12.0,23,False
D,D_SparseFIR_K8_white,RIVER_SGD_LINREG,0.026975923750170203,0.9871535826424374,,-1.0,0,10,3.0,23,False
D,D_SparseFIR_K8_white,S1_VARIABLE_TAP_LMS,0.03272413068276615,0.9833188405905728,182.37362857142858,544.0,0,10,9.0,23,False
D,D_SparseFIR_K8_white,S2_LRU_STREAM,0.03132304809173145,0.9852240251292745,268.0,600.0,0,10,7.0,23,False
D,D_SparseFIR_K8_white,S3_RSONN,0.18353500151231544,0.9002078267601059,849.9691428571429,1280.0,0,10,15.0,23,False
D,D_SparseFIR_K8_white,S4_ACESN,0.2506141385336323,0.872923478012378,6244.939428571429,23808.0,0,10,16.0,23,False
D,D_SparseFIR_K8_white,S5_CONTINUAL_BACKPROP,0.0302277073514383,0.9854508859699966,197.0,832.0,0,10,4.0,23,False
D,D_SparseFIR_K8_white,Track_B,0.0392258827295026,0.9813229579418015,136.29617142857143,494.4,0,10,10.0,23,False
