task_id,variant,nmse,coverage
BR1_ONS_Carga_SECO,RAW,0.07808621454848559,0.9009872738686298
BR1_ONS_Carga_SECO,RAW_SL,0.23782678531509882,0.9300918792444216
BR1_ONS_Carga_SECO,DELTA,0.027324458545064295,0.8859213604976317
BR1_ONS_Carga_SECO,DELTA_SL,0.029054297796756764,0.9029846487473606
BR1_ONS_Carga_SECO,ZSCORE,0.03546080047574571,1.0
BR1_ONS_Carga_SECO,ZSCORE_SL,0.023917300113019072,1.0
BR2_ONS_Carga_N,RAW,0.16954196525401657,0.9192489870455972
BR2_ONS_Carga_N,RAW_SL,0.22704856429682607,0.9567425669120584
BR2_ONS_Carga_N,DELTA,0.06611727536701452,0.8655481367345774
BR2_ONS_Carga_N,DELTA_SL,0.058841614384584955,0.869371682931005
BR2_ONS_Carga_N,ZSCORE,0.12275965120572052,1.0
BR2_ONS_Carga_N,ZSCORE_SL,0.06589964606171242,1.0
BR3_ONS_Eolica_NE,RAW,0.031170243865104693,0.9206756833875478
BR3_ONS_Eolica_NE,RAW_SL,0.04113460812508203,0.9356274610511899
BR3_ONS_Eolica_NE,DELTA,0.01597599803115578,0.9232437368030588
BR3_ONS_Eolica_NE,DELTA_SL,0.015630024872857466,0.9202762084118016
BR3_ONS_Eolica_NE,ZSCORE,0.020281341021423906,1.0
BR3_ONS_Eolica_NE,ZSCORE_SL,0.0188207631376296,1.0
BR4_ONS_Solar_NE,RAW,0.07406963045760308,0.8575586372196542
BR4_ONS_Solar_NE,RAW_SL,0.01964749264953023,0.918792444216173
BR4_ONS_Solar_NE,DELTA,0.05848350938312353,0.9468127603720824
BR4_ONS_Solar_NE,DELTA_SL,0.019298589956413405,0.9078354163099925
BR4_ONS_Solar_NE,ZSCORE,0.04978353332412019,0.9054956343091937
BR4_ONS_Solar_NE,ZSCORE_SL,0.021056216174376405,0.9225018547052445
BR5_BCB_USDBRL,RAW,0.0009413389810151613,0.9896
BR5_BCB_USDBRL,DELTA,0.000830624170130557,0.8846
BR5_BCB_USDBRL,ZSCORE,0.023343910445533793,0.9066
R1_UCI_AirQuality_CO,RAW,0.22221244779285582,0.9162382176520995
R1_UCI_AirQuality_CO,RAW_SL,0.20520384777937792,0.9199871465295629
R1_UCI_AirQuality_CO,DELTA,0.21679639360374217,0.8994215938303342
R1_UCI_AirQuality_CO,DELTA_SL,0.19851707631986543,0.8987789203084833
R1_UCI_AirQuality_CO,ZSCORE,0.22273743968878823,0.912917737789203
R1_UCI_AirQuality_CO,ZSCORE_SL,0.20588834290277774,0.9127035132819195
R2_UCI_Tetouan_Z1,RAW,0.03774465817758154,0.9147258903561425
R2_UCI_Tetouan_Z1,RAW_SL,0.03911335454320781,0.9121648659463786
R2_UCI_Tetouan_Z1,DELTA,0.0062740528692280546,0.9051020408163265
R2_UCI_Tetouan_Z1,DELTA_SL,0.0050324822337920825,0.9044817927170868
R2_UCI_Tetouan_Z1,ZSCORE,0.00667929208751307,1.0
R2_UCI_Tetouan_Z1,ZSCORE_SL,0.0069549524585388565,1.0
R3_UCI_BikeSharing,RAW,0.2593132657106632,0.859027537734762
R3_UCI_BikeSharing,RAW_SL,0.1680019293794355,0.8643276875216038
R3_UCI_BikeSharing,DELTA,0.2725566693454496,0.8476206936282982
R3_UCI_BikeSharing,DELTA_SL,0.17517691044105785,0.8689365134232054
R3_UCI_BikeSharing,ZSCORE,0.27925073472256917,0.8924415255213735
R3_UCI_BikeSharing,ZSCORE_SL,0.17185932329922216,0.9005069708491762
R4_Oikolab_Temp,RAW,0.03081050922928967,0.9175270108043218
R4_Oikolab_Temp,RAW_SL,0.02933251962017599,0.9123249299719888
R4_Oikolab_Temp,DELTA,0.026860607934740627,0.9094237695078031
R4_Oikolab_Temp,DELTA_SL,0.028066641032790485,0.8918767507002802
R4_Oikolab_Temp,ZSCORE,0.02787735541975444,0.9267106842737095
R4_Oikolab_Temp,ZSCORE_SL,0.028409326376010305,0.9229891956782713
R5_Oikolab_Wind,RAW,0.051615388938517914,0.9031012404961984
R5_Oikolab_Wind,RAW_SL,0.051910818304370006,0.9018607442977191
R5_Oikolab_Wind,DELTA,0.053633630048222455,0.8959983993597439
R5_Oikolab_Wind,DELTA_SL,0.05436622695471291,0.8967386954781913
R5_Oikolab_Wind,ZSCORE,0.05361047047955767,0.9047418967587035
R5_Oikolab_Wind,ZSCORE_SL,0.053592308208804985,0.9010204081632653
