overall_mse,regime1_mse,regime2_mse,recovery_latency,recovered,final_recall,final_precision,final_f1,true_promotions,false_promotions,total_promotions,promotion_precision,true_survival_10,true_survival_50,true_survival_100,noise_survival_10,noise_survival_50,noise_survival_100,true_latency_mean,true_latency_median,noise_latency_mean,noise_latency_median,redundant_repromotions,churn_per_100,total_flops,flops_per_step,peak_memory_bytes,seed,model
1.427423861523808,0.02364700382217395,0.030678341444714537,938,True,1.0,0.05,0.09523809523809523,0,0,0,0.0,0.0,0.0,0.0,0.0,0.0,0.0,0.0,0.0,0.0,0.0,0,0.0,1204000,602.0,1600,42,Dense
11.777280339423545,14.610123369136272,16.320129130632214,1000,False,0.0,0.0,0.0,0,0,0,0.0,0.0,0.0,0.0,0.0,0.0,0.0,0.0,0.0,0.0,0.0,0,0.0,64000,32.0,80,42,Fixed
9.175217432682027,12.722633785307643,9.184700591161295,1000,False,0.0,0.0,0.0,43,497,540,0.07962962962962963,1.0,0.11627906976744186,0.06976744186046512,1.0,0.01006036217303823,0.01006036217303823,32.83720930232558,22.0,17.038229376257544,15.0,33,54.0,104000,52.0,880,42,B0
4.290125466159383,0.014026510648294513,1.6941818577921552,1000,True,1.0,0.5,0.6666666666666666,40,777,817,0.04895960832313342,1.0,0.325,0.3,1.0,0.02445302445302445,0.014157014157014158,134.075,20.5,18.64864864864865,15.0,30,81.45,163910,81.955,960,42,B1
10.232504803234399,12.777876830248312,14.593584197001256,1000,False,0.2,0.2,0.20000000000000004,36,432,468,0.07692307692307693,1.0,0.1388888888888889,0.027777777777777776,1.0,0.011574074074074073,0.009259259259259259,25.75,18.0,19.42361111111111,17.0,26,46.8,144000,72.0,2080,42,B2
3.6123178274051653,0.46603149602807337,1.469084076469673,1000,False,0.8,0.4,0.5333333333333333,14,245,259,0.05405405405405406,1.0,0.6428571428571429,0.6428571428571429,1.0,0.2571428571428571,0.1346938775510204,435.07142857142856,418.5,51.10204081632653,22.0,5,25.65,199920,99.96,2160,42,B3
13.061972271429104,0.20225344861567396,0.36499757084463125,903,True,1.0,1.0,1.0,22,350,372,0.05913978494623656,1.0,0.5909090909090909,0.5454545454545454,1.0,0.04857142857142857,0.002857142857142857,210.77272727272728,178.5,24.377142857142857,20.0,12,37.2,191504,95.752,2160,42,B4
1.424753327296957,0.021292696609833347,0.035088911162985896,920,True,1.0,0.05,0.09523809523809523,0,0,0,0.0,0.0,0.0,0.0,0.0,0.0,0.0,0.0,0.0,0.0,0.0,0,0.0,1204000,602.0,1600,123,Dense
11.420052139090023,10.968885145837241,10.86999017940471,1000,False,0.0,0.0,0.0,0,0,0,0.0,0.0,0.0,0.0,0.0,0.0,0.0,0.0,0.0,0.0,0.0,0,0.0,64000,32.0,80,123,Fixed
9.50275897774759,9.654377943826551,10.463501950674287,1000,False,0.4,0.4,0.4000000000000001,40,521,561,0.07130124777183601,1.0,0.125,0.05,1.0,0.005758157389635317,0.005758157389635317,25.075,19.5,17.01151631477927,15.0,30,56.1,104000,52.0,880,123,B0
6.143829377305704,1.7681687732362699,6.175387531586585,1000,False,0.2,0.1,0.13333333333333333,45,969,1014,0.04437869822485207,1.0,0.3111111111111111,0.17777777777777778,1.0,0.014447884416924664,0.009287925696594427,74.66666666666667,27.0,17.016511867905056,15.0,35,101.15,163910,81.955,960,123,B1
9.695264778471465,10.884593712531293,9.964814465250615,1000,False,0.0,0.0,0.0,33,432,465,0.07096774193548387,1.0,0.15151515151515152,0.0,1.0,0.020833333333333332,0.011574074074074073,32.09090909090909,26.0,19.122685185185187,17.0,24,46.5,144000,72.0,2080,123,B2
4.295268682375425,0.014801026676823903,1.8646986151840055,1000,False,1.0,0.5,0.6666666666666666,18,289,307,0.05863192182410423,1.0,0.7222222222222222,0.6666666666666666,1.0,0.21107266435986158,0.09688581314878893,345.72222222222223,343.5,42.878892733564015,23.0,8,30.45,199920,99.96,2160,123,B3
8.629184280492185,2.6643081724013142,0.012784311224082514,430,True,1.0,1.0,1.0,21,359,380,0.05526315789473684,1.0,0.47619047619047616,0.42857142857142855,1.0,0.03899721448467967,0.002785515320334262,288.4761904761905,30.0,22.41225626740947,20.0,11,38.0,198904,99.452,2160,123,B4
1.4403092924333232,0.018913616457166986,0.04434509745035908,999,True,1.0,0.05,0.09523809523809523,0,0,0,0.0,0.0,0.0,0.0,0.0,0.0,0.0,0.0,0.0,0.0,0.0,0,0.0,1204000,602.0,1600,456,Dense
11.404896237503948,9.25486262515686,12.497823230210038,1000,False,0.0,0.0,0.0,0,0,0,0.0,0.0,0.0,0.0,0.0,0.0,0.0,0.0,0.0,0.0,0.0,0,0.0,64000,32.0,80,456,Fixed
9.127008864981853,7.231018019134881,8.71716263261832,1000,False,0.0,0.0,0.0,42,512,554,0.07581227436823104,1.0,0.07142857142857142,0.023809523809523808,1.0,0.009765625,0.009765625,28.19047619047619,20.0,17.009765625,15.0,32,55.4,104000,52.0,880,456,B0
3.9036303569167266,0.013791602481840939,0.016558431947310152,750,True,1.0,0.5,0.6666666666666666,32,732,764,0.041884816753926704,1.0,0.46875,0.40625,1.0,0.031420765027322405,0.01366120218579235,187.375,33.0,18.956284153005466,15.0,22,76.15,163856,81.928,960,456,B1
9.497684178918709,6.778552508477125,11.555104705536774,1000,False,0.0,0.0,0.0,31,390,421,0.07363420427553444,1.0,0.0967741935483871,0.06451612903225806,1.0,0.015384615384615385,0.01282051282051282,44.38709677419355,20.0,20.369230769230768,18.0,22,42.1,144000,72.0,2080,456,B2
5.384724405557703,1.8473166315939733,0.31956569047453803,926,True,1.0,0.5,0.6666666666666666,26,444,470,0.05531914893617021,1.0,0.38461538461538464,0.3076923076923077,1.0,0.1554054054054054,0.04504504504504504,160.23076923076923,23.5,32.542792792792795,21.0,16,46.75,199920,99.96,2160,456,B3
13.528224967338078,0.9294823071863563,0.4513921440168624,938,True,1.0,1.0,1.0,23,381,404,0.05693069306930693,1.0,0.4782608695652174,0.43478260869565216,1.0,0.04461942257217848,0.0026246719160104987,204.3913043478261,49.0,24.391076115485564,20.0,13,40.4,197824,98.912,2160,456,B4
1.4564988002159693,0.02559889951024499,0.03449844934818603,902,True,1.0,0.05,0.09523809523809523,0,0,0,0.0,0.0,0.0,0.0,0.0,0.0,0.0,0.0,0.0,0.0,0.0,0,0.0,1204000,602.0,1600,789,Dense
9.820910478456259,11.844477500517382,10.817068379939558,1000,False,0.2,0.2,0.20000000000000004,0,0,0,0.0,0.0,0.0,0.0,0.0,0.0,0.0,0.0,0.0,0.0,0.0,0,0.0,64000,32.0,80,789,Fixed
9.184129132809977,8.810919642659805,10.841605250455292,1000,False,0.0,0.0,0.0,36,535,571,0.06304728546409807,1.0,0.08333333333333333,0.027777777777777776,1.0,0.011214953271028037,0.009345794392523364,25.63888888888889,18.0,16.785046728971963,15.0,26,57.1,104000,52.0,880,789,B0
3.6785062649184637,2.394261364067969,0.014312028992279173,369,True,1.0,0.5,0.6666666666666666,38,691,729,0.05212620027434842,1.0,0.3157894736842105,0.3157894736842105,1.0,0.041968162083936326,0.01881331403762663,157.92105263157896,21.5,20.096960926193923,15.0,28,72.65,163910,81.955,960,789,B1
9.603297302095045,9.621953021909576,11.906161419075287,1000,False,0.0,0.0,0.0,38,420,458,0.08296943231441048,1.0,0.10526315789473684,0.02631578947368421,1.0,0.01904761904761905,0.011904761904761904,29.394736842105264,20.0,19.52857142857143,17.0,28,45.8,144000,72.0,2080,789,B2
4.729166073965142,5.836354946851708,0.013972132064689245,607,True,1.0,0.5,0.6666666666666666,18,420,438,0.0410958904109589,1.0,0.6666666666666666,0.4444444444444444,1.0,0.09285714285714286,0.02142857142857143,284.77777777777777,82.5,32.114285714285714,19.0,8,43.55,199920,99.96,2160,789,B3
403.51337940960457,0.012988736787278741,0.016390736409091583,640,True,1.0,1.0,1.0,20,241,261,0.07662835249042145,1.0,0.55,0.5,1.0,0.058091286307053944,0.0,308.3,247.5,23.182572614107883,20.0,10,26.1,180160,90.08,2160,789,B4
1.440826929010709,0.019396605219364278,0.024999705241609313,897,True,1.0,0.05,0.09523809523809523,0,0,0,0.0,0.0,0.0,0.0,0.0,0.0,0.0,0.0,0.0,0.0,0.0,0,0.0,1204000,602.0,1600,1024,Dense
11.236752850695225,8.822599978558168,10.836355745648042,1000,False,0.0,0.0,0.0,0,0,0,0.0,0.0,0.0,0.0,0.0,0.0,0.0,0.0,0.0,0.0,0.0,0,0.0,64000,32.0,80,1024,Fixed
9.0575464426527,8.746835543768446,8.974755301094909,1000,False,0.4,0.4,0.4000000000000001,40,493,533,0.075046904315197,1.0,0.175,0.15,1.0,0.006085192697768763,0.006085192697768763,37.8,19.5,17.004056795131845,15.0,30,53.3,104000,52.0,880,1024,B0
4.800011847229378,2.1318992333814095,2.716584671845972,1000,False,1.0,0.5,0.6666666666666666,37,921,958,0.038622129436325675,1.0,0.4864864864864865,0.35135135135135137,1.0,0.006514657980456026,0.0054288816503800215,121.29729729729729,31.0,16.705754614549402,15.0,27,95.55,163910,81.955,960,1024,B1
10.305162158989146,8.31370916544609,10.101641548740474,1000,False,0.2,0.2,0.20000000000000004,30,465,495,0.06060606060606061,1.0,0.1,0.03333333333333333,1.0,0.012903225806451613,0.008602150537634409,27.1,18.5,18.294623655913977,16.0,20,49.5,144000,72.0,2080,1024,B2
2.8269867160940874,0.011484455290594893,0.014876169029173571,749,True,1.0,0.5,0.6666666666666666,14,177,191,0.07329842931937172,1.0,0.7857142857142857,0.7142857142857143,1.0,0.2033898305084746,0.11864406779661017,557.5714285714286,682.5,61.067796610169495,18.0,4,18.85,199920,99.96,2160,1024,B3
7.660495983098566,2.8079139162057762,3.3877120134894434,1000,False,0.6,0.42857142857142855,0.5,22,525,547,0.04021937842778794,1.0,0.45454545454545453,0.36363636363636365,1.0,0.0419047619047619,0.007619047619047619,182.63636363636363,39.5,23.748571428571427,20.0,13,54.6,218112,109.056,2160,1024,B4
