task,seed,nmse_t1,nmse_t1r,paired_delta,abs_paired_delta
I10_Redundant_Temporal_Structure,1311,0.2572028060647659,0.2572028060647659,0.0,0.0
I10_Redundant_Temporal_Structure,1312,0.2857689755548775,0.2857689755548775,0.0,0.0
I10_Redundant_Temporal_Structure,1313,0.2757432338070447,0.2757432338070447,0.0,0.0
I10_Redundant_Temporal_Structure,1314,0.2694398791820913,0.2694398791820913,0.0,0.0
I10_Redundant_Temporal_Structure,1315,0.2691393044942949,0.2691393044942949,0.0,0.0
I10_Redundant_Temporal_Structure,1316,0.2638020955542244,0.2638020955542244,0.0,0.0
I10_Redundant_Temporal_Structure,1317,0.2654880490980627,0.2654880490980627,0.0,0.0
I10_Redundant_Temporal_Structure,1318,0.2407010583832473,0.2407010583832473,0.0,0.0
I10_Redundant_Temporal_Structure,1319,0.2578185992677992,0.2578185992677992,0.0,0.0
I10_Redundant_Temporal_Structure,1320,0.2640369925950799,0.2640369925950799,0.0,0.0
I10_Redundant_Temporal_Structure,1321,0.2070655875563872,0.2070655875563872,0.0,0.0
I10_Redundant_Temporal_Structure,1322,0.2548198735291925,0.2548198735291925,0.0,0.0
I10_Redundant_Temporal_Structure,1323,0.2778304165035988,0.2778304165035988,0.0,0.0
I10_Redundant_Temporal_Structure,1324,0.2614242435112297,0.2614242435112297,0.0,0.0
I10_Redundant_Temporal_Structure,1325,0.2047524510763399,0.2047524510763399,0.0,0.0
I10_Redundant_Temporal_Structure,1326,0.2060882102661692,0.2060882102661692,0.0,0.0
I10_Redundant_Temporal_Structure,1327,0.2644163412432457,0.2644163412432457,0.0,0.0
I10_Redundant_Temporal_Structure,1328,0.2973079697337178,0.2973079697337178,0.0,0.0
I10_Redundant_Temporal_Structure,1329,0.2923048348990137,0.2923048348990137,0.0,0.0
I10_Redundant_Temporal_Structure,1330,0.2645295359268318,0.2645295359268318,0.0,0.0
I10_Redundant_Temporal_Structure,1331,0.2686360032921711,0.2686360032921711,0.0,0.0
I10_Redundant_Temporal_Structure,1332,0.1970934399644704,0.1970934399644704,0.0,0.0
I10_Redundant_Temporal_Structure,1333,0.2575729969978816,0.2575729969978816,0.0,0.0
I10_Redundant_Temporal_Structure,1334,0.257526438271177,0.257526438271177,0.0,0.0
I10_Redundant_Temporal_Structure,1335,0.2723015957755014,0.2723015957755014,0.0,0.0
I10_Redundant_Temporal_Structure,1336,0.2676558241607221,0.2676558241607221,0.0,0.0
I10_Redundant_Temporal_Structure,1337,0.2755889946252225,0.2755889946252225,0.0,0.0
I10_Redundant_Temporal_Structure,1338,0.2549745672432455,0.2549745672432455,0.0,0.0
I10_Redundant_Temporal_Structure,1339,0.226920074800494,0.226920074800494,0.0,0.0
I10_Redundant_Temporal_Structure,1340,0.2639816871141565,0.2639816871141565,0.0,0.0
I11_Regime_Switch_Delay_To_Latent,1311,0.1155435339933386,0.1155435339933386,0.0,0.0
I11_Regime_Switch_Delay_To_Latent,1312,0.1152694035157921,0.1152694035157921,0.0,0.0
I11_Regime_Switch_Delay_To_Latent,1313,0.1469112418676283,0.1469112418676283,0.0,0.0
I11_Regime_Switch_Delay_To_Latent,1314,0.2676491531155208,0.2676491531155208,0.0,0.0
I11_Regime_Switch_Delay_To_Latent,1315,0.2722619655958652,0.2722619655958652,0.0,0.0
I11_Regime_Switch_Delay_To_Latent,1316,0.1134671178728582,0.1134671178728582,0.0,0.0
I11_Regime_Switch_Delay_To_Latent,1317,0.2808747168544906,0.2808747168544906,0.0,0.0
I11_Regime_Switch_Delay_To_Latent,1318,0.273554641346698,0.273554641346698,0.0,0.0
I11_Regime_Switch_Delay_To_Latent,1319,0.1211504192313702,0.1211504192313702,0.0,0.0
I11_Regime_Switch_Delay_To_Latent,1320,0.2613201107188906,0.2613201107188906,0.0,0.0
I11_Regime_Switch_Delay_To_Latent,1321,0.1297531331009845,0.1297531331009845,0.0,0.0
I11_Regime_Switch_Delay_To_Latent,1322,0.1265110866461699,0.1265110866461699,0.0,0.0
I11_Regime_Switch_Delay_To_Latent,1323,0.1173448132640109,0.1173448132640109,0.0,0.0
I11_Regime_Switch_Delay_To_Latent,1324,0.1263530237244021,0.1263530237244021,0.0,0.0
I11_Regime_Switch_Delay_To_Latent,1325,0.1142827196873925,0.1142827196873925,0.0,0.0
I11_Regime_Switch_Delay_To_Latent,1326,0.2702247597284623,0.2702247597284623,0.0,0.0
I11_Regime_Switch_Delay_To_Latent,1327,0.1099665333539959,0.1099665333539959,0.0,0.0
I11_Regime_Switch_Delay_To_Latent,1328,0.3091413631052662,0.3091413631052662,0.0,0.0
I11_Regime_Switch_Delay_To_Latent,1329,0.2812128615676841,0.2812128615676841,0.0,0.0
I11_Regime_Switch_Delay_To_Latent,1330,0.2587428080964554,0.2587428080964554,0.0,0.0
I11_Regime_Switch_Delay_To_Latent,1331,0.1436654331632218,0.1436654331632218,0.0,0.0
I11_Regime_Switch_Delay_To_Latent,1332,0.2802959358805578,0.2802959358805578,0.0,0.0
I11_Regime_Switch_Delay_To_Latent,1333,0.1372811947022173,0.1372811947022173,0.0,0.0
I11_Regime_Switch_Delay_To_Latent,1334,0.1242857481186973,0.1242857481186973,0.0,0.0
I11_Regime_Switch_Delay_To_Latent,1335,0.1314883424267086,0.1314883424267086,0.0,0.0
I11_Regime_Switch_Delay_To_Latent,1336,0.1153881339480462,0.1153881339480462,0.0,0.0
I11_Regime_Switch_Delay_To_Latent,1337,0.2549235224695181,0.2549235224695181,0.0,0.0
I11_Regime_Switch_Delay_To_Latent,1338,0.2764671734790732,0.2764671734790732,0.0,0.0
I11_Regime_Switch_Delay_To_Latent,1339,0.2688403451746448,0.2688403451746448,0.0,0.0
I11_Regime_Switch_Delay_To_Latent,1340,0.1322011719424689,0.1322011719424689,0.0,0.0
I12_Regime_Switch_Latent_To_Delay,1311,0.3426479175078527,0.3426479175078527,0.0,0.0
I12_Regime_Switch_Latent_To_Delay,1312,0.349774581047993,0.349774581047993,0.0,0.0
I12_Regime_Switch_Latent_To_Delay,1313,0.3262397701655417,0.3262397701655417,0.0,0.0
I12_Regime_Switch_Latent_To_Delay,1314,0.3166553191457112,0.3166553191457112,0.0,0.0
I12_Regime_Switch_Latent_To_Delay,1315,0.3087502815204562,0.3087502815204562,0.0,0.0
I12_Regime_Switch_Latent_To_Delay,1316,0.326445329937217,0.326445329937217,0.0,0.0
I12_Regime_Switch_Latent_To_Delay,1317,0.3171101335568196,0.3171101335568196,0.0,0.0
I12_Regime_Switch_Latent_To_Delay,1318,0.3222186311436598,0.3222186311436598,0.0,0.0
I12_Regime_Switch_Latent_To_Delay,1319,0.3210006567044143,0.3210006567044143,0.0,0.0
I12_Regime_Switch_Latent_To_Delay,1320,0.3297834887866957,0.3297834887866957,0.0,0.0
I12_Regime_Switch_Latent_To_Delay,1321,0.3313636844496344,0.3313636844496344,0.0,0.0
I12_Regime_Switch_Latent_To_Delay,1322,0.3279530467631149,0.3279530467631149,0.0,0.0
I12_Regime_Switch_Latent_To_Delay,1323,0.3261867959424711,0.3261867959424711,0.0,0.0
I12_Regime_Switch_Latent_To_Delay,1324,0.3255101803634411,0.3255101803634411,0.0,0.0
I12_Regime_Switch_Latent_To_Delay,1325,0.3341593445485604,0.3341593445485604,0.0,0.0
I12_Regime_Switch_Latent_To_Delay,1326,0.311475218261215,0.311475218261215,0.0,0.0
I12_Regime_Switch_Latent_To_Delay,1327,0.3196961177263412,0.3196961177263412,0.0,0.0
I12_Regime_Switch_Latent_To_Delay,1328,0.3516994700551207,0.3516994700551207,0.0,0.0
I12_Regime_Switch_Latent_To_Delay,1329,0.3316221125800279,0.3316221125800279,0.0,0.0
I12_Regime_Switch_Latent_To_Delay,1330,0.3250121379218635,0.3250121379218635,0.0,0.0
I12_Regime_Switch_Latent_To_Delay,1331,0.3394024469556638,0.3394024469556638,0.0,0.0
I12_Regime_Switch_Latent_To_Delay,1332,0.3302537787318517,0.3302537787318517,0.0,0.0
I12_Regime_Switch_Latent_To_Delay,1333,0.3249276217212546,0.3249276217212546,0.0,0.0
I12_Regime_Switch_Latent_To_Delay,1334,0.3155996535490747,0.3155996535490747,0.0,0.0
I12_Regime_Switch_Latent_To_Delay,1335,0.3337198811650732,0.3337198811650732,0.0,0.0
I12_Regime_Switch_Latent_To_Delay,1336,0.3245970634876807,0.3245970634876807,0.0,0.0
I12_Regime_Switch_Latent_To_Delay,1337,0.3243365851994257,0.3243365851994257,0.0,0.0
I12_Regime_Switch_Latent_To_Delay,1338,0.3249308168097264,0.3249308168097264,0.0,0.0
I12_Regime_Switch_Latent_To_Delay,1339,0.3100462182882116,0.3100462182882116,0.0,0.0
I12_Regime_Switch_Latent_To_Delay,1340,0.3474219666992935,0.3474219666992935,0.0,0.0
I13_Regime_Switch_Hybrid_To_Memoryless,1311,0.1177457941551275,0.1177457941551275,0.0,0.0
I13_Regime_Switch_Hybrid_To_Memoryless,1312,0.2536846749152164,0.2536846749152164,0.0,0.0
I13_Regime_Switch_Hybrid_To_Memoryless,1313,0.2561964150629295,0.2561964150629295,0.0,0.0
I13_Regime_Switch_Hybrid_To_Memoryless,1314,0.2342642628931492,0.2342642628931492,0.0,0.0
I13_Regime_Switch_Hybrid_To_Memoryless,1315,0.2370526333989455,0.2370526333989455,0.0,0.0
I13_Regime_Switch_Hybrid_To_Memoryless,1316,0.2440000768119976,0.2440000768119976,0.0,0.0
I13_Regime_Switch_Hybrid_To_Memoryless,1317,0.2422570928179267,0.2422570928179267,0.0,0.0
I13_Regime_Switch_Hybrid_To_Memoryless,1318,0.2331690165231138,0.2331690165231138,0.0,0.0
I13_Regime_Switch_Hybrid_To_Memoryless,1319,0.2530784134815271,0.2530784134815271,0.0,0.0
I13_Regime_Switch_Hybrid_To_Memoryless,1320,0.1193242922060047,0.1193242922060047,0.0,0.0
I13_Regime_Switch_Hybrid_To_Memoryless,1321,0.1135910367707287,0.1135910367707287,0.0,0.0
I13_Regime_Switch_Hybrid_To_Memoryless,1322,0.2475403490622261,0.2475403490622261,0.0,0.0
I13_Regime_Switch_Hybrid_To_Memoryless,1323,0.2447218538290907,0.2447218538290907,0.0,0.0
I13_Regime_Switch_Hybrid_To_Memoryless,1324,0.2579297862879048,0.2579297862879048,0.0,0.0
I13_Regime_Switch_Hybrid_To_Memoryless,1325,0.1102384088096323,0.1102384088096323,0.0,0.0
I13_Regime_Switch_Hybrid_To_Memoryless,1326,0.2304692239595028,0.2304692239595028,0.0,0.0
I13_Regime_Switch_Hybrid_To_Memoryless,1327,0.1316318781560751,0.1316318781560751,0.0,0.0
I13_Regime_Switch_Hybrid_To_Memoryless,1328,0.2578142772047022,0.2578142772047022,0.0,0.0
I13_Regime_Switch_Hybrid_To_Memoryless,1329,0.2491233769528339,0.2491233769528339,0.0,0.0
I13_Regime_Switch_Hybrid_To_Memoryless,1330,0.2574397279017042,0.2574397279017042,0.0,0.0
I13_Regime_Switch_Hybrid_To_Memoryless,1331,0.2440275745092926,0.2440275745092926,0.0,0.0
I13_Regime_Switch_Hybrid_To_Memoryless,1332,0.2370076028256038,0.2370076028256038,0.0,0.0
I13_Regime_Switch_Hybrid_To_Memoryless,1333,0.114220563459461,0.114220563459461,0.0,0.0
I13_Regime_Switch_Hybrid_To_Memoryless,1334,0.1142038447472619,0.1142038447472619,0.0,0.0
I13_Regime_Switch_Hybrid_To_Memoryless,1335,0.2411763456367708,0.2411763456367708,0.0,0.0
I13_Regime_Switch_Hybrid_To_Memoryless,1336,0.2486266978410461,0.2486266978410461,0.0,0.0
I13_Regime_Switch_Hybrid_To_Memoryless,1337,0.2366299786381535,0.2366299786381535,0.0,0.0
I13_Regime_Switch_Hybrid_To_Memoryless,1338,0.256687450783824,0.256687450783824,0.0,0.0
I13_Regime_Switch_Hybrid_To_Memoryless,1339,0.2389655674013206,0.2389655674013206,0.0,0.0
I13_Regime_Switch_Hybrid_To_Memoryless,1340,0.248967086161109,0.248967086161109,0.0,0.0
I14_Intermittent_Hybrid,1311,0.1204181703767284,0.1204181703767284,0.0,0.0
I14_Intermittent_Hybrid,1312,0.1232434104212463,0.1232434104212463,0.0,0.0
I14_Intermittent_Hybrid,1313,0.234508748837226,0.234508748837226,0.0,0.0
I14_Intermittent_Hybrid,1314,0.1081884265578158,0.1081884265578158,0.0,0.0
I14_Intermittent_Hybrid,1315,0.2237384887378334,0.2237384887378334,0.0,0.0
I14_Intermittent_Hybrid,1316,0.2286162200619235,0.2286162200619235,0.0,0.0
I14_Intermittent_Hybrid,1317,0.2290005414067803,0.2290005414067803,0.0,0.0
I14_Intermittent_Hybrid,1318,0.1072598660022291,0.1072598660022291,0.0,0.0
I14_Intermittent_Hybrid,1319,0.1202952849376075,0.1202952849376075,0.0,0.0
I14_Intermittent_Hybrid,1320,0.1206464995212103,0.1206464995212103,0.0,0.0
I14_Intermittent_Hybrid,1321,0.1159645310899549,0.1159645310899549,0.0,0.0
I14_Intermittent_Hybrid,1322,0.1201441063302632,0.1201441063302632,0.0,0.0
I14_Intermittent_Hybrid,1323,0.1318048730704474,0.1318048730704474,0.0,0.0
I14_Intermittent_Hybrid,1324,0.1222175875821471,0.1222175875821471,0.0,0.0
I14_Intermittent_Hybrid,1325,0.2288112037119442,0.2288112037119442,0.0,0.0
I14_Intermittent_Hybrid,1326,0.2117428929217988,0.2117428929217988,0.0,0.0
I14_Intermittent_Hybrid,1327,0.1149601243307539,0.1149601243307539,0.0,0.0
I14_Intermittent_Hybrid,1328,0.139859403571998,0.139859403571998,0.0,0.0
I14_Intermittent_Hybrid,1329,0.2454043699292373,0.2454043699292373,0.0,0.0
I14_Intermittent_Hybrid,1330,0.236875764012272,0.236875764012272,0.0,0.0
I14_Intermittent_Hybrid,1331,0.11461002922234,0.11461002922234,0.0,0.0
I14_Intermittent_Hybrid,1332,0.1349415641354318,0.1349415641354318,0.0,0.0
I14_Intermittent_Hybrid,1333,0.1475056569732675,0.1475056569732675,0.0,0.0
I14_Intermittent_Hybrid,1334,0.1181631524941864,0.1181631524941864,0.0,0.0
I14_Intermittent_Hybrid,1335,0.2419512642675345,0.2419512642675345,0.0,0.0
I14_Intermittent_Hybrid,1336,0.2325974252110849,0.2325974252110849,0.0,0.0
I14_Intermittent_Hybrid,1337,0.2328670667164,0.2328670667164,0.0,0.0
I14_Intermittent_Hybrid,1338,0.2316757634439238,0.2316757634439238,0.0,0.0
I14_Intermittent_Hybrid,1339,0.2331914723243243,0.2331914723243243,0.0,0.0
I14_Intermittent_Hybrid,1340,0.2319696112583597,0.2319696112583597,0.0,0.0
I1_Memoryless_Linear,1311,0.1209938449566183,0.1209938449566183,0.0,0.0
I1_Memoryless_Linear,1312,0.1214557479202478,0.1214557479202478,0.0,0.0
I1_Memoryless_Linear,1313,0.1163883793541118,0.1163883793541118,0.0,0.0
I1_Memoryless_Linear,1314,0.11916701730874,0.11916701730874,0.0,0.0
I1_Memoryless_Linear,1315,0.1200867259349847,0.1200867259349847,0.0,0.0
I1_Memoryless_Linear,1316,0.1195908910762583,0.1195908910762583,0.0,0.0
I1_Memoryless_Linear,1317,0.1125894166819026,0.1125894166819026,0.0,0.0
I1_Memoryless_Linear,1318,0.1180181698857071,0.1180181698857071,0.0,0.0
I1_Memoryless_Linear,1319,0.1201790703559264,0.1201790703559264,0.0,0.0
I1_Memoryless_Linear,1320,0.1217409984625701,0.1217409984625701,0.0,0.0
I1_Memoryless_Linear,1321,0.1233930918318133,0.1233930918318133,0.0,0.0
I1_Memoryless_Linear,1322,0.1195888069339074,0.1195888069339074,0.0,0.0
I1_Memoryless_Linear,1323,0.1220597795753411,0.1220597795753411,0.0,0.0
I1_Memoryless_Linear,1324,0.1214873567128536,0.1214873567128536,0.0,0.0
I1_Memoryless_Linear,1325,0.1167778935664057,0.1167778935664057,0.0,0.0
I1_Memoryless_Linear,1326,0.1216835959506628,0.1216835959506628,0.0,0.0
I1_Memoryless_Linear,1327,0.1145087152728596,0.1145087152728596,0.0,0.0
I1_Memoryless_Linear,1328,0.1250130578041442,0.1250130578041442,0.0,0.0
I1_Memoryless_Linear,1329,0.1221983356983241,0.1221983356983241,0.0,0.0
I1_Memoryless_Linear,1330,0.1159068150732728,0.1159068150732728,0.0,0.0
I1_Memoryless_Linear,1331,0.1246137311169118,0.1246137311169118,0.0,0.0
I1_Memoryless_Linear,1332,0.1245554989483875,0.1245554989483875,0.0,0.0
I1_Memoryless_Linear,1333,0.1181703363871577,0.1181703363871577,0.0,0.0
I1_Memoryless_Linear,1334,0.1217153293359144,0.1217153293359144,0.0,0.0
I1_Memoryless_Linear,1335,0.1206697674910541,0.1206697674910541,0.0,0.0
I1_Memoryless_Linear,1336,0.1195973677465909,0.1195973677465909,0.0,0.0
I1_Memoryless_Linear,1337,0.1171668699275868,0.1171668699275868,0.0,0.0
I1_Memoryless_Linear,1338,0.1211319536543481,0.1211319536543481,0.0,0.0
I1_Memoryless_Linear,1339,0.1146003883075809,0.1146003883075809,0.0,0.0
I1_Memoryless_Linear,1340,0.1240759326289442,0.1240759326289442,0.0,0.0
I2_Static_Nonlinear_Negative_Control,1311,1.36429533904722,1.36429533904722,0.0,0.0
I2_Static_Nonlinear_Negative_Control,1312,1.268937061945208,1.268937061945208,0.0,0.0
I2_Static_Nonlinear_Negative_Control,1313,1.2019855735524458,1.2019855735524458,0.0,0.0
I2_Static_Nonlinear_Negative_Control,1314,1.3153623168658943,1.3153623168658943,0.0,0.0
I2_Static_Nonlinear_Negative_Control,1315,1.3344796632848612,1.3344796632848612,0.0,0.0
I2_Static_Nonlinear_Negative_Control,1316,1.1877476232661706,1.1877476232661706,0.0,0.0
I2_Static_Nonlinear_Negative_Control,1317,1.2797033265945188,1.2797033265945188,0.0,0.0
I2_Static_Nonlinear_Negative_Control,1318,1.2816032917840166,1.2816032917840166,0.0,0.0
I2_Static_Nonlinear_Negative_Control,1319,1.3956133712136074,1.3956133712136074,0.0,0.0
I2_Static_Nonlinear_Negative_Control,1320,1.3729511081511965,1.3729511081511965,0.0,0.0
I2_Static_Nonlinear_Negative_Control,1321,1.276085489900446,1.276085489900446,0.0,0.0
I2_Static_Nonlinear_Negative_Control,1322,1.266394256716063,1.266394256716063,0.0,0.0
I2_Static_Nonlinear_Negative_Control,1323,1.2071715053338552,1.2071715053338552,0.0,0.0
I2_Static_Nonlinear_Negative_Control,1324,1.2837889280111223,1.2837889280111223,0.0,0.0
I2_Static_Nonlinear_Negative_Control,1325,1.4379358329548717,1.4379358329548717,0.0,0.0
I2_Static_Nonlinear_Negative_Control,1326,1.3227250627248828,1.3227250627248828,0.0,0.0
I2_Static_Nonlinear_Negative_Control,1327,1.2838619693782558,1.2838619693782558,0.0,0.0
I2_Static_Nonlinear_Negative_Control,1328,1.3095924925779217,1.3095924925779217,0.0,0.0
I2_Static_Nonlinear_Negative_Control,1329,1.3320779827408122,1.3320779827408122,0.0,0.0
I2_Static_Nonlinear_Negative_Control,1330,1.191589899008645,1.191589899008645,0.0,0.0
I2_Static_Nonlinear_Negative_Control,1331,1.232369257791464,1.232369257791464,0.0,0.0
I2_Static_Nonlinear_Negative_Control,1332,1.1765587112404448,1.1765587112404448,0.0,0.0
I2_Static_Nonlinear_Negative_Control,1333,1.2658117291791118,1.2658117291791118,0.0,0.0
I2_Static_Nonlinear_Negative_Control,1334,1.41146839505401,1.41146839505401,0.0,0.0
I2_Static_Nonlinear_Negative_Control,1335,1.3018316445453595,1.3018316445453595,0.0,0.0
I2_Static_Nonlinear_Negative_Control,1336,1.2726136830700234,1.2726136830700234,0.0,0.0
I2_Static_Nonlinear_Negative_Control,1337,1.2971207462718768,1.2971207462718768,0.0,0.0
I2_Static_Nonlinear_Negative_Control,1338,1.308685604989857,1.308685604989857,0.0,0.0
I2_Static_Nonlinear_Negative_Control,1339,1.4446676950501796,1.4446676950501796,0.0,0.0
I2_Static_Nonlinear_Negative_Control,1340,1.307175683900016,1.307175683900016,0.0,0.0
I3_Single_Exact_Delay,1311,0.5638502268470124,0.5638502268470124,0.0,0.0
I3_Single_Exact_Delay,1312,0.573265050955017,0.573265050955017,0.0,0.0
I3_Single_Exact_Delay,1313,0.5413604513660714,0.5413604513660714,0.0,0.0
I3_Single_Exact_Delay,1314,0.5512049946082328,0.5512049946082328,0.0,0.0
I3_Single_Exact_Delay,1315,0.5341282551713532,0.5341282551713532,0.0,0.0
I3_Single_Exact_Delay,1316,0.5560832730206113,0.5560832730206113,0.0,0.0
I3_Single_Exact_Delay,1317,0.0872565282632095,0.0872565282632095,0.0,0.0
I3_Single_Exact_Delay,1318,0.5398316306816644,0.5398316306816644,0.0,0.0
I3_Single_Exact_Delay,1319,0.5479838776823339,0.5479838776823339,0.0,0.0
I3_Single_Exact_Delay,1320,0.1009968329020959,0.1009968329020959,0.0,0.0
I3_Single_Exact_Delay,1321,0.1012332285033183,0.1012332285033183,0.0,0.0
I3_Single_Exact_Delay,1322,0.0973726788735491,0.0973726788735491,0.0,0.0
I3_Single_Exact_Delay,1323,0.096530807784937,0.096530807784937,0.0,0.0
I3_Single_Exact_Delay,1324,0.17218878479408,0.17218878479408,0.0,0.0
I3_Single_Exact_Delay,1325,0.5433317199817507,0.5433317199817507,0.0,0.0
I3_Single_Exact_Delay,1326,0.5527876167054823,0.5527876167054823,0.0,0.0
I3_Single_Exact_Delay,1327,0.5136301095591839,0.5136301095591839,0.0,0.0
I3_Single_Exact_Delay,1328,0.5624728725897948,0.5624728725897948,0.0,0.0
I3_Single_Exact_Delay,1329,0.55930200120413,0.55930200120413,0.0,0.0
I3_Single_Exact_Delay,1330,0.0926678870605225,0.0926678870605225,0.0,0.0
I3_Single_Exact_Delay,1331,0.1011427801271829,0.1011427801271829,0.0,0.0
I3_Single_Exact_Delay,1332,0.530634170115611,0.530634170115611,0.0,0.0
I3_Single_Exact_Delay,1333,0.5332456609647963,0.5332456609647963,0.0,0.0
I3_Single_Exact_Delay,1334,0.0987785125446943,0.0987785125446943,0.0,0.0
I3_Single_Exact_Delay,1335,0.5331289471914784,0.5331289471914784,0.0,0.0
I3_Single_Exact_Delay,1336,0.0952105702846754,0.0952105702846754,0.0,0.0
I3_Single_Exact_Delay,1337,0.0923214055274714,0.0923214055274714,0.0,0.0
I3_Single_Exact_Delay,1338,0.5284642306155106,0.5284642306155106,0.0,0.0
I3_Single_Exact_Delay,1339,0.0952819410714958,0.0952819410714958,0.0,0.0
I3_Single_Exact_Delay,1340,0.5570988101383052,0.5570988101383052,0.0,0.0
I4_Multi_Sparse_Delay,1311,0.7595901210647663,0.7595901210647663,0.0,0.0
I4_Multi_Sparse_Delay,1312,0.5074489234774628,0.5074489234774628,0.0,0.0
I4_Multi_Sparse_Delay,1313,0.7609645502105354,0.7609645502105354,0.0,0.0
I4_Multi_Sparse_Delay,1314,0.7441549096813908,0.7441549096813908,0.0,0.0
I4_Multi_Sparse_Delay,1315,0.7387415183240953,0.7387415183240953,0.0,0.0
I4_Multi_Sparse_Delay,1316,0.764112629583074,0.764112629583074,0.0,0.0
I4_Multi_Sparse_Delay,1317,0.7321224619561618,0.7321224619561618,0.0,0.0
I4_Multi_Sparse_Delay,1318,0.7489567056729844,0.7489567056729844,0.0,0.0
I4_Multi_Sparse_Delay,1319,0.7714703214306567,0.7714703214306567,0.0,0.0
I4_Multi_Sparse_Delay,1320,0.5257663462298809,0.5257663462298809,0.0,0.0
I4_Multi_Sparse_Delay,1321,0.7487022913148932,0.7487022913148932,0.0,0.0
I4_Multi_Sparse_Delay,1322,0.5176038620182712,0.5176038620182712,0.0,0.0
I4_Multi_Sparse_Delay,1323,0.7623570874385122,0.7623570874385122,0.0,0.0
I4_Multi_Sparse_Delay,1324,0.7660231377207088,0.7660231377207088,0.0,0.0
I4_Multi_Sparse_Delay,1325,0.7495488219455295,0.7495488219455295,0.0,0.0
I4_Multi_Sparse_Delay,1326,0.4399647489121041,0.4399647489121041,0.0,0.0
I4_Multi_Sparse_Delay,1327,0.5096269716124363,0.5096269716124363,0.0,0.0
I4_Multi_Sparse_Delay,1328,0.5437629658055123,0.5437629658055123,0.0,0.0
I4_Multi_Sparse_Delay,1329,0.7377276740733298,0.7377276740733298,0.0,0.0
I4_Multi_Sparse_Delay,1330,0.7221612818016802,0.7221612818016802,0.0,0.0
I4_Multi_Sparse_Delay,1331,0.7380303916152545,0.7380303916152545,0.0,0.0
I4_Multi_Sparse_Delay,1332,0.7542858324844648,0.7542858324844648,0.0,0.0
I4_Multi_Sparse_Delay,1333,0.7277021763719975,0.7277021763719975,0.0,0.0
I4_Multi_Sparse_Delay,1334,0.7149538441999019,0.7149538441999019,0.0,0.0
I4_Multi_Sparse_Delay,1335,0.7291188448815266,0.7291188448815266,0.0,0.0
I4_Multi_Sparse_Delay,1336,0.7445772279555081,0.7445772279555081,0.0,0.0
I4_Multi_Sparse_Delay,1337,0.5135583599715827,0.5135583599715827,0.0,0.0
I4_Multi_Sparse_Delay,1338,0.7331530841644667,0.7331530841644667,0.0,0.0
I4_Multi_Sparse_Delay,1339,0.7191572609515282,0.7191572609515282,0.0,0.0
I4_Multi_Sparse_Delay,1340,0.7423213520949957,0.7423213520949957,0.0,0.0
I5_Moving_Delay_Support,1311,0.3569638357090136,0.3569638357090136,0.0,0.0
I5_Moving_Delay_Support,1312,0.5604579944080349,0.5604579944080349,0.0,0.0
I5_Moving_Delay_Support,1313,0.5427527992932908,0.5427527992932908,0.0,0.0
I5_Moving_Delay_Support,1314,0.379359033221179,0.379359033221179,0.0,0.0
I5_Moving_Delay_Support,1315,0.3763648273758269,0.3763648273758269,0.0,0.0
I5_Moving_Delay_Support,1316,0.5503212570387878,0.5503212570387878,0.0,0.0
I5_Moving_Delay_Support,1317,0.5353599397532175,0.5353599397532175,0.0,0.0
I5_Moving_Delay_Support,1318,0.5539409974585292,0.5539409974585292,0.0,0.0
I5_Moving_Delay_Support,1319,0.1003149432148949,0.1003149432148949,0.0,0.0
I5_Moving_Delay_Support,1320,0.5186009511021801,0.5186009511021801,0.0,0.0
I5_Moving_Delay_Support,1321,0.5585609802982977,0.5585609802982977,0.0,0.0
I5_Moving_Delay_Support,1322,0.5304166128911453,0.5304166128911453,0.0,0.0
I5_Moving_Delay_Support,1323,0.3839901847335938,0.3839901847335938,0.0,0.0
I5_Moving_Delay_Support,1324,0.5462946460824956,0.5462946460824956,0.0,0.0
I5_Moving_Delay_Support,1325,0.3716329363576435,0.3716329363576435,0.0,0.0
I5_Moving_Delay_Support,1326,0.3807750202295708,0.3807750202295708,0.0,0.0
I5_Moving_Delay_Support,1327,0.3619284549950253,0.3619284549950253,0.0,0.0
I5_Moving_Delay_Support,1328,0.5483205342973522,0.5483205342973522,0.0,0.0
I5_Moving_Delay_Support,1329,0.561924131910564,0.561924131910564,0.0,0.0
I5_Moving_Delay_Support,1330,0.537806086224098,0.537806086224098,0.0,0.0
I5_Moving_Delay_Support,1331,0.5552209040755909,0.5552209040755909,0.0,0.0
I5_Moving_Delay_Support,1332,0.3686976813293666,0.3686976813293666,0.0,0.0
I5_Moving_Delay_Support,1333,0.5322238631390391,0.5322238631390391,0.0,0.0
I5_Moving_Delay_Support,1334,0.37197538774307,0.37197538774307,0.0,0.0
I5_Moving_Delay_Support,1335,0.5258337875319913,0.5258337875319913,0.0,0.0
I5_Moving_Delay_Support,1336,0.3609691495725973,0.3609691495725973,0.0,0.0
I5_Moving_Delay_Support,1337,0.5317749722919514,0.5317749722919514,0.0,0.0
I5_Moving_Delay_Support,1338,0.3633660808728045,0.3633660808728045,0.0,0.0
I5_Moving_Delay_Support,1339,0.3625043288389177,0.3625043288389177,0.0,0.0
I5_Moving_Delay_Support,1340,0.5608779764105221,0.5608779764105221,0.0,0.0
I6_Continuous_Latent_State,1311,0.1123152508308752,0.1123152508308752,0.0,0.0
I6_Continuous_Latent_State,1312,0.1232609773388245,0.1232609773388245,0.0,0.0
I6_Continuous_Latent_State,1313,0.1113706672030079,0.1113706672030079,0.0,0.0
I6_Continuous_Latent_State,1314,0.1028015724356358,0.1028015724356358,0.0,0.0
I6_Continuous_Latent_State,1315,0.106287744328832,0.106287744328832,0.0,0.0
I6_Continuous_Latent_State,1316,0.1008291147980664,0.1008291147980664,0.0,0.0
I6_Continuous_Latent_State,1317,0.0992665724500758,0.0992665724500758,0.0,0.0
I6_Continuous_Latent_State,1318,0.0992981837097438,0.0992981837097438,0.0,0.0
I6_Continuous_Latent_State,1319,0.1135419490388539,0.1135419490388539,0.0,0.0
I6_Continuous_Latent_State,1320,0.1124359737274813,0.1124359737274813,0.0,0.0
I6_Continuous_Latent_State,1321,0.1047632553219181,0.1047632553219181,0.0,0.0
I6_Continuous_Latent_State,1322,0.1052975390612092,0.1052975390612092,0.0,0.0
I6_Continuous_Latent_State,1323,0.1073427325117453,0.1073427325117453,0.0,0.0
I6_Continuous_Latent_State,1324,0.111601303914691,0.111601303914691,0.0,0.0
I6_Continuous_Latent_State,1325,0.1077388168867247,0.1077388168867247,0.0,0.0
I6_Continuous_Latent_State,1326,0.1087263228287628,0.1087263228287628,0.0,0.0
I6_Continuous_Latent_State,1327,0.1050796235242904,0.1050796235242904,0.0,0.0
I6_Continuous_Latent_State,1328,0.1093498259629713,0.1093498259629713,0.0,0.0
I6_Continuous_Latent_State,1329,0.1142827797911994,0.1142827797911994,0.0,0.0
I6_Continuous_Latent_State,1330,0.0999590415844406,0.0999590415844406,0.0,0.0
I6_Continuous_Latent_State,1331,0.1081963361155035,0.1081963361155035,0.0,0.0
I6_Continuous_Latent_State,1332,0.1052548840468858,0.1052548840468858,0.0,0.0
I6_Continuous_Latent_State,1333,0.104904380026492,0.104904380026492,0.0,0.0
I6_Continuous_Latent_State,1334,0.1086178608494527,0.1086178608494527,0.0,0.0
I6_Continuous_Latent_State,1335,0.1061654760319737,0.1061654760319737,0.0,0.0
I6_Continuous_Latent_State,1336,0.1020759438698125,0.1020759438698125,0.0,0.0
I6_Continuous_Latent_State,1337,0.1067220728684613,0.1067220728684613,0.0,0.0
I6_Continuous_Latent_State,1338,0.1085250192600536,0.1085250192600536,0.0,0.0
I6_Continuous_Latent_State,1339,0.0992182323583205,0.0992182323583205,0.0,0.0
I6_Continuous_Latent_State,1340,0.1097579171920796,0.1097579171920796,0.0,0.0
I7_Quiescent_Continuous_State,1311,0.174313082326731,0.174313082326731,0.0,0.0
I7_Quiescent_Continuous_State,1312,0.1728910091640068,0.1728910091640068,0.0,0.0
I7_Quiescent_Continuous_State,1313,0.1595089440755188,0.1595089440755188,0.0,0.0
I7_Quiescent_Continuous_State,1314,0.1090531096836711,0.1090531096836711,0.0,0.0
I7_Quiescent_Continuous_State,1315,0.1681207640621424,0.1681207640621424,0.0,0.0
I7_Quiescent_Continuous_State,1316,0.104455212265017,0.104455212265017,0.0,0.0
I7_Quiescent_Continuous_State,1317,0.1177615394484884,0.1177615394484884,0.0,0.0
I7_Quiescent_Continuous_State,1318,0.1126912812690726,0.1126912812690726,0.0,0.0
I7_Quiescent_Continuous_State,1319,0.1702275219126252,0.1702275219126252,0.0,0.0
I7_Quiescent_Continuous_State,1320,0.1901672004196557,0.1901672004196557,0.0,0.0
I7_Quiescent_Continuous_State,1321,0.1227925440651319,0.1227925440651319,0.0,0.0
I7_Quiescent_Continuous_State,1322,0.1799327633534369,0.1799327633534369,0.0,0.0
I7_Quiescent_Continuous_State,1323,0.1368787780041311,0.1368787780041311,0.0,0.0
I7_Quiescent_Continuous_State,1324,0.2015788453392157,0.2015788453392157,0.0,0.0
I7_Quiescent_Continuous_State,1325,0.1157339614187788,0.1157339614187788,0.0,0.0
I7_Quiescent_Continuous_State,1326,0.1196213748555054,0.1196213748555054,0.0,0.0
I7_Quiescent_Continuous_State,1327,0.1486295878177496,0.1486295878177496,0.0,0.0
I7_Quiescent_Continuous_State,1328,0.1122595445420691,0.1122595445420691,0.0,0.0
I7_Quiescent_Continuous_State,1329,0.1360129775626178,0.1360129775626178,0.0,0.0
I7_Quiescent_Continuous_State,1330,0.1145446954854974,0.1145446954854974,0.0,0.0
I7_Quiescent_Continuous_State,1331,0.1268294805880705,0.1268294805880705,0.0,0.0
I7_Quiescent_Continuous_State,1332,0.1251475483285164,0.1251475483285164,0.0,0.0
I7_Quiescent_Continuous_State,1333,0.1209183042756356,0.1209183042756356,0.0,0.0
I7_Quiescent_Continuous_State,1334,0.1899275079956896,0.1899275079956896,0.0,0.0
I7_Quiescent_Continuous_State,1335,0.1393530359679562,0.1393530359679562,0.0,0.0
I7_Quiescent_Continuous_State,1336,0.1263562309999148,0.1263562309999148,0.0,0.0
I7_Quiescent_Continuous_State,1337,0.1157142234466205,0.1157142234466205,0.0,0.0
I7_Quiescent_Continuous_State,1338,0.288726376180109,0.288726376180109,0.0,0.0
I7_Quiescent_Continuous_State,1339,0.1949317040497039,0.1949317040497039,0.0,0.0
I7_Quiescent_Continuous_State,1340,0.1291663666827034,0.1291663666827034,0.0,0.0
I8_Quiescent_Discrete_Delay,1311,0.584580010267374,0.584580010267374,0.0,0.0
I8_Quiescent_Discrete_Delay,1312,0.6030829276398904,0.6030829276398904,0.0,0.0
I8_Quiescent_Discrete_Delay,1313,0.5918565355008721,0.5918565355008721,0.0,0.0
I8_Quiescent_Discrete_Delay,1314,0.5961509542965877,0.5961509542965877,0.0,0.0
I8_Quiescent_Discrete_Delay,1315,0.5534764744243992,0.5534764744243992,0.0,0.0
I8_Quiescent_Discrete_Delay,1316,0.5854372020581018,0.5854372020581018,0.0,0.0
I8_Quiescent_Discrete_Delay,1317,0.0946275251361194,0.0946275251361194,0.0,0.0
I8_Quiescent_Discrete_Delay,1318,0.5671261798357082,0.5671261798357082,0.0,0.0
I8_Quiescent_Discrete_Delay,1319,0.5745632185669657,0.5745632185669657,0.0,0.0
I8_Quiescent_Discrete_Delay,1320,0.1159449782090244,0.1159449782090244,0.0,0.0
I8_Quiescent_Discrete_Delay,1321,0.1048227927851319,0.1048227927851319,0.0,0.0
I8_Quiescent_Discrete_Delay,1322,0.109723272558821,0.109723272558821,0.0,0.0
I8_Quiescent_Discrete_Delay,1323,0.1005973803351679,0.1005973803351679,0.0,0.0
I8_Quiescent_Discrete_Delay,1324,0.2093753133988601,0.2093753133988601,0.0,0.0
I8_Quiescent_Discrete_Delay,1325,0.5652869639480637,0.5652869639480637,0.0,0.0
I8_Quiescent_Discrete_Delay,1326,0.5610576435368685,0.5610576435368685,0.0,0.0
I8_Quiescent_Discrete_Delay,1327,0.5102225331245991,0.5102225331245991,0.0,0.0
I8_Quiescent_Discrete_Delay,1328,0.5735091695764041,0.5735091695764041,0.0,0.0
I8_Quiescent_Discrete_Delay,1329,0.5966774519412333,0.5966774519412333,0.0,0.0
I8_Quiescent_Discrete_Delay,1330,0.0961184371111758,0.0961184371111758,0.0,0.0
I8_Quiescent_Discrete_Delay,1331,0.1084369750622042,0.1084369750622042,0.0,0.0
I8_Quiescent_Discrete_Delay,1332,0.5568836814072103,0.5568836814072103,0.0,0.0
I8_Quiescent_Discrete_Delay,1333,0.5671869347704248,0.5671869347704248,0.0,0.0
I8_Quiescent_Discrete_Delay,1334,0.0992981478651796,0.0992981478651796,0.0,0.0
I8_Quiescent_Discrete_Delay,1335,0.5382981087586203,0.5382981087586203,0.0,0.0
I8_Quiescent_Discrete_Delay,1336,0.1046531146291694,0.1046531146291694,0.0,0.0
I8_Quiescent_Discrete_Delay,1337,0.1098550185828531,0.1098550185828531,0.0,0.0
I8_Quiescent_Discrete_Delay,1338,0.5350399268724944,0.5350399268724944,0.0,0.0
I8_Quiescent_Discrete_Delay,1339,0.1133759885614551,0.1133759885614551,0.0,0.0
I8_Quiescent_Discrete_Delay,1340,0.5676583036361853,0.5676583036361853,0.0,0.0
I9_Hybrid_Delay_Plus_Latent_State,1311,0.0967200701737105,0.0967200701737105,0.0,0.0
I9_Hybrid_Delay_Plus_Latent_State,1312,0.3598171061679823,0.3598171061679823,0.0,0.0
I9_Hybrid_Delay_Plus_Latent_State,1313,0.3606262774197062,0.3606262774197062,0.0,0.0
I9_Hybrid_Delay_Plus_Latent_State,1314,0.3383048576090535,0.3383048576090535,0.0,0.0
I9_Hybrid_Delay_Plus_Latent_State,1315,0.3417456233404226,0.3417456233404226,0.0,0.0
I9_Hybrid_Delay_Plus_Latent_State,1316,0.3432008432657547,0.3432008432657547,0.0,0.0
I9_Hybrid_Delay_Plus_Latent_State,1317,0.3398612814306856,0.3398612814306856,0.0,0.0
I9_Hybrid_Delay_Plus_Latent_State,1318,0.3374249143596771,0.3374249143596771,0.0,0.0
I9_Hybrid_Delay_Plus_Latent_State,1319,0.3514343606591055,0.3514343606591055,0.0,0.0
I9_Hybrid_Delay_Plus_Latent_State,1320,0.0987722140272708,0.0987722140272708,0.0,0.0
I9_Hybrid_Delay_Plus_Latent_State,1321,0.0947914879597054,0.0947914879597054,0.0,0.0
I9_Hybrid_Delay_Plus_Latent_State,1322,0.3523577327397382,0.3523577327397382,0.0,0.0
I9_Hybrid_Delay_Plus_Latent_State,1323,0.3543744568829127,0.3543744568829127,0.0,0.0
I9_Hybrid_Delay_Plus_Latent_State,1324,0.3651657115092118,0.3651657115092118,0.0,0.0
I9_Hybrid_Delay_Plus_Latent_State,1325,0.09319612012449,0.09319612012449,0.0,0.0
I9_Hybrid_Delay_Plus_Latent_State,1326,0.3368813043750919,0.3368813043750919,0.0,0.0
I9_Hybrid_Delay_Plus_Latent_State,1327,0.1090146067453096,0.1090146067453096,0.0,0.0
I9_Hybrid_Delay_Plus_Latent_State,1328,0.3566967168861261,0.3566967168861261,0.0,0.0
I9_Hybrid_Delay_Plus_Latent_State,1329,0.3499464537659879,0.3499464537659879,0.0,0.0
I9_Hybrid_Delay_Plus_Latent_State,1330,0.3602457643864236,0.3602457643864236,0.0,0.0
I9_Hybrid_Delay_Plus_Latent_State,1331,0.3478662201333531,0.3478662201333531,0.0,0.0
I9_Hybrid_Delay_Plus_Latent_State,1332,0.3438029923398343,0.3438029923398343,0.0,0.0
I9_Hybrid_Delay_Plus_Latent_State,1333,0.0967244706891235,0.0967244706891235,0.0,0.0
I9_Hybrid_Delay_Plus_Latent_State,1334,0.0967954380555712,0.0967954380555712,0.0,0.0
I9_Hybrid_Delay_Plus_Latent_State,1335,0.3450167392958581,0.3450167392958581,0.0,0.0
I9_Hybrid_Delay_Plus_Latent_State,1336,0.3424320482147211,0.3424320482147211,0.0,0.0
I9_Hybrid_Delay_Plus_Latent_State,1337,0.3338985933968846,0.3338985933968846,0.0,0.0
I9_Hybrid_Delay_Plus_Latent_State,1338,0.3571925407961866,0.3571925407961866,0.0,0.0
I9_Hybrid_Delay_Plus_Latent_State,1339,0.3274692382211732,0.3274692382211732,0.0,0.0
I9_Hybrid_Delay_Plus_Latent_State,1340,0.3491513981849287,0.3491513981849287,0.0,0.0
