track,task_id,model_id,seed,T,D,status,failure_step,fraction_completed,mse,mae,nmse,mean_flops,p95_flops,peak_flops,memory_bytes,active_params,wall_time,coverage,n_active_final,n_events
A,A_AusElectricity,LEBRE_V041,7501,49999,1,SUCCESS,,1.0,28820.912828026874,127.65242559047365,0.017020763779896475,90.8906,130.0,254.0,452,-1,2.8728675842285156,0.879629444366634,4,60
A,A_AusElectricity,LEBRE_V041,7502,49999,1,SUCCESS,,1.0,28820.912828026874,127.65242559047365,0.017020763779896475,90.8906,130.0,254.0,452,-1,2.810016632080078,0.879629444366634,4,60
A,A_AusElectricity,LEBRE_V041,7503,49999,1,SUCCESS,,1.0,28820.912828026874,127.65242559047365,0.017020763779896475,90.8906,130.0,254.0,452,-1,2.7655627727508545,0.879629444366634,4,60
A,A_Sunspot,LEBRE_V041,7501,49999,1,SUCCESS,,1.0,526.6981216558986,15.630060007585902,0.09858091716913839,62.18291428571428,93.0,215.0,424,-1,2.33435320854187,0.8995778226855279,3,13
A,A_Sunspot,LEBRE_V041,7502,49999,1,SUCCESS,,1.0,526.6981216558986,15.630060007585902,0.09858091716913839,62.18291428571428,93.0,215.0,424,-1,2.318469762802124,0.8995778226855279,3,13
A,A_Sunspot,LEBRE_V041,7503,49999,1,SUCCESS,,1.0,526.6981216558986,15.630060007585902,0.09858091716913839,62.18291428571428,93.0,215.0,424,-1,2.388566493988037,0.8995778226855279,3,13
A,A_SaugeenRiver,LEBRE_V041,7501,23740,1,SUCCESS,,1.0,214.82190782023318,5.0363896606291565,0.1344752267675146,50.50493440847274,77.0,117.0,340,-1,0.988368034362793,0.9029089376053963,0,0
A,A_SaugeenRiver,LEBRE_V041,7502,23740,1,SUCCESS,,1.0,214.82190782023318,5.0363896606291565,0.1344752267675146,50.50493440847274,77.0,117.0,340,-1,0.9528024196624756,0.9029089376053963,0,0
A,A_SaugeenRiver,LEBRE_V041,7503,23740,1,SUCCESS,,1.0,214.82190782023318,5.0363896606291565,0.1344752267675146,50.50493440847274,77.0,117.0,340,-1,0.987741231918335,0.9029089376053963,0,0
A,A_USBirths,LEBRE_V041,7501,7304,1,SUCCESS,,1.0,737531.7284151367,736.7502876912716,0.5546720540619771,62.460199491492276,85.0,114.0,368,-1,0.339918851852417,0.9220208676551346,1,1
A,A_USBirths,LEBRE_V041,7502,7304,1,SUCCESS,,1.0,737531.7284151367,736.7502876912716,0.5546720540619771,62.460199491492276,85.0,114.0,368,-1,0.36347174644470215,0.9220208676551346,1,1
A,A_USBirths,LEBRE_V041,7503,7304,1,SUCCESS,,1.0,737531.7284151367,736.7502876912716,0.5546720540619771,62.460199491492276,85.0,114.0,368,-1,0.325681209564209,0.9220208676551346,1,1
A,A_Solar10min,LEBRE_V041,7501,49999,1,SUCCESS,,1.0,12.069358795456056,1.7614888891055056,0.038044174332542015,68.16185714285714,108.0,291.0,368,-1,2.4947662353515625,0.8947958142419816,1,45
A,A_Solar10min,LEBRE_V041,7502,49999,1,SUCCESS,,1.0,12.069358795456056,1.7614888891055056,0.038044174332542015,68.16185714285714,108.0,291.0,368,-1,2.4548592567443848,0.8947958142419816,1,45
A,A_Solar10min,LEBRE_V041,7503,49999,1,SUCCESS,,1.0,12.069358795456056,1.7614888891055056,0.038044174332542015,68.16185714285714,108.0,291.0,368,-1,2.5002315044403076,0.8947958142419816,1,45
A,A_Pedestrian,LEBRE_V041,7501,49999,1,SUCCESS,,1.0,99426.73977539668,218.49826370182612,0.07430325536812103,80.25511428571428,122.0,250.0,452,-1,2.660226583480835,0.8948758478560995,4,48
A,A_Pedestrian,LEBRE_V041,7502,49999,1,SUCCESS,,1.0,99426.73977539668,218.49826370182612,0.07430325536812103,80.25511428571428,122.0,250.0,452,-1,2.674084424972534,0.8948758478560995,4,48
A,A_Pedestrian,LEBRE_V041,7503,49999,1,SUCCESS,,1.0,99426.73977539668,218.49826370182612,0.07430325536812103,80.25511428571428,122.0,250.0,452,-1,2.620448589324951,0.8948758478560995,4,48
A,A_KDDCup2018,LEBRE_V041,7501,10897,1,SUCCESS,,1.0,124.67433644412466,6.096568619921315,0.05330906432554278,52.31685894074462,90.0,111.0,340,-1,0.45888638496398926,0.9076951365266158,0,0
A,A_KDDCup2018,LEBRE_V041,7502,10897,1,SUCCESS,,1.0,124.67433644412466,6.096568619921315,0.05330906432554278,52.31685894074462,90.0,111.0,340,-1,0.4744272232055664,0.9076951365266158,0,0
A,A_KDDCup2018,LEBRE_V041,7503,10897,1,SUCCESS,,1.0,124.67433644412466,6.096568619921315,0.05330906432554278,52.31685894074462,90.0,111.0,340,-1,0.47507572174072266,0.9076951365266158,0,0
B,B_FriedmanDrift_LEA,LEBRE_V041,7301,16000,10,SUCCESS,,1.0,11.296329762828579,2.504998924058082,0.36235655663218164,125.68321428571429,156.0,273.0,2104,-1,0.7212090492248535,0.9015018773466833,0,0
B,B_FriedmanDrift_LEA,LEBRE_V041,7302,16000,10,SUCCESS,,1.0,11.576318829137042,2.53240167671949,0.3633895949101392,125.69,156.0,273.0,2104,-1,0.7184982299804688,0.8957446808510638,0,0
B,B_FriedmanDrift_LEA,LEBRE_V041,7303,16000,10,SUCCESS,,1.0,11.710062304926016,2.5598597740013713,0.37166019987029153,125.68928571428572,156.0,273.0,2104,-1,0.7458176612854004,0.9006883604505632,0,0
B,B_FriedmanDrift_LEA,LEBRE_V041,7304,16000,10,SUCCESS,,1.0,11.536739655903814,2.5190676346683682,0.3699674540724692,125.68964285714286,156.0,273.0,2104,-1,0.7160227298736572,0.9025031289111389,0,0
B,B_FriedmanDrift_LEA,LEBRE_V041,7305,16000,10,SUCCESS,,1.0,11.567847980697545,2.521723893486777,0.35662264697074664,125.67571428571429,156.0,273.0,2104,-1,0.7418005466461182,0.9042553191489362,0,0
B,B_FriedmanDrift_LEA,LEBRE_V041,7306,16000,10,SUCCESS,,1.0,11.11136126738277,2.4809139316651727,0.3511468346051881,125.68678571428572,156.0,273.0,2104,-1,0.7465529441833496,0.8887984981226533,0,0
B,B_FriedmanDrift_LEA,LEBRE_V041,7307,16000,10,SUCCESS,,1.0,11.798632607239524,2.55718733546687,0.37539515015112995,125.68964285714286,156.0,273.0,2104,-1,0.7145168781280518,0.8999374217772216,0,0
B,B_FriedmanDrift_LEA,LEBRE_V041,7308,16000,10,SUCCESS,,1.0,11.5071993252994,2.5072214080116537,0.3671940547000654,125.68892857142858,156.0,273.0,2104,-1,0.7274417877197266,0.904881101376721,0,0
B,B_FriedmanDrift_LEA,LEBRE_V041,7309,16000,10,SUCCESS,,1.0,11.222457018083322,2.4962016610365643,0.3602254655390171,125.69,156.0,273.0,2104,-1,0.7160389423370361,0.8953066332916145,0,0
B,B_FriedmanDrift_LEA,LEBRE_V041,7310,16000,10,SUCCESS,,1.0,11.459372619799135,2.519130041115738,0.3700277232498744,125.68964285714286,156.0,273.0,2104,-1,0.7686812877655029,0.9061326658322904,0,0
B,B_FriedmanDrift_GRA,LEBRE_V041,7301,16000,10,SUCCESS,,1.0,7.524747602019659,2.118919701009042,0.310529130883245,125.68357142857143,156.0,273.0,2104,-1,0.7503917217254639,0.9055068836045056,0,0
B,B_FriedmanDrift_GRA,LEBRE_V041,7302,16000,10,SUCCESS,,1.0,7.6760191821832215,2.1276129202475556,0.3099919494286657,125.69,156.0,273.0,2104,-1,0.7571330070495605,0.9018147684605757,0,0
B,B_FriedmanDrift_GRA,LEBRE_V041,7303,16000,10,SUCCESS,,1.0,7.560188981970542,2.1208836945320244,0.3067239449524848,125.68964285714286,156.0,273.0,2104,-1,0.7222049236297607,0.9050062578222778,0,0
B,B_FriedmanDrift_GRA,LEBRE_V041,7304,16000,10,SUCCESS,,1.0,7.508433039014326,2.106408486019489,0.30583632196802935,125.68607142857142,156.0,273.0,2104,-1,0.7060801982879639,0.9052565707133917,0,0
B,B_FriedmanDrift_GRA,LEBRE_V041,7305,16000,10,SUCCESS,,1.0,7.526254242687498,2.106097294699082,0.298989848946784,125.67535714285714,156.0,273.0,2104,-1,0.7248220443725586,0.9084480600750938,0,0
B,B_FriedmanDrift_GRA,LEBRE_V041,7306,16000,10,SUCCESS,,1.0,7.394829245573133,2.0952018094929747,0.2930169884137512,125.68678571428572,156.0,273.0,2104,-1,0.7567367553710938,0.8959949937421777,0,0
B,B_FriedmanDrift_GRA,LEBRE_V041,7307,16000,10,SUCCESS,,1.0,7.570555955877483,2.1113395460993565,0.30484669997216784,125.68928571428572,156.0,273.0,2104,-1,0.7328081130981445,0.895369211514393,0,0
B,B_FriedmanDrift_GRA,LEBRE_V041,7308,16000,10,SUCCESS,,1.0,7.486423588482086,2.1038247699708434,0.30401263740871404,125.69410714285715,156.0,282.0,2104,-1,0.6941084861755371,0.9043804755944931,0,0
B,B_FriedmanDrift_GRA,LEBRE_V041,7309,16000,10,SUCCESS,,1.0,7.496489959386155,2.10541528677616,0.30802571348225366,125.68964285714286,156.0,273.0,2104,-1,0.7511768341064453,0.8949311639549437,0,0
B,B_FriedmanDrift_GRA,LEBRE_V041,7310,16000,10,SUCCESS,,1.0,7.506503196482561,2.101045252831274,0.3086867023500058,125.68964285714286,156.0,273.0,2104,-1,0.7232439517974854,0.9117647058823529,0,0
B,B_FriedmanDrift_GSG,LEBRE_V041,7301,16000,10,SUCCESS,,1.0,7.876612681418302,2.165344612117602,0.3199121907099345,125.68642857142858,156.0,273.0,2104,-1,0.7055165767669678,0.8994993742177723,0,0
B,B_FriedmanDrift_GSG,LEBRE_V041,7302,16000,10,SUCCESS,,1.0,7.957456374242948,2.1714524542692795,0.32227675135819334,125.69,156.0,273.0,2104,-1,0.6858828067779541,0.9001877346683355,0,0
B,B_FriedmanDrift_GSG,LEBRE_V041,7303,16000,10,SUCCESS,,1.0,7.705302135596007,2.1360630341393865,0.31392185924603205,125.69133928571429,156.0,273.0,2104,-1,0.6940410137176514,0.8984355444305382,0,0
B,B_FriedmanDrift_GSG,LEBRE_V041,7304,16000,10,SUCCESS,,1.0,7.780329882001794,2.1511315408631395,0.31740308667578315,125.68607142857142,156.0,273.0,2104,-1,0.7199420928955078,0.906883604505632,0,0
B,B_FriedmanDrift_GSG,LEBRE_V041,7305,16000,10,SUCCESS,,1.0,7.960302924213502,2.1637387369220233,0.3156138331947892,125.67857142857143,156.0,273.0,2104,-1,0.7094619274139404,0.9018773466833542,0,0
B,B_FriedmanDrift_GSG,LEBRE_V041,7306,16000,10,SUCCESS,,1.0,7.79094975094559,2.149887174530074,0.3066937328521232,125.68678571428572,156.0,273.0,2104,-1,0.7339563369750977,0.8958072590738423,0,0
B,B_FriedmanDrift_GSG,LEBRE_V041,7307,16000,10,SUCCESS,,1.0,8.018681999845255,2.1779529750879307,0.32265191658927106,125.68928571428572,156.0,273.0,2104,-1,0.7333359718322754,0.8985607008760951,0,0
B,B_FriedmanDrift_GSG,LEBRE_V041,7308,16000,10,SUCCESS,,1.0,7.588638680123445,2.115275731089472,0.31433265253781445,125.68928571428572,156.0,273.0,2104,-1,0.7165651321411133,0.8993742177722153,0,0
B,B_FriedmanDrift_GSG,LEBRE_V041,7309,16000,10,SUCCESS,,1.0,7.775473003905253,2.1511994004459027,0.3154962085846137,125.68964285714286,156.0,273.0,2104,-1,0.6988201141357422,0.9039424280350438,0,0
B,B_FriedmanDrift_GSG,LEBRE_V041,7310,16000,10,SUCCESS,,1.0,7.616586883262823,2.1261443592230815,0.31036026844277503,125.68964285714286,156.0,273.0,2104,-1,0.6715006828308105,0.9043178973717146,0,0
B,B_Planes2D,LEBRE_V041,7301,16000,10,SUCCESS,,1.0,5.960972266838952,1.9545986538429305,0.30812420347070935,125.69,156.0,273.0,2104,-1,0.6874344348907471,0.8993742177722153,0,0
B,B_Planes2D,LEBRE_V041,7302,16000,10,SUCCESS,,1.0,5.9888887480085575,1.9717941931959013,0.311853299936063,125.69,156.0,273.0,2104,-1,0.7077217102050781,0.8914267834793492,0,0
B,B_Planes2D,LEBRE_V041,7303,16000,10,SUCCESS,,1.0,5.800554298098622,1.9276495181571796,0.30162546807547325,125.69,156.0,273.0,2104,-1,0.711003303527832,0.8949311639549437,0,0
B,B_Planes2D,LEBRE_V041,7304,16000,10,SUCCESS,,1.0,5.955939692478622,1.9604675079274743,0.3096413900505611,125.69,156.0,273.0,2104,-1,0.6989021301269531,0.9061326658322904,0,0
B,B_Planes2D,LEBRE_V041,7305,16000,10,SUCCESS,,1.0,6.030099933570803,1.9719458255776428,0.3149896530092338,125.69,156.0,273.0,2104,-1,0.6820778846740723,0.9036295369211514,0,0
B,B_Planes2D,LEBRE_V041,7306,16000,10,SUCCESS,,1.0,5.8821351103656605,1.9542080140817488,0.3063532833829777,125.69,156.0,273.0,2104,-1,0.7001998424530029,0.9016270337922403,0,0
B,B_Planes2D,LEBRE_V041,7307,16000,10,SUCCESS,,1.0,5.855090264602264,1.9330488790391052,0.30208204538055905,125.69,156.0,273.0,2104,-1,0.7050731182098389,0.8982478097622028,0,0
B,B_Planes2D,LEBRE_V041,7308,16000,10,SUCCESS,,1.0,6.071118208085098,1.9778063849904233,0.31888722678437365,125.69,156.0,273.0,2104,-1,0.7156085968017578,0.9014392991239049,0,0
B,B_Planes2D,LEBRE_V041,7309,16000,10,SUCCESS,,1.0,5.876860919622487,1.9472527338838075,0.3021155199291705,125.69,156.0,273.0,2104,-1,0.7234795093536377,0.904881101376721,0,0
B,B_Planes2D,LEBRE_V041,7310,16000,10,SUCCESS,,1.0,5.93184683432452,1.959431575677445,0.316172773626587,125.69,156.0,273.0,2104,-1,0.7091269493103027,0.9016896120150187,0,0
B,B_Mv,LEBRE_V041,7301,16000,14,SUCCESS,,1.0,361.3017197642326,13.611551538005164,0.3866560879463769,154.57,184.0,345.0,2888,-1,0.6752123832702637,0.8984355444305382,0,0
B,B_Mv,LEBRE_V041,7302,16000,14,SUCCESS,,1.0,366.8502104974626,13.743330931226586,0.39283035299538344,154.57,184.0,345.0,2888,-1,0.7068042755126953,0.8909887359198999,0,0
B,B_Mv,LEBRE_V041,7303,16000,14,SUCCESS,,1.0,357.7389455870054,13.520179902249787,0.3769128967498585,154.57,184.0,345.0,2888,-1,0.6770553588867188,0.9019399249061326,0,0
B,B_Mv,LEBRE_V041,7304,16000,14,SUCCESS,,1.0,350.17539355682777,13.479705131708146,0.37522050643371524,154.57,184.0,345.0,2888,-1,0.6886477470397949,0.9035043804755944,0,0
B,B_Mv,LEBRE_V041,7305,16000,14,SUCCESS,,1.0,363.81972995049614,13.649211829621645,0.39691768356133,154.57,184.0,345.0,2888,-1,0.7282257080078125,0.89630788485607,0,0
B,B_Mv,LEBRE_V041,7306,16000,14,SUCCESS,,1.0,349.9438902866252,13.3517428890029,0.3732914259393545,154.57,184.0,345.0,2888,-1,0.7069227695465088,0.9,0,0
B,B_Mv,LEBRE_V041,7307,16000,14,SUCCESS,,1.0,355.58995701107796,13.464462693997403,0.3891516096954912,154.57,184.0,345.0,2888,-1,0.6949639320373535,0.9076345431789737,0,0
B,B_Mv,LEBRE_V041,7308,16000,14,SUCCESS,,1.0,356.16430523184727,13.60234085707839,0.3839871106307216,154.57,184.0,345.0,2888,-1,0.7114248275756836,0.8948685857321652,0,0
B,B_Mv,LEBRE_V041,7309,16000,14,SUCCESS,,1.0,355.1443193112798,13.523259138732413,0.3878323261606618,154.57,184.0,345.0,2888,-1,0.742581844329834,0.9020025031289112,0,0
B,B_Mv,LEBRE_V041,7310,16000,14,SUCCESS,,1.0,352.1178615047915,13.406793447373719,0.368622816948356,154.57,184.0,345.0,2888,-1,0.6990158557891846,0.8994367959949937,0,0
C,C_F16,LEBRE_V041,7501,147456,2,SUCCESS,,1.0,0.020384327184572452,0.08315084613099695,0.02108983092691337,86.56386990017361,129.0,437.0,592,-1,4.722553491592407,0.9005738082964811,2,502
C,C_F16,LEBRE_V041,7502,147456,2,SUCCESS,,1.0,0.020384327184572452,0.08315084613099695,0.02108983092691337,86.56386990017361,129.0,437.0,592,-1,4.51520037651062,0.9005738082964811,2,502
C,C_F16,LEBRE_V041,7503,147456,2,SUCCESS,,1.0,0.020384327184572452,0.08315084613099695,0.02108983092691337,86.56386990017361,129.0,437.0,592,-1,4.658632755279541,0.9005738082964811,2,502
C,C_ParWH,LEBRE_V041,7501,65536,2,SUCCESS,,1.0,0.00010945156071566207,0.008125692000718065,0.0026062602588604513,107.86029052734375,179.0,453.0,648,-1,2.5071303844451904,0.9429147078576225,4,46
C,C_ParWH,LEBRE_V041,7502,65536,2,SUCCESS,,1.0,0.00010945156071566207,0.008125692000718065,0.0026062602588604513,107.86029052734375,179.0,453.0,648,-1,2.471086025238037,0.9429147078576225,4,46
C,C_ParWH,LEBRE_V041,7503,65536,2,SUCCESS,,1.0,0.00010945156071566207,0.008125692000718065,0.0026062602588604513,107.86029052734375,179.0,453.0,648,-1,2.542649507522583,0.9429147078576225,4,46
D,D_SparseFIR_K2_white_SNR10,LEBRE_V041,7401,10000,32,SUCCESS,,1.0,0.19581631128133775,0.3416027507749794,0.0926147269416382,284.53,310.0,669.0,6416,-1,0.42832136154174805,0.8998997995991984,0,0
D,D_SparseFIR_K2_white_SNR10,LEBRE_V041,7402,10000,32,SUCCESS,,1.0,0.15864527188853228,0.315585837294029,0.16725198372114936,284.53,310.0,669.0,6416,-1,0.46000075340270996,0.8918837675350701,0,0
D,D_SparseFIR_K2_white_SNR10,LEBRE_V041,7403,10000,32,SUCCESS,,1.0,0.028381008831974124,0.1292921035589335,0.12295996479912473,284.54285714285714,310.0,678.0,6416,-1,0.43219733238220215,0.9083166332665331,0,0
D,D_SparseFIR_K2_white_SNR10,LEBRE_V041,7404,10000,32,SUCCESS,,1.0,0.3483239786318201,0.4547331895950697,0.09892437952716114,284.53,310.0,669.0,6416,-1,0.4251859188079834,0.9007014028056112,0,0
D,D_SparseFIR_K2_white_SNR10,LEBRE_V041,7405,10000,32,SUCCESS,,1.0,0.074050832001517,0.20980324372568696,0.14198875922128334,284.53,310.0,669.0,6416,-1,0.42973828315734863,0.9,0,0
D,D_SparseFIR_K2_white_SNR10,LEBRE_V041,7406,10000,32,SUCCESS,,1.0,0.2266168285974914,0.3711470243301671,0.14266924339803422,284.53,310.0,669.0,6416,-1,0.4197123050689697,0.8996993987975952,0,0
D,D_SparseFIR_K2_white_SNR10,LEBRE_V041,7407,10000,32,SUCCESS,,1.0,0.02881460902171667,0.13193549725546813,0.13751636163215353,284.53,310.0,669.0,6416,-1,0.45514893531799316,0.8987975951903807,0,0
D,D_SparseFIR_K2_white_SNR10,LEBRE_V041,7408,10000,32,SUCCESS,,1.0,0.11203326540015784,0.24195123313018946,0.12175705536111872,284.53,310.0,669.0,6416,-1,0.4218263626098633,0.9021042084168337,0,0
D,D_SparseFIR_K2_white_SNR10,LEBRE_V041,7409,10000,32,SUCCESS,,1.0,0.19469995966725284,0.3444404664272992,0.11714134019718563,284.53,310.0,669.0,6416,-1,0.4573342800140381,0.9030060120240481,0,0
D,D_SparseFIR_K2_white_SNR10,LEBRE_V041,7410,10000,32,SUCCESS,,1.0,0.28282582165770426,0.41589875998235093,0.1094130598588731,284.53,310.0,669.0,6416,-1,0.46282052993774414,0.9095190380761523,0,0
D,D_SparseFIR_K2_colored_SNR10,LEBRE_V041,7401,10000,32,SUCCESS,,1.0,0.14987969977072088,0.30170659086789536,0.09728730767572849,284.53,310.0,669.0,6416,-1,0.4323265552520752,0.8976953907815631,0,0
D,D_SparseFIR_K2_colored_SNR10,LEBRE_V041,7402,10000,32,SUCCESS,,1.0,0.12912413954402677,0.28544328094267335,0.16996350543809763,284.53,310.0,669.0,6416,-1,0.4318878650665283,0.8963927855711423,0,0
D,D_SparseFIR_K2_colored_SNR10,LEBRE_V041,7403,10000,32,SUCCESS,,1.0,0.020599513653883045,0.11001058746711767,0.11589934570138156,284.53,310.0,669.0,6416,-1,0.4371950626373291,0.9035070140280561,0,0
D,D_SparseFIR_K2_colored_SNR10,LEBRE_V041,7404,10000,32,SUCCESS,,1.0,0.2790396718265991,0.408066344689022,0.11184069436635262,284.52885714285713,310.0,669.0,6416,-1,0.4252936840057373,0.9001002004008016,0,0
D,D_SparseFIR_K2_colored_SNR10,LEBRE_V041,7405,10000,32,SUCCESS,,1.0,0.07283246378428423,0.2114236360621237,0.14563469370816096,284.53,310.0,669.0,6416,-1,0.4330904483795166,0.8925851703406814,0,0
D,D_SparseFIR_K2_colored_SNR10,LEBRE_V041,7406,10000,32,SUCCESS,,1.0,0.21639771612334785,0.3682450052624077,0.13651143777847308,284.5002857142857,310.0,669.0,6416,-1,0.43306660652160645,0.8974949899799599,0,0
D,D_SparseFIR_K2_colored_SNR10,LEBRE_V041,7407,10000,32,SUCCESS,,1.0,0.02814533763875426,0.13237853655395085,0.13064214401738286,284.53,310.0,669.0,6416,-1,0.46337199211120605,0.8969939879759519,0,0
D,D_SparseFIR_K2_colored_SNR10,LEBRE_V041,7408,10000,32,SUCCESS,,1.0,0.10902845123914673,0.24938479492088986,0.11223963219391092,284.5377142857143,310.0,678.0,6416,-1,0.4375033378601074,0.9007014028056112,0,0
D,D_SparseFIR_K2_colored_SNR10,LEBRE_V041,7409,10000,32,SUCCESS,,1.0,0.25948512912126476,0.39922419754528093,0.10795633950654258,284.5294285714286,310.0,669.0,6416,-1,0.4803645610809326,0.9025050100200401,0,0
D,D_SparseFIR_K2_colored_SNR10,LEBRE_V041,7410,10000,32,SUCCESS,,1.0,0.3574119396948784,0.46908926565461234,0.10437145154467294,284.53,310.0,669.0,6416,-1,0.5623877048492432,0.9074148296593186,0,0
D,D_SparseFIR_K6_white_SNR10,LEBRE_V041,7401,10000,32,SUCCESS,,1.0,0.6574218092030679,0.6385303447790014,0.11879326018149974,284.53,310.0,669.0,6416,-1,0.44176530838012695,0.8935871743486974,0,0
D,D_SparseFIR_K6_white_SNR10,LEBRE_V041,7402,10000,32,SUCCESS,,1.0,1.661093189858973,0.9844336562464963,0.1050541212797753,284.53,310.0,669.0,6416,-1,0.433469295501709,0.8985971943887776,0,0
D,D_SparseFIR_K6_white_SNR10,LEBRE_V041,7403,10000,32,SUCCESS,,1.0,0.7519239337568403,0.6439645982397527,0.12953754638231355,284.53,310.0,669.0,6416,-1,0.44147610664367676,0.9026052104208416,0,0
D,D_SparseFIR_K6_white_SNR10,LEBRE_V041,7404,10000,32,SUCCESS,,1.0,0.8893269551415891,0.7145840705529876,0.12516141117840998,284.53,310.0,669.0,6416,-1,0.47324061393737793,0.9049098196392785,0,0
D,D_SparseFIR_K6_white_SNR10,LEBRE_V041,7405,10000,32,SUCCESS,,1.0,1.2571888428471465,0.8385009218326224,0.11219307216652111,284.53,310.0,669.0,6416,-1,0.5031561851501465,0.8967935871743486,0,0
D,D_SparseFIR_K6_white_SNR10,LEBRE_V041,7406,10000,32,SUCCESS,,1.0,0.5777974035355752,0.5831948757422858,0.1260705039386961,284.53,310.0,669.0,6416,-1,0.48960018157958984,0.9046092184368737,0,0
D,D_SparseFIR_K6_white_SNR10,LEBRE_V041,7407,10000,32,SUCCESS,,1.0,1.1028838147148499,0.789290691074559,0.13152294660010153,284.53,310.0,669.0,6416,-1,0.49523425102233887,0.8918837675350701,0,0
D,D_SparseFIR_K6_white_SNR10,LEBRE_V041,7408,10000,32,SUCCESS,,1.0,0.9973845631244689,0.7369683456783729,0.11395446962635358,284.53,310.0,669.0,6416,-1,0.48144960403442383,0.8937875751503006,0,0
D,D_SparseFIR_K6_white_SNR10,LEBRE_V041,7409,10000,32,SUCCESS,,1.0,0.6740769884755925,0.6259365021004462,0.1036764938006002,291.0641428571429,322.0,695.0,6444,-1,0.4852943420410156,0.8923847695390782,1,1
D,D_SparseFIR_K6_white_SNR10,LEBRE_V041,7410,10000,32,SUCCESS,,1.0,1.2327940256770766,0.8443366005029038,0.11000321844696012,284.53,310.0,669.0,6416,-1,0.4978039264678955,0.9026052104208416,0,0
D,D_SparseFIR_K6_colored_SNR10,LEBRE_V041,7401,10000,32,SUCCESS,,1.0,0.5121152700953346,0.5641514958797844,0.10636483790512997,284.53,310.0,669.0,6416,-1,0.4736635684967041,0.8970941883767535,0,0
D,D_SparseFIR_K6_colored_SNR10,LEBRE_V041,7402,10000,32,SUCCESS,,1.0,1.7175983754842117,1.0276892157795243,0.09472818254444222,284.53,310.0,669.0,6416,-1,0.44347596168518066,0.9016032064128257,0,0
D,D_SparseFIR_K6_colored_SNR10,LEBRE_V041,7403,10000,32,SUCCESS,,1.0,0.6701944278072413,0.6254195605313319,0.1444685667939235,284.53,310.0,669.0,6416,-1,0.48105621337890625,0.9048096192384769,0,0
D,D_SparseFIR_K6_colored_SNR10,LEBRE_V041,7404,10000,32,SUCCESS,,1.0,1.0013199284138319,0.7804358637407479,0.10923128018841778,284.5467142857143,310.0,687.0,6416,-1,0.48105502128601074,0.9048096192384769,0,0
D,D_SparseFIR_K6_colored_SNR10,LEBRE_V041,7405,10000,32,SUCCESS,,1.0,1.174684978663382,0.8363866418123024,0.11128386700785324,284.53,310.0,669.0,6416,-1,0.44203662872314453,0.8957915831663327,0,0
D,D_SparseFIR_K6_colored_SNR10,LEBRE_V041,7406,10000,32,SUCCESS,,1.0,0.4566788891909336,0.5216183984205124,0.12134930521412852,284.4945714285714,310.0,669.0,6416,-1,0.42980384826660156,0.8975951903807615,0,0
D,D_SparseFIR_K6_colored_SNR10,LEBRE_V041,7407,10000,32,SUCCESS,,1.0,1.1670456108113585,0.8388826682318462,0.12915224700989875,284.5294285714286,310.0,669.0,6416,-1,0.4418342113494873,0.8891783567134268,0,0
D,D_SparseFIR_K6_colored_SNR10,LEBRE_V041,7408,10000,32,SUCCESS,,1.0,0.9091675209959992,0.7240017910495524,0.11401494672768503,284.53,310.0,669.0,6416,-1,0.41975951194763184,0.8959919839679359,0,0
D,D_SparseFIR_K6_colored_SNR10,LEBRE_V041,7409,10000,32,SUCCESS,,1.0,0.4387314591497882,0.5074281691357133,0.11226804627399385,284.53,310.0,669.0,6416,-1,0.40411996841430664,0.8980961923847696,0,0
D,D_SparseFIR_K6_colored_SNR10,LEBRE_V041,7410,10000,32,SUCCESS,,1.0,2.143098249694334,1.1578841071840038,0.08900961381234912,284.53,310.0,669.0,6416,-1,0.3885941505432129,0.9014028056112224,0,0
