model_type,metric,mean,std,median,p90,p95,p99,max
C0_M1_PARENT,mean_total_fp,111.23611825396826,12.99710707086974,111.43233333333332,129.34220000000002,134.8517,136.85308333333333,137.204
C0_M1_PARENT,mean_live_fp,75.68441666666666,12.887251618030946,75.83916666666667,93.58516666666665,99.35983333333334,101.41584999999999,101.76166666666668
C0_M1_PARENT,mean_shadow_fp,35.55170158730159,0.3894008368911652,35.635999999999996,35.83176666666667,35.844950000000004,35.86427,35.87433333333333
C0_M1_PARENT,mean_int_ops,22.875114285714286,2.3430347369330287,22.197166666666668,26.470433333333332,27.230999999999998,27.78602333333333,27.887666666666668
C0_M1_PARENT,mean_bytes_moved,343.0028968253968,17.492843785002254,343.4326666666667,369.4282,371.7083666666667,372.52342666666664,372.718
C2_K2,mean_total_fp,101.02328333333334,12.952914186198507,99.55283333333334,121.29116666666668,125.43974999999999,127.87183000000002,128.119
C2_K2,mean_live_fp,74.48326587301587,12.860928871973424,72.93166666666667,94.68416666666667,98.89274999999999,101.43516666666666,101.68833333333332
C2_K2,mean_shadow_fp,26.540017460317458,0.38561046486654116,26.61583333333333,26.820700000000002,26.836033333333333,26.861493333333332,26.873
C2_K2,mean_int_ops,23.56870952380952,2.2840730998589147,23.108333333333334,26.9268,27.784449999999996,28.291849999999997,28.387666666666668
C2_K2,mean_bytes_moved,329.0223317460318,17.238237660915356,328.472,357.56716666666665,359.35909999999996,360.42780999999997,360.62733333333335
