run_id,task_id,seed,variant,status
DIAG01_A2_Single_Delayed_Dependency_LEBRE_FROZEN_SEED_201,A2_Single_Delayed_Dependency,201,LEBRE_FROZEN,PREREGISTERED
DIAG01_A2_Single_Delayed_Dependency_LEBRE_NO_REC_BIRTH_SEED_201,A2_Single_Delayed_Dependency,201,LEBRE_NO_REC_BIRTH,PREREGISTERED
DIAG01_A2_Single_Delayed_Dependency_LEBRE_SHADOW_ONLY_SEED_201,A2_Single_Delayed_Dependency,201,LEBRE_SHADOW_ONLY,PREREGISTERED
DIAG01_A2_Single_Delayed_Dependency_LEBRE_ORACLE_HARM_STOP_SEED_201,A2_Single_Delayed_Dependency,201,LEBRE_ORACLE_HARM_STOP,PREREGISTERED
DIAG01_A2_Single_Delayed_Dependency_LEBRE_FROZEN_SEED_202,A2_Single_Delayed_Dependency,202,LEBRE_FROZEN,PREREGISTERED
DIAG01_A2_Single_Delayed_Dependency_LEBRE_NO_REC_BIRTH_SEED_202,A2_Single_Delayed_Dependency,202,LEBRE_NO_REC_BIRTH,PREREGISTERED
DIAG01_A2_Single_Delayed_Dependency_LEBRE_SHADOW_ONLY_SEED_202,A2_Single_Delayed_Dependency,202,LEBRE_SHADOW_ONLY,PREREGISTERED
DIAG01_A2_Single_Delayed_Dependency_LEBRE_ORACLE_HARM_STOP_SEED_202,A2_Single_Delayed_Dependency,202,LEBRE_ORACLE_HARM_STOP,PREREGISTERED
DIAG01_A2_Single_Delayed_Dependency_LEBRE_FROZEN_SEED_203,A2_Single_Delayed_Dependency,203,LEBRE_FROZEN,PREREGISTERED
DIAG01_A2_Single_Delayed_Dependency_LEBRE_NO_REC_BIRTH_SEED_203,A2_Single_Delayed_Dependency,203,LEBRE_NO_REC_BIRTH,PREREGISTERED
DIAG01_A2_Single_Delayed_Dependency_LEBRE_SHADOW_ONLY_SEED_203,A2_Single_Delayed_Dependency,203,LEBRE_SHADOW_ONLY,PREREGISTERED
DIAG01_A2_Single_Delayed_Dependency_LEBRE_ORACLE_HARM_STOP_SEED_203,A2_Single_Delayed_Dependency,203,LEBRE_ORACLE_HARM_STOP,PREREGISTERED
DIAG01_A2_Single_Delayed_Dependency_LEBRE_FROZEN_SEED_204,A2_Single_Delayed_Dependency,204,LEBRE_FROZEN,PREREGISTERED
DIAG01_A2_Single_Delayed_Dependency_LEBRE_NO_REC_BIRTH_SEED_204,A2_Single_Delayed_Dependency,204,LEBRE_NO_REC_BIRTH,PREREGISTERED
DIAG01_A2_Single_Delayed_Dependency_LEBRE_SHADOW_ONLY_SEED_204,A2_Single_Delayed_Dependency,204,LEBRE_SHADOW_ONLY,PREREGISTERED
DIAG01_A2_Single_Delayed_Dependency_LEBRE_ORACLE_HARM_STOP_SEED_204,A2_Single_Delayed_Dependency,204,LEBRE_ORACLE_HARM_STOP,PREREGISTERED
DIAG01_A2_Single_Delayed_Dependency_LEBRE_FROZEN_SEED_205,A2_Single_Delayed_Dependency,205,LEBRE_FROZEN,PREREGISTERED
DIAG01_A2_Single_Delayed_Dependency_LEBRE_NO_REC_BIRTH_SEED_205,A2_Single_Delayed_Dependency,205,LEBRE_NO_REC_BIRTH,PREREGISTERED
DIAG01_A2_Single_Delayed_Dependency_LEBRE_SHADOW_ONLY_SEED_205,A2_Single_Delayed_Dependency,205,LEBRE_SHADOW_ONLY,PREREGISTERED
DIAG01_A2_Single_Delayed_Dependency_LEBRE_ORACLE_HARM_STOP_SEED_205,A2_Single_Delayed_Dependency,205,LEBRE_ORACLE_HARM_STOP,PREREGISTERED
DIAG01_A2_Single_Delayed_Dependency_LEBRE_FROZEN_SEED_206,A2_Single_Delayed_Dependency,206,LEBRE_FROZEN,PREREGISTERED
DIAG01_A2_Single_Delayed_Dependency_LEBRE_NO_REC_BIRTH_SEED_206,A2_Single_Delayed_Dependency,206,LEBRE_NO_REC_BIRTH,PREREGISTERED
DIAG01_A2_Single_Delayed_Dependency_LEBRE_SHADOW_ONLY_SEED_206,A2_Single_Delayed_Dependency,206,LEBRE_SHADOW_ONLY,PREREGISTERED
DIAG01_A2_Single_Delayed_Dependency_LEBRE_ORACLE_HARM_STOP_SEED_206,A2_Single_Delayed_Dependency,206,LEBRE_ORACLE_HARM_STOP,PREREGISTERED
DIAG01_A2_Single_Delayed_Dependency_LEBRE_FROZEN_SEED_207,A2_Single_Delayed_Dependency,207,LEBRE_FROZEN,PREREGISTERED
DIAG01_A2_Single_Delayed_Dependency_LEBRE_NO_REC_BIRTH_SEED_207,A2_Single_Delayed_Dependency,207,LEBRE_NO_REC_BIRTH,PREREGISTERED
DIAG01_A2_Single_Delayed_Dependency_LEBRE_SHADOW_ONLY_SEED_207,A2_Single_Delayed_Dependency,207,LEBRE_SHADOW_ONLY,PREREGISTERED
DIAG01_A2_Single_Delayed_Dependency_LEBRE_ORACLE_HARM_STOP_SEED_207,A2_Single_Delayed_Dependency,207,LEBRE_ORACLE_HARM_STOP,PREREGISTERED
DIAG01_A2_Single_Delayed_Dependency_LEBRE_FROZEN_SEED_208,A2_Single_Delayed_Dependency,208,LEBRE_FROZEN,PREREGISTERED
DIAG01_A2_Single_Delayed_Dependency_LEBRE_NO_REC_BIRTH_SEED_208,A2_Single_Delayed_Dependency,208,LEBRE_NO_REC_BIRTH,PREREGISTERED
DIAG01_A2_Single_Delayed_Dependency_LEBRE_SHADOW_ONLY_SEED_208,A2_Single_Delayed_Dependency,208,LEBRE_SHADOW_ONLY,PREREGISTERED
DIAG01_A2_Single_Delayed_Dependency_LEBRE_ORACLE_HARM_STOP_SEED_208,A2_Single_Delayed_Dependency,208,LEBRE_ORACLE_HARM_STOP,PREREGISTERED
DIAG01_A2_Single_Delayed_Dependency_LEBRE_FROZEN_SEED_209,A2_Single_Delayed_Dependency,209,LEBRE_FROZEN,PREREGISTERED
DIAG01_A2_Single_Delayed_Dependency_LEBRE_NO_REC_BIRTH_SEED_209,A2_Single_Delayed_Dependency,209,LEBRE_NO_REC_BIRTH,PREREGISTERED
DIAG01_A2_Single_Delayed_Dependency_LEBRE_SHADOW_ONLY_SEED_209,A2_Single_Delayed_Dependency,209,LEBRE_SHADOW_ONLY,PREREGISTERED
DIAG01_A2_Single_Delayed_Dependency_LEBRE_ORACLE_HARM_STOP_SEED_209,A2_Single_Delayed_Dependency,209,LEBRE_ORACLE_HARM_STOP,PREREGISTERED
DIAG01_A2_Single_Delayed_Dependency_LEBRE_FROZEN_SEED_210,A2_Single_Delayed_Dependency,210,LEBRE_FROZEN,PREREGISTERED
DIAG01_A2_Single_Delayed_Dependency_LEBRE_NO_REC_BIRTH_SEED_210,A2_Single_Delayed_Dependency,210,LEBRE_NO_REC_BIRTH,PREREGISTERED
DIAG01_A2_Single_Delayed_Dependency_LEBRE_SHADOW_ONLY_SEED_210,A2_Single_Delayed_Dependency,210,LEBRE_SHADOW_ONLY,PREREGISTERED
DIAG01_A2_Single_Delayed_Dependency_LEBRE_ORACLE_HARM_STOP_SEED_210,A2_Single_Delayed_Dependency,210,LEBRE_ORACLE_HARM_STOP,PREREGISTERED
DIAG01_A2_Single_Delayed_Dependency_LEBRE_FROZEN_SEED_211,A2_Single_Delayed_Dependency,211,LEBRE_FROZEN,PREREGISTERED
DIAG01_A2_Single_Delayed_Dependency_LEBRE_NO_REC_BIRTH_SEED_211,A2_Single_Delayed_Dependency,211,LEBRE_NO_REC_BIRTH,PREREGISTERED
DIAG01_A2_Single_Delayed_Dependency_LEBRE_SHADOW_ONLY_SEED_211,A2_Single_Delayed_Dependency,211,LEBRE_SHADOW_ONLY,PREREGISTERED
DIAG01_A2_Single_Delayed_Dependency_LEBRE_ORACLE_HARM_STOP_SEED_211,A2_Single_Delayed_Dependency,211,LEBRE_ORACLE_HARM_STOP,PREREGISTERED
DIAG01_A2_Single_Delayed_Dependency_LEBRE_FROZEN_SEED_212,A2_Single_Delayed_Dependency,212,LEBRE_FROZEN,PREREGISTERED
DIAG01_A2_Single_Delayed_Dependency_LEBRE_NO_REC_BIRTH_SEED_212,A2_Single_Delayed_Dependency,212,LEBRE_NO_REC_BIRTH,PREREGISTERED
DIAG01_A2_Single_Delayed_Dependency_LEBRE_SHADOW_ONLY_SEED_212,A2_Single_Delayed_Dependency,212,LEBRE_SHADOW_ONLY,PREREGISTERED
DIAG01_A2_Single_Delayed_Dependency_LEBRE_ORACLE_HARM_STOP_SEED_212,A2_Single_Delayed_Dependency,212,LEBRE_ORACLE_HARM_STOP,PREREGISTERED
DIAG01_A2_Single_Delayed_Dependency_LEBRE_FROZEN_SEED_213,A2_Single_Delayed_Dependency,213,LEBRE_FROZEN,PREREGISTERED
DIAG01_A2_Single_Delayed_Dependency_LEBRE_NO_REC_BIRTH_SEED_213,A2_Single_Delayed_Dependency,213,LEBRE_NO_REC_BIRTH,PREREGISTERED
DIAG01_A2_Single_Delayed_Dependency_LEBRE_SHADOW_ONLY_SEED_213,A2_Single_Delayed_Dependency,213,LEBRE_SHADOW_ONLY,PREREGISTERED
DIAG01_A2_Single_Delayed_Dependency_LEBRE_ORACLE_HARM_STOP_SEED_213,A2_Single_Delayed_Dependency,213,LEBRE_ORACLE_HARM_STOP,PREREGISTERED
DIAG01_A2_Single_Delayed_Dependency_LEBRE_FROZEN_SEED_214,A2_Single_Delayed_Dependency,214,LEBRE_FROZEN,PREREGISTERED
DIAG01_A2_Single_Delayed_Dependency_LEBRE_NO_REC_BIRTH_SEED_214,A2_Single_Delayed_Dependency,214,LEBRE_NO_REC_BIRTH,PREREGISTERED
DIAG01_A2_Single_Delayed_Dependency_LEBRE_SHADOW_ONLY_SEED_214,A2_Single_Delayed_Dependency,214,LEBRE_SHADOW_ONLY,PREREGISTERED
DIAG01_A2_Single_Delayed_Dependency_LEBRE_ORACLE_HARM_STOP_SEED_214,A2_Single_Delayed_Dependency,214,LEBRE_ORACLE_HARM_STOP,PREREGISTERED
DIAG01_A2_Single_Delayed_Dependency_LEBRE_FROZEN_SEED_215,A2_Single_Delayed_Dependency,215,LEBRE_FROZEN,PREREGISTERED
DIAG01_A2_Single_Delayed_Dependency_LEBRE_NO_REC_BIRTH_SEED_215,A2_Single_Delayed_Dependency,215,LEBRE_NO_REC_BIRTH,PREREGISTERED
DIAG01_A2_Single_Delayed_Dependency_LEBRE_SHADOW_ONLY_SEED_215,A2_Single_Delayed_Dependency,215,LEBRE_SHADOW_ONLY,PREREGISTERED
DIAG01_A2_Single_Delayed_Dependency_LEBRE_ORACLE_HARM_STOP_SEED_215,A2_Single_Delayed_Dependency,215,LEBRE_ORACLE_HARM_STOP,PREREGISTERED
DIAG01_A2_Single_Delayed_Dependency_LEBRE_FROZEN_SEED_216,A2_Single_Delayed_Dependency,216,LEBRE_FROZEN,PREREGISTERED
DIAG01_A2_Single_Delayed_Dependency_LEBRE_NO_REC_BIRTH_SEED_216,A2_Single_Delayed_Dependency,216,LEBRE_NO_REC_BIRTH,PREREGISTERED
DIAG01_A2_Single_Delayed_Dependency_LEBRE_SHADOW_ONLY_SEED_216,A2_Single_Delayed_Dependency,216,LEBRE_SHADOW_ONLY,PREREGISTERED
DIAG01_A2_Single_Delayed_Dependency_LEBRE_ORACLE_HARM_STOP_SEED_216,A2_Single_Delayed_Dependency,216,LEBRE_ORACLE_HARM_STOP,PREREGISTERED
DIAG01_A2_Single_Delayed_Dependency_LEBRE_FROZEN_SEED_217,A2_Single_Delayed_Dependency,217,LEBRE_FROZEN,PREREGISTERED
DIAG01_A2_Single_Delayed_Dependency_LEBRE_NO_REC_BIRTH_SEED_217,A2_Single_Delayed_Dependency,217,LEBRE_NO_REC_BIRTH,PREREGISTERED
DIAG01_A2_Single_Delayed_Dependency_LEBRE_SHADOW_ONLY_SEED_217,A2_Single_Delayed_Dependency,217,LEBRE_SHADOW_ONLY,PREREGISTERED
DIAG01_A2_Single_Delayed_Dependency_LEBRE_ORACLE_HARM_STOP_SEED_217,A2_Single_Delayed_Dependency,217,LEBRE_ORACLE_HARM_STOP,PREREGISTERED
DIAG01_A2_Single_Delayed_Dependency_LEBRE_FROZEN_SEED_218,A2_Single_Delayed_Dependency,218,LEBRE_FROZEN,PREREGISTERED
DIAG01_A2_Single_Delayed_Dependency_LEBRE_NO_REC_BIRTH_SEED_218,A2_Single_Delayed_Dependency,218,LEBRE_NO_REC_BIRTH,PREREGISTERED
DIAG01_A2_Single_Delayed_Dependency_LEBRE_SHADOW_ONLY_SEED_218,A2_Single_Delayed_Dependency,218,LEBRE_SHADOW_ONLY,PREREGISTERED
DIAG01_A2_Single_Delayed_Dependency_LEBRE_ORACLE_HARM_STOP_SEED_218,A2_Single_Delayed_Dependency,218,LEBRE_ORACLE_HARM_STOP,PREREGISTERED
DIAG01_A2_Single_Delayed_Dependency_LEBRE_FROZEN_SEED_219,A2_Single_Delayed_Dependency,219,LEBRE_FROZEN,PREREGISTERED
DIAG01_A2_Single_Delayed_Dependency_LEBRE_NO_REC_BIRTH_SEED_219,A2_Single_Delayed_Dependency,219,LEBRE_NO_REC_BIRTH,PREREGISTERED
DIAG01_A2_Single_Delayed_Dependency_LEBRE_SHADOW_ONLY_SEED_219,A2_Single_Delayed_Dependency,219,LEBRE_SHADOW_ONLY,PREREGISTERED
DIAG01_A2_Single_Delayed_Dependency_LEBRE_ORACLE_HARM_STOP_SEED_219,A2_Single_Delayed_Dependency,219,LEBRE_ORACLE_HARM_STOP,PREREGISTERED
DIAG01_A2_Single_Delayed_Dependency_LEBRE_FROZEN_SEED_220,A2_Single_Delayed_Dependency,220,LEBRE_FROZEN,PREREGISTERED
DIAG01_A2_Single_Delayed_Dependency_LEBRE_NO_REC_BIRTH_SEED_220,A2_Single_Delayed_Dependency,220,LEBRE_NO_REC_BIRTH,PREREGISTERED
DIAG01_A2_Single_Delayed_Dependency_LEBRE_SHADOW_ONLY_SEED_220,A2_Single_Delayed_Dependency,220,LEBRE_SHADOW_ONLY,PREREGISTERED
DIAG01_A2_Single_Delayed_Dependency_LEBRE_ORACLE_HARM_STOP_SEED_220,A2_Single_Delayed_Dependency,220,LEBRE_ORACLE_HARM_STOP,PREREGISTERED
DIAG01_A2_Single_Delayed_Dependency_LEBRE_FROZEN_SEED_221,A2_Single_Delayed_Dependency,221,LEBRE_FROZEN,PREREGISTERED
DIAG01_A2_Single_Delayed_Dependency_LEBRE_NO_REC_BIRTH_SEED_221,A2_Single_Delayed_Dependency,221,LEBRE_NO_REC_BIRTH,PREREGISTERED
DIAG01_A2_Single_Delayed_Dependency_LEBRE_SHADOW_ONLY_SEED_221,A2_Single_Delayed_Dependency,221,LEBRE_SHADOW_ONLY,PREREGISTERED
DIAG01_A2_Single_Delayed_Dependency_LEBRE_ORACLE_HARM_STOP_SEED_221,A2_Single_Delayed_Dependency,221,LEBRE_ORACLE_HARM_STOP,PREREGISTERED
DIAG01_A2_Single_Delayed_Dependency_LEBRE_FROZEN_SEED_222,A2_Single_Delayed_Dependency,222,LEBRE_FROZEN,PREREGISTERED
DIAG01_A2_Single_Delayed_Dependency_LEBRE_NO_REC_BIRTH_SEED_222,A2_Single_Delayed_Dependency,222,LEBRE_NO_REC_BIRTH,PREREGISTERED
DIAG01_A2_Single_Delayed_Dependency_LEBRE_SHADOW_ONLY_SEED_222,A2_Single_Delayed_Dependency,222,LEBRE_SHADOW_ONLY,PREREGISTERED
DIAG01_A2_Single_Delayed_Dependency_LEBRE_ORACLE_HARM_STOP_SEED_222,A2_Single_Delayed_Dependency,222,LEBRE_ORACLE_HARM_STOP,PREREGISTERED
DIAG01_A2_Single_Delayed_Dependency_LEBRE_FROZEN_SEED_223,A2_Single_Delayed_Dependency,223,LEBRE_FROZEN,PREREGISTERED
DIAG01_A2_Single_Delayed_Dependency_LEBRE_NO_REC_BIRTH_SEED_223,A2_Single_Delayed_Dependency,223,LEBRE_NO_REC_BIRTH,PREREGISTERED
DIAG01_A2_Single_Delayed_Dependency_LEBRE_SHADOW_ONLY_SEED_223,A2_Single_Delayed_Dependency,223,LEBRE_SHADOW_ONLY,PREREGISTERED
DIAG01_A2_Single_Delayed_Dependency_LEBRE_ORACLE_HARM_STOP_SEED_223,A2_Single_Delayed_Dependency,223,LEBRE_ORACLE_HARM_STOP,PREREGISTERED
DIAG01_A2_Single_Delayed_Dependency_LEBRE_FROZEN_SEED_224,A2_Single_Delayed_Dependency,224,LEBRE_FROZEN,PREREGISTERED
DIAG01_A2_Single_Delayed_Dependency_LEBRE_NO_REC_BIRTH_SEED_224,A2_Single_Delayed_Dependency,224,LEBRE_NO_REC_BIRTH,PREREGISTERED
DIAG01_A2_Single_Delayed_Dependency_LEBRE_SHADOW_ONLY_SEED_224,A2_Single_Delayed_Dependency,224,LEBRE_SHADOW_ONLY,PREREGISTERED
DIAG01_A2_Single_Delayed_Dependency_LEBRE_ORACLE_HARM_STOP_SEED_224,A2_Single_Delayed_Dependency,224,LEBRE_ORACLE_HARM_STOP,PREREGISTERED
DIAG01_A2_Single_Delayed_Dependency_LEBRE_FROZEN_SEED_225,A2_Single_Delayed_Dependency,225,LEBRE_FROZEN,PREREGISTERED
DIAG01_A2_Single_Delayed_Dependency_LEBRE_NO_REC_BIRTH_SEED_225,A2_Single_Delayed_Dependency,225,LEBRE_NO_REC_BIRTH,PREREGISTERED
DIAG01_A2_Single_Delayed_Dependency_LEBRE_SHADOW_ONLY_SEED_225,A2_Single_Delayed_Dependency,225,LEBRE_SHADOW_ONLY,PREREGISTERED
DIAG01_A2_Single_Delayed_Dependency_LEBRE_ORACLE_HARM_STOP_SEED_225,A2_Single_Delayed_Dependency,225,LEBRE_ORACLE_HARM_STOP,PREREGISTERED
DIAG01_A2_Single_Delayed_Dependency_LEBRE_FROZEN_SEED_226,A2_Single_Delayed_Dependency,226,LEBRE_FROZEN,PREREGISTERED
DIAG01_A2_Single_Delayed_Dependency_LEBRE_NO_REC_BIRTH_SEED_226,A2_Single_Delayed_Dependency,226,LEBRE_NO_REC_BIRTH,PREREGISTERED
DIAG01_A2_Single_Delayed_Dependency_LEBRE_SHADOW_ONLY_SEED_226,A2_Single_Delayed_Dependency,226,LEBRE_SHADOW_ONLY,PREREGISTERED
DIAG01_A2_Single_Delayed_Dependency_LEBRE_ORACLE_HARM_STOP_SEED_226,A2_Single_Delayed_Dependency,226,LEBRE_ORACLE_HARM_STOP,PREREGISTERED
DIAG01_A2_Single_Delayed_Dependency_LEBRE_FROZEN_SEED_227,A2_Single_Delayed_Dependency,227,LEBRE_FROZEN,PREREGISTERED
DIAG01_A2_Single_Delayed_Dependency_LEBRE_NO_REC_BIRTH_SEED_227,A2_Single_Delayed_Dependency,227,LEBRE_NO_REC_BIRTH,PREREGISTERED
DIAG01_A2_Single_Delayed_Dependency_LEBRE_SHADOW_ONLY_SEED_227,A2_Single_Delayed_Dependency,227,LEBRE_SHADOW_ONLY,PREREGISTERED
DIAG01_A2_Single_Delayed_Dependency_LEBRE_ORACLE_HARM_STOP_SEED_227,A2_Single_Delayed_Dependency,227,LEBRE_ORACLE_HARM_STOP,PREREGISTERED
DIAG01_A2_Single_Delayed_Dependency_LEBRE_FROZEN_SEED_228,A2_Single_Delayed_Dependency,228,LEBRE_FROZEN,PREREGISTERED
DIAG01_A2_Single_Delayed_Dependency_LEBRE_NO_REC_BIRTH_SEED_228,A2_Single_Delayed_Dependency,228,LEBRE_NO_REC_BIRTH,PREREGISTERED
DIAG01_A2_Single_Delayed_Dependency_LEBRE_SHADOW_ONLY_SEED_228,A2_Single_Delayed_Dependency,228,LEBRE_SHADOW_ONLY,PREREGISTERED
DIAG01_A2_Single_Delayed_Dependency_LEBRE_ORACLE_HARM_STOP_SEED_228,A2_Single_Delayed_Dependency,228,LEBRE_ORACLE_HARM_STOP,PREREGISTERED
DIAG01_A2_Single_Delayed_Dependency_LEBRE_FROZEN_SEED_229,A2_Single_Delayed_Dependency,229,LEBRE_FROZEN,PREREGISTERED
DIAG01_A2_Single_Delayed_Dependency_LEBRE_NO_REC_BIRTH_SEED_229,A2_Single_Delayed_Dependency,229,LEBRE_NO_REC_BIRTH,PREREGISTERED
DIAG01_A2_Single_Delayed_Dependency_LEBRE_SHADOW_ONLY_SEED_229,A2_Single_Delayed_Dependency,229,LEBRE_SHADOW_ONLY,PREREGISTERED
DIAG01_A2_Single_Delayed_Dependency_LEBRE_ORACLE_HARM_STOP_SEED_229,A2_Single_Delayed_Dependency,229,LEBRE_ORACLE_HARM_STOP,PREREGISTERED
DIAG01_A2_Single_Delayed_Dependency_LEBRE_FROZEN_SEED_230,A2_Single_Delayed_Dependency,230,LEBRE_FROZEN,PREREGISTERED
DIAG01_A2_Single_Delayed_Dependency_LEBRE_NO_REC_BIRTH_SEED_230,A2_Single_Delayed_Dependency,230,LEBRE_NO_REC_BIRTH,PREREGISTERED
DIAG01_A2_Single_Delayed_Dependency_LEBRE_SHADOW_ONLY_SEED_230,A2_Single_Delayed_Dependency,230,LEBRE_SHADOW_ONLY,PREREGISTERED
DIAG01_A2_Single_Delayed_Dependency_LEBRE_ORACLE_HARM_STOP_SEED_230,A2_Single_Delayed_Dependency,230,LEBRE_ORACLE_HARM_STOP,PREREGISTERED
DIAG01_A3_Multiple_Dispersed_Delays_LEBRE_FROZEN_SEED_201,A3_Multiple_Dispersed_Delays,201,LEBRE_FROZEN,PREREGISTERED
DIAG01_A3_Multiple_Dispersed_Delays_LEBRE_NO_REC_BIRTH_SEED_201,A3_Multiple_Dispersed_Delays,201,LEBRE_NO_REC_BIRTH,PREREGISTERED
DIAG01_A3_Multiple_Dispersed_Delays_LEBRE_SHADOW_ONLY_SEED_201,A3_Multiple_Dispersed_Delays,201,LEBRE_SHADOW_ONLY,PREREGISTERED
DIAG01_A3_Multiple_Dispersed_Delays_LEBRE_ORACLE_HARM_STOP_SEED_201,A3_Multiple_Dispersed_Delays,201,LEBRE_ORACLE_HARM_STOP,PREREGISTERED
DIAG01_A3_Multiple_Dispersed_Delays_LEBRE_FROZEN_SEED_202,A3_Multiple_Dispersed_Delays,202,LEBRE_FROZEN,PREREGISTERED
DIAG01_A3_Multiple_Dispersed_Delays_LEBRE_NO_REC_BIRTH_SEED_202,A3_Multiple_Dispersed_Delays,202,LEBRE_NO_REC_BIRTH,PREREGISTERED
DIAG01_A3_Multiple_Dispersed_Delays_LEBRE_SHADOW_ONLY_SEED_202,A3_Multiple_Dispersed_Delays,202,LEBRE_SHADOW_ONLY,PREREGISTERED
DIAG01_A3_Multiple_Dispersed_Delays_LEBRE_ORACLE_HARM_STOP_SEED_202,A3_Multiple_Dispersed_Delays,202,LEBRE_ORACLE_HARM_STOP,PREREGISTERED
DIAG01_A3_Multiple_Dispersed_Delays_LEBRE_FROZEN_SEED_203,A3_Multiple_Dispersed_Delays,203,LEBRE_FROZEN,PREREGISTERED
DIAG01_A3_Multiple_Dispersed_Delays_LEBRE_NO_REC_BIRTH_SEED_203,A3_Multiple_Dispersed_Delays,203,LEBRE_NO_REC_BIRTH,PREREGISTERED
DIAG01_A3_Multiple_Dispersed_Delays_LEBRE_SHADOW_ONLY_SEED_203,A3_Multiple_Dispersed_Delays,203,LEBRE_SHADOW_ONLY,PREREGISTERED
DIAG01_A3_Multiple_Dispersed_Delays_LEBRE_ORACLE_HARM_STOP_SEED_203,A3_Multiple_Dispersed_Delays,203,LEBRE_ORACLE_HARM_STOP,PREREGISTERED
DIAG01_A3_Multiple_Dispersed_Delays_LEBRE_FROZEN_SEED_204,A3_Multiple_Dispersed_Delays,204,LEBRE_FROZEN,PREREGISTERED
DIAG01_A3_Multiple_Dispersed_Delays_LEBRE_NO_REC_BIRTH_SEED_204,A3_Multiple_Dispersed_Delays,204,LEBRE_NO_REC_BIRTH,PREREGISTERED
DIAG01_A3_Multiple_Dispersed_Delays_LEBRE_SHADOW_ONLY_SEED_204,A3_Multiple_Dispersed_Delays,204,LEBRE_SHADOW_ONLY,PREREGISTERED
DIAG01_A3_Multiple_Dispersed_Delays_LEBRE_ORACLE_HARM_STOP_SEED_204,A3_Multiple_Dispersed_Delays,204,LEBRE_ORACLE_HARM_STOP,PREREGISTERED
DIAG01_A3_Multiple_Dispersed_Delays_LEBRE_FROZEN_SEED_205,A3_Multiple_Dispersed_Delays,205,LEBRE_FROZEN,PREREGISTERED
DIAG01_A3_Multiple_Dispersed_Delays_LEBRE_NO_REC_BIRTH_SEED_205,A3_Multiple_Dispersed_Delays,205,LEBRE_NO_REC_BIRTH,PREREGISTERED
DIAG01_A3_Multiple_Dispersed_Delays_LEBRE_SHADOW_ONLY_SEED_205,A3_Multiple_Dispersed_Delays,205,LEBRE_SHADOW_ONLY,PREREGISTERED
DIAG01_A3_Multiple_Dispersed_Delays_LEBRE_ORACLE_HARM_STOP_SEED_205,A3_Multiple_Dispersed_Delays,205,LEBRE_ORACLE_HARM_STOP,PREREGISTERED
DIAG01_A3_Multiple_Dispersed_Delays_LEBRE_FROZEN_SEED_206,A3_Multiple_Dispersed_Delays,206,LEBRE_FROZEN,PREREGISTERED
DIAG01_A3_Multiple_Dispersed_Delays_LEBRE_NO_REC_BIRTH_SEED_206,A3_Multiple_Dispersed_Delays,206,LEBRE_NO_REC_BIRTH,PREREGISTERED
DIAG01_A3_Multiple_Dispersed_Delays_LEBRE_SHADOW_ONLY_SEED_206,A3_Multiple_Dispersed_Delays,206,LEBRE_SHADOW_ONLY,PREREGISTERED
DIAG01_A3_Multiple_Dispersed_Delays_LEBRE_ORACLE_HARM_STOP_SEED_206,A3_Multiple_Dispersed_Delays,206,LEBRE_ORACLE_HARM_STOP,PREREGISTERED
DIAG01_A3_Multiple_Dispersed_Delays_LEBRE_FROZEN_SEED_207,A3_Multiple_Dispersed_Delays,207,LEBRE_FROZEN,PREREGISTERED
DIAG01_A3_Multiple_Dispersed_Delays_LEBRE_NO_REC_BIRTH_SEED_207,A3_Multiple_Dispersed_Delays,207,LEBRE_NO_REC_BIRTH,PREREGISTERED
DIAG01_A3_Multiple_Dispersed_Delays_LEBRE_SHADOW_ONLY_SEED_207,A3_Multiple_Dispersed_Delays,207,LEBRE_SHADOW_ONLY,PREREGISTERED
DIAG01_A3_Multiple_Dispersed_Delays_LEBRE_ORACLE_HARM_STOP_SEED_207,A3_Multiple_Dispersed_Delays,207,LEBRE_ORACLE_HARM_STOP,PREREGISTERED
DIAG01_A3_Multiple_Dispersed_Delays_LEBRE_FROZEN_SEED_208,A3_Multiple_Dispersed_Delays,208,LEBRE_FROZEN,PREREGISTERED
DIAG01_A3_Multiple_Dispersed_Delays_LEBRE_NO_REC_BIRTH_SEED_208,A3_Multiple_Dispersed_Delays,208,LEBRE_NO_REC_BIRTH,PREREGISTERED
DIAG01_A3_Multiple_Dispersed_Delays_LEBRE_SHADOW_ONLY_SEED_208,A3_Multiple_Dispersed_Delays,208,LEBRE_SHADOW_ONLY,PREREGISTERED
DIAG01_A3_Multiple_Dispersed_Delays_LEBRE_ORACLE_HARM_STOP_SEED_208,A3_Multiple_Dispersed_Delays,208,LEBRE_ORACLE_HARM_STOP,PREREGISTERED
DIAG01_A3_Multiple_Dispersed_Delays_LEBRE_FROZEN_SEED_209,A3_Multiple_Dispersed_Delays,209,LEBRE_FROZEN,PREREGISTERED
DIAG01_A3_Multiple_Dispersed_Delays_LEBRE_NO_REC_BIRTH_SEED_209,A3_Multiple_Dispersed_Delays,209,LEBRE_NO_REC_BIRTH,PREREGISTERED
DIAG01_A3_Multiple_Dispersed_Delays_LEBRE_SHADOW_ONLY_SEED_209,A3_Multiple_Dispersed_Delays,209,LEBRE_SHADOW_ONLY,PREREGISTERED
DIAG01_A3_Multiple_Dispersed_Delays_LEBRE_ORACLE_HARM_STOP_SEED_209,A3_Multiple_Dispersed_Delays,209,LEBRE_ORACLE_HARM_STOP,PREREGISTERED
DIAG01_A3_Multiple_Dispersed_Delays_LEBRE_FROZEN_SEED_210,A3_Multiple_Dispersed_Delays,210,LEBRE_FROZEN,PREREGISTERED
DIAG01_A3_Multiple_Dispersed_Delays_LEBRE_NO_REC_BIRTH_SEED_210,A3_Multiple_Dispersed_Delays,210,LEBRE_NO_REC_BIRTH,PREREGISTERED
DIAG01_A3_Multiple_Dispersed_Delays_LEBRE_SHADOW_ONLY_SEED_210,A3_Multiple_Dispersed_Delays,210,LEBRE_SHADOW_ONLY,PREREGISTERED
DIAG01_A3_Multiple_Dispersed_Delays_LEBRE_ORACLE_HARM_STOP_SEED_210,A3_Multiple_Dispersed_Delays,210,LEBRE_ORACLE_HARM_STOP,PREREGISTERED
DIAG01_A3_Multiple_Dispersed_Delays_LEBRE_FROZEN_SEED_211,A3_Multiple_Dispersed_Delays,211,LEBRE_FROZEN,PREREGISTERED
DIAG01_A3_Multiple_Dispersed_Delays_LEBRE_NO_REC_BIRTH_SEED_211,A3_Multiple_Dispersed_Delays,211,LEBRE_NO_REC_BIRTH,PREREGISTERED
DIAG01_A3_Multiple_Dispersed_Delays_LEBRE_SHADOW_ONLY_SEED_211,A3_Multiple_Dispersed_Delays,211,LEBRE_SHADOW_ONLY,PREREGISTERED
DIAG01_A3_Multiple_Dispersed_Delays_LEBRE_ORACLE_HARM_STOP_SEED_211,A3_Multiple_Dispersed_Delays,211,LEBRE_ORACLE_HARM_STOP,PREREGISTERED
DIAG01_A3_Multiple_Dispersed_Delays_LEBRE_FROZEN_SEED_212,A3_Multiple_Dispersed_Delays,212,LEBRE_FROZEN,PREREGISTERED
DIAG01_A3_Multiple_Dispersed_Delays_LEBRE_NO_REC_BIRTH_SEED_212,A3_Multiple_Dispersed_Delays,212,LEBRE_NO_REC_BIRTH,PREREGISTERED
DIAG01_A3_Multiple_Dispersed_Delays_LEBRE_SHADOW_ONLY_SEED_212,A3_Multiple_Dispersed_Delays,212,LEBRE_SHADOW_ONLY,PREREGISTERED
DIAG01_A3_Multiple_Dispersed_Delays_LEBRE_ORACLE_HARM_STOP_SEED_212,A3_Multiple_Dispersed_Delays,212,LEBRE_ORACLE_HARM_STOP,PREREGISTERED
DIAG01_A3_Multiple_Dispersed_Delays_LEBRE_FROZEN_SEED_213,A3_Multiple_Dispersed_Delays,213,LEBRE_FROZEN,PREREGISTERED
DIAG01_A3_Multiple_Dispersed_Delays_LEBRE_NO_REC_BIRTH_SEED_213,A3_Multiple_Dispersed_Delays,213,LEBRE_NO_REC_BIRTH,PREREGISTERED
DIAG01_A3_Multiple_Dispersed_Delays_LEBRE_SHADOW_ONLY_SEED_213,A3_Multiple_Dispersed_Delays,213,LEBRE_SHADOW_ONLY,PREREGISTERED
DIAG01_A3_Multiple_Dispersed_Delays_LEBRE_ORACLE_HARM_STOP_SEED_213,A3_Multiple_Dispersed_Delays,213,LEBRE_ORACLE_HARM_STOP,PREREGISTERED
DIAG01_A3_Multiple_Dispersed_Delays_LEBRE_FROZEN_SEED_214,A3_Multiple_Dispersed_Delays,214,LEBRE_FROZEN,PREREGISTERED
DIAG01_A3_Multiple_Dispersed_Delays_LEBRE_NO_REC_BIRTH_SEED_214,A3_Multiple_Dispersed_Delays,214,LEBRE_NO_REC_BIRTH,PREREGISTERED
DIAG01_A3_Multiple_Dispersed_Delays_LEBRE_SHADOW_ONLY_SEED_214,A3_Multiple_Dispersed_Delays,214,LEBRE_SHADOW_ONLY,PREREGISTERED
DIAG01_A3_Multiple_Dispersed_Delays_LEBRE_ORACLE_HARM_STOP_SEED_214,A3_Multiple_Dispersed_Delays,214,LEBRE_ORACLE_HARM_STOP,PREREGISTERED
DIAG01_A3_Multiple_Dispersed_Delays_LEBRE_FROZEN_SEED_215,A3_Multiple_Dispersed_Delays,215,LEBRE_FROZEN,PREREGISTERED
DIAG01_A3_Multiple_Dispersed_Delays_LEBRE_NO_REC_BIRTH_SEED_215,A3_Multiple_Dispersed_Delays,215,LEBRE_NO_REC_BIRTH,PREREGISTERED
DIAG01_A3_Multiple_Dispersed_Delays_LEBRE_SHADOW_ONLY_SEED_215,A3_Multiple_Dispersed_Delays,215,LEBRE_SHADOW_ONLY,PREREGISTERED
DIAG01_A3_Multiple_Dispersed_Delays_LEBRE_ORACLE_HARM_STOP_SEED_215,A3_Multiple_Dispersed_Delays,215,LEBRE_ORACLE_HARM_STOP,PREREGISTERED
DIAG01_A3_Multiple_Dispersed_Delays_LEBRE_FROZEN_SEED_216,A3_Multiple_Dispersed_Delays,216,LEBRE_FROZEN,PREREGISTERED
DIAG01_A3_Multiple_Dispersed_Delays_LEBRE_NO_REC_BIRTH_SEED_216,A3_Multiple_Dispersed_Delays,216,LEBRE_NO_REC_BIRTH,PREREGISTERED
DIAG01_A3_Multiple_Dispersed_Delays_LEBRE_SHADOW_ONLY_SEED_216,A3_Multiple_Dispersed_Delays,216,LEBRE_SHADOW_ONLY,PREREGISTERED
DIAG01_A3_Multiple_Dispersed_Delays_LEBRE_ORACLE_HARM_STOP_SEED_216,A3_Multiple_Dispersed_Delays,216,LEBRE_ORACLE_HARM_STOP,PREREGISTERED
DIAG01_A3_Multiple_Dispersed_Delays_LEBRE_FROZEN_SEED_217,A3_Multiple_Dispersed_Delays,217,LEBRE_FROZEN,PREREGISTERED
DIAG01_A3_Multiple_Dispersed_Delays_LEBRE_NO_REC_BIRTH_SEED_217,A3_Multiple_Dispersed_Delays,217,LEBRE_NO_REC_BIRTH,PREREGISTERED
DIAG01_A3_Multiple_Dispersed_Delays_LEBRE_SHADOW_ONLY_SEED_217,A3_Multiple_Dispersed_Delays,217,LEBRE_SHADOW_ONLY,PREREGISTERED
DIAG01_A3_Multiple_Dispersed_Delays_LEBRE_ORACLE_HARM_STOP_SEED_217,A3_Multiple_Dispersed_Delays,217,LEBRE_ORACLE_HARM_STOP,PREREGISTERED
DIAG01_A3_Multiple_Dispersed_Delays_LEBRE_FROZEN_SEED_218,A3_Multiple_Dispersed_Delays,218,LEBRE_FROZEN,PREREGISTERED
DIAG01_A3_Multiple_Dispersed_Delays_LEBRE_NO_REC_BIRTH_SEED_218,A3_Multiple_Dispersed_Delays,218,LEBRE_NO_REC_BIRTH,PREREGISTERED
DIAG01_A3_Multiple_Dispersed_Delays_LEBRE_SHADOW_ONLY_SEED_218,A3_Multiple_Dispersed_Delays,218,LEBRE_SHADOW_ONLY,PREREGISTERED
DIAG01_A3_Multiple_Dispersed_Delays_LEBRE_ORACLE_HARM_STOP_SEED_218,A3_Multiple_Dispersed_Delays,218,LEBRE_ORACLE_HARM_STOP,PREREGISTERED
DIAG01_A3_Multiple_Dispersed_Delays_LEBRE_FROZEN_SEED_219,A3_Multiple_Dispersed_Delays,219,LEBRE_FROZEN,PREREGISTERED
DIAG01_A3_Multiple_Dispersed_Delays_LEBRE_NO_REC_BIRTH_SEED_219,A3_Multiple_Dispersed_Delays,219,LEBRE_NO_REC_BIRTH,PREREGISTERED
DIAG01_A3_Multiple_Dispersed_Delays_LEBRE_SHADOW_ONLY_SEED_219,A3_Multiple_Dispersed_Delays,219,LEBRE_SHADOW_ONLY,PREREGISTERED
DIAG01_A3_Multiple_Dispersed_Delays_LEBRE_ORACLE_HARM_STOP_SEED_219,A3_Multiple_Dispersed_Delays,219,LEBRE_ORACLE_HARM_STOP,PREREGISTERED
DIAG01_A3_Multiple_Dispersed_Delays_LEBRE_FROZEN_SEED_220,A3_Multiple_Dispersed_Delays,220,LEBRE_FROZEN,PREREGISTERED
DIAG01_A3_Multiple_Dispersed_Delays_LEBRE_NO_REC_BIRTH_SEED_220,A3_Multiple_Dispersed_Delays,220,LEBRE_NO_REC_BIRTH,PREREGISTERED
DIAG01_A3_Multiple_Dispersed_Delays_LEBRE_SHADOW_ONLY_SEED_220,A3_Multiple_Dispersed_Delays,220,LEBRE_SHADOW_ONLY,PREREGISTERED
DIAG01_A3_Multiple_Dispersed_Delays_LEBRE_ORACLE_HARM_STOP_SEED_220,A3_Multiple_Dispersed_Delays,220,LEBRE_ORACLE_HARM_STOP,PREREGISTERED
DIAG01_A3_Multiple_Dispersed_Delays_LEBRE_FROZEN_SEED_221,A3_Multiple_Dispersed_Delays,221,LEBRE_FROZEN,PREREGISTERED
DIAG01_A3_Multiple_Dispersed_Delays_LEBRE_NO_REC_BIRTH_SEED_221,A3_Multiple_Dispersed_Delays,221,LEBRE_NO_REC_BIRTH,PREREGISTERED
DIAG01_A3_Multiple_Dispersed_Delays_LEBRE_SHADOW_ONLY_SEED_221,A3_Multiple_Dispersed_Delays,221,LEBRE_SHADOW_ONLY,PREREGISTERED
DIAG01_A3_Multiple_Dispersed_Delays_LEBRE_ORACLE_HARM_STOP_SEED_221,A3_Multiple_Dispersed_Delays,221,LEBRE_ORACLE_HARM_STOP,PREREGISTERED
DIAG01_A3_Multiple_Dispersed_Delays_LEBRE_FROZEN_SEED_222,A3_Multiple_Dispersed_Delays,222,LEBRE_FROZEN,PREREGISTERED
DIAG01_A3_Multiple_Dispersed_Delays_LEBRE_NO_REC_BIRTH_SEED_222,A3_Multiple_Dispersed_Delays,222,LEBRE_NO_REC_BIRTH,PREREGISTERED
DIAG01_A3_Multiple_Dispersed_Delays_LEBRE_SHADOW_ONLY_SEED_222,A3_Multiple_Dispersed_Delays,222,LEBRE_SHADOW_ONLY,PREREGISTERED
DIAG01_A3_Multiple_Dispersed_Delays_LEBRE_ORACLE_HARM_STOP_SEED_222,A3_Multiple_Dispersed_Delays,222,LEBRE_ORACLE_HARM_STOP,PREREGISTERED
DIAG01_A3_Multiple_Dispersed_Delays_LEBRE_FROZEN_SEED_223,A3_Multiple_Dispersed_Delays,223,LEBRE_FROZEN,PREREGISTERED
DIAG01_A3_Multiple_Dispersed_Delays_LEBRE_NO_REC_BIRTH_SEED_223,A3_Multiple_Dispersed_Delays,223,LEBRE_NO_REC_BIRTH,PREREGISTERED
DIAG01_A3_Multiple_Dispersed_Delays_LEBRE_SHADOW_ONLY_SEED_223,A3_Multiple_Dispersed_Delays,223,LEBRE_SHADOW_ONLY,PREREGISTERED
DIAG01_A3_Multiple_Dispersed_Delays_LEBRE_ORACLE_HARM_STOP_SEED_223,A3_Multiple_Dispersed_Delays,223,LEBRE_ORACLE_HARM_STOP,PREREGISTERED
DIAG01_A3_Multiple_Dispersed_Delays_LEBRE_FROZEN_SEED_224,A3_Multiple_Dispersed_Delays,224,LEBRE_FROZEN,PREREGISTERED
DIAG01_A3_Multiple_Dispersed_Delays_LEBRE_NO_REC_BIRTH_SEED_224,A3_Multiple_Dispersed_Delays,224,LEBRE_NO_REC_BIRTH,PREREGISTERED
DIAG01_A3_Multiple_Dispersed_Delays_LEBRE_SHADOW_ONLY_SEED_224,A3_Multiple_Dispersed_Delays,224,LEBRE_SHADOW_ONLY,PREREGISTERED
DIAG01_A3_Multiple_Dispersed_Delays_LEBRE_ORACLE_HARM_STOP_SEED_224,A3_Multiple_Dispersed_Delays,224,LEBRE_ORACLE_HARM_STOP,PREREGISTERED
DIAG01_A3_Multiple_Dispersed_Delays_LEBRE_FROZEN_SEED_225,A3_Multiple_Dispersed_Delays,225,LEBRE_FROZEN,PREREGISTERED
DIAG01_A3_Multiple_Dispersed_Delays_LEBRE_NO_REC_BIRTH_SEED_225,A3_Multiple_Dispersed_Delays,225,LEBRE_NO_REC_BIRTH,PREREGISTERED
DIAG01_A3_Multiple_Dispersed_Delays_LEBRE_SHADOW_ONLY_SEED_225,A3_Multiple_Dispersed_Delays,225,LEBRE_SHADOW_ONLY,PREREGISTERED
DIAG01_A3_Multiple_Dispersed_Delays_LEBRE_ORACLE_HARM_STOP_SEED_225,A3_Multiple_Dispersed_Delays,225,LEBRE_ORACLE_HARM_STOP,PREREGISTERED
DIAG01_A3_Multiple_Dispersed_Delays_LEBRE_FROZEN_SEED_226,A3_Multiple_Dispersed_Delays,226,LEBRE_FROZEN,PREREGISTERED
DIAG01_A3_Multiple_Dispersed_Delays_LEBRE_NO_REC_BIRTH_SEED_226,A3_Multiple_Dispersed_Delays,226,LEBRE_NO_REC_BIRTH,PREREGISTERED
DIAG01_A3_Multiple_Dispersed_Delays_LEBRE_SHADOW_ONLY_SEED_226,A3_Multiple_Dispersed_Delays,226,LEBRE_SHADOW_ONLY,PREREGISTERED
DIAG01_A3_Multiple_Dispersed_Delays_LEBRE_ORACLE_HARM_STOP_SEED_226,A3_Multiple_Dispersed_Delays,226,LEBRE_ORACLE_HARM_STOP,PREREGISTERED
DIAG01_A3_Multiple_Dispersed_Delays_LEBRE_FROZEN_SEED_227,A3_Multiple_Dispersed_Delays,227,LEBRE_FROZEN,PREREGISTERED
DIAG01_A3_Multiple_Dispersed_Delays_LEBRE_NO_REC_BIRTH_SEED_227,A3_Multiple_Dispersed_Delays,227,LEBRE_NO_REC_BIRTH,PREREGISTERED
DIAG01_A3_Multiple_Dispersed_Delays_LEBRE_SHADOW_ONLY_SEED_227,A3_Multiple_Dispersed_Delays,227,LEBRE_SHADOW_ONLY,PREREGISTERED
DIAG01_A3_Multiple_Dispersed_Delays_LEBRE_ORACLE_HARM_STOP_SEED_227,A3_Multiple_Dispersed_Delays,227,LEBRE_ORACLE_HARM_STOP,PREREGISTERED
DIAG01_A3_Multiple_Dispersed_Delays_LEBRE_FROZEN_SEED_228,A3_Multiple_Dispersed_Delays,228,LEBRE_FROZEN,PREREGISTERED
DIAG01_A3_Multiple_Dispersed_Delays_LEBRE_NO_REC_BIRTH_SEED_228,A3_Multiple_Dispersed_Delays,228,LEBRE_NO_REC_BIRTH,PREREGISTERED
DIAG01_A3_Multiple_Dispersed_Delays_LEBRE_SHADOW_ONLY_SEED_228,A3_Multiple_Dispersed_Delays,228,LEBRE_SHADOW_ONLY,PREREGISTERED
DIAG01_A3_Multiple_Dispersed_Delays_LEBRE_ORACLE_HARM_STOP_SEED_228,A3_Multiple_Dispersed_Delays,228,LEBRE_ORACLE_HARM_STOP,PREREGISTERED
DIAG01_A3_Multiple_Dispersed_Delays_LEBRE_FROZEN_SEED_229,A3_Multiple_Dispersed_Delays,229,LEBRE_FROZEN,PREREGISTERED
DIAG01_A3_Multiple_Dispersed_Delays_LEBRE_NO_REC_BIRTH_SEED_229,A3_Multiple_Dispersed_Delays,229,LEBRE_NO_REC_BIRTH,PREREGISTERED
DIAG01_A3_Multiple_Dispersed_Delays_LEBRE_SHADOW_ONLY_SEED_229,A3_Multiple_Dispersed_Delays,229,LEBRE_SHADOW_ONLY,PREREGISTERED
DIAG01_A3_Multiple_Dispersed_Delays_LEBRE_ORACLE_HARM_STOP_SEED_229,A3_Multiple_Dispersed_Delays,229,LEBRE_ORACLE_HARM_STOP,PREREGISTERED
DIAG01_A3_Multiple_Dispersed_Delays_LEBRE_FROZEN_SEED_230,A3_Multiple_Dispersed_Delays,230,LEBRE_FROZEN,PREREGISTERED
DIAG01_A3_Multiple_Dispersed_Delays_LEBRE_NO_REC_BIRTH_SEED_230,A3_Multiple_Dispersed_Delays,230,LEBRE_NO_REC_BIRTH,PREREGISTERED
DIAG01_A3_Multiple_Dispersed_Delays_LEBRE_SHADOW_ONLY_SEED_230,A3_Multiple_Dispersed_Delays,230,LEBRE_SHADOW_ONLY,PREREGISTERED
DIAG01_A3_Multiple_Dispersed_Delays_LEBRE_ORACLE_HARM_STOP_SEED_230,A3_Multiple_Dispersed_Delays,230,LEBRE_ORACLE_HARM_STOP,PREREGISTERED
DIAG01_A4_Long_Delay_Scaling_LEBRE_FROZEN_SEED_201,A4_Long_Delay_Scaling,201,LEBRE_FROZEN,PREREGISTERED
DIAG01_A4_Long_Delay_Scaling_LEBRE_NO_REC_BIRTH_SEED_201,A4_Long_Delay_Scaling,201,LEBRE_NO_REC_BIRTH,PREREGISTERED
DIAG01_A4_Long_Delay_Scaling_LEBRE_SHADOW_ONLY_SEED_201,A4_Long_Delay_Scaling,201,LEBRE_SHADOW_ONLY,PREREGISTERED
DIAG01_A4_Long_Delay_Scaling_LEBRE_ORACLE_HARM_STOP_SEED_201,A4_Long_Delay_Scaling,201,LEBRE_ORACLE_HARM_STOP,PREREGISTERED
DIAG01_A4_Long_Delay_Scaling_LEBRE_FROZEN_SEED_202,A4_Long_Delay_Scaling,202,LEBRE_FROZEN,PREREGISTERED
DIAG01_A4_Long_Delay_Scaling_LEBRE_NO_REC_BIRTH_SEED_202,A4_Long_Delay_Scaling,202,LEBRE_NO_REC_BIRTH,PREREGISTERED
DIAG01_A4_Long_Delay_Scaling_LEBRE_SHADOW_ONLY_SEED_202,A4_Long_Delay_Scaling,202,LEBRE_SHADOW_ONLY,PREREGISTERED
DIAG01_A4_Long_Delay_Scaling_LEBRE_ORACLE_HARM_STOP_SEED_202,A4_Long_Delay_Scaling,202,LEBRE_ORACLE_HARM_STOP,PREREGISTERED
DIAG01_A4_Long_Delay_Scaling_LEBRE_FROZEN_SEED_203,A4_Long_Delay_Scaling,203,LEBRE_FROZEN,PREREGISTERED
DIAG01_A4_Long_Delay_Scaling_LEBRE_NO_REC_BIRTH_SEED_203,A4_Long_Delay_Scaling,203,LEBRE_NO_REC_BIRTH,PREREGISTERED
DIAG01_A4_Long_Delay_Scaling_LEBRE_SHADOW_ONLY_SEED_203,A4_Long_Delay_Scaling,203,LEBRE_SHADOW_ONLY,PREREGISTERED
DIAG01_A4_Long_Delay_Scaling_LEBRE_ORACLE_HARM_STOP_SEED_203,A4_Long_Delay_Scaling,203,LEBRE_ORACLE_HARM_STOP,PREREGISTERED
DIAG01_A4_Long_Delay_Scaling_LEBRE_FROZEN_SEED_204,A4_Long_Delay_Scaling,204,LEBRE_FROZEN,PREREGISTERED
DIAG01_A4_Long_Delay_Scaling_LEBRE_NO_REC_BIRTH_SEED_204,A4_Long_Delay_Scaling,204,LEBRE_NO_REC_BIRTH,PREREGISTERED
DIAG01_A4_Long_Delay_Scaling_LEBRE_SHADOW_ONLY_SEED_204,A4_Long_Delay_Scaling,204,LEBRE_SHADOW_ONLY,PREREGISTERED
DIAG01_A4_Long_Delay_Scaling_LEBRE_ORACLE_HARM_STOP_SEED_204,A4_Long_Delay_Scaling,204,LEBRE_ORACLE_HARM_STOP,PREREGISTERED
DIAG01_A4_Long_Delay_Scaling_LEBRE_FROZEN_SEED_205,A4_Long_Delay_Scaling,205,LEBRE_FROZEN,PREREGISTERED
DIAG01_A4_Long_Delay_Scaling_LEBRE_NO_REC_BIRTH_SEED_205,A4_Long_Delay_Scaling,205,LEBRE_NO_REC_BIRTH,PREREGISTERED
DIAG01_A4_Long_Delay_Scaling_LEBRE_SHADOW_ONLY_SEED_205,A4_Long_Delay_Scaling,205,LEBRE_SHADOW_ONLY,PREREGISTERED
DIAG01_A4_Long_Delay_Scaling_LEBRE_ORACLE_HARM_STOP_SEED_205,A4_Long_Delay_Scaling,205,LEBRE_ORACLE_HARM_STOP,PREREGISTERED
DIAG01_A4_Long_Delay_Scaling_LEBRE_FROZEN_SEED_206,A4_Long_Delay_Scaling,206,LEBRE_FROZEN,PREREGISTERED
DIAG01_A4_Long_Delay_Scaling_LEBRE_NO_REC_BIRTH_SEED_206,A4_Long_Delay_Scaling,206,LEBRE_NO_REC_BIRTH,PREREGISTERED
DIAG01_A4_Long_Delay_Scaling_LEBRE_SHADOW_ONLY_SEED_206,A4_Long_Delay_Scaling,206,LEBRE_SHADOW_ONLY,PREREGISTERED
DIAG01_A4_Long_Delay_Scaling_LEBRE_ORACLE_HARM_STOP_SEED_206,A4_Long_Delay_Scaling,206,LEBRE_ORACLE_HARM_STOP,PREREGISTERED
DIAG01_A4_Long_Delay_Scaling_LEBRE_FROZEN_SEED_207,A4_Long_Delay_Scaling,207,LEBRE_FROZEN,PREREGISTERED
DIAG01_A4_Long_Delay_Scaling_LEBRE_NO_REC_BIRTH_SEED_207,A4_Long_Delay_Scaling,207,LEBRE_NO_REC_BIRTH,PREREGISTERED
DIAG01_A4_Long_Delay_Scaling_LEBRE_SHADOW_ONLY_SEED_207,A4_Long_Delay_Scaling,207,LEBRE_SHADOW_ONLY,PREREGISTERED
DIAG01_A4_Long_Delay_Scaling_LEBRE_ORACLE_HARM_STOP_SEED_207,A4_Long_Delay_Scaling,207,LEBRE_ORACLE_HARM_STOP,PREREGISTERED
DIAG01_A4_Long_Delay_Scaling_LEBRE_FROZEN_SEED_208,A4_Long_Delay_Scaling,208,LEBRE_FROZEN,PREREGISTERED
DIAG01_A4_Long_Delay_Scaling_LEBRE_NO_REC_BIRTH_SEED_208,A4_Long_Delay_Scaling,208,LEBRE_NO_REC_BIRTH,PREREGISTERED
DIAG01_A4_Long_Delay_Scaling_LEBRE_SHADOW_ONLY_SEED_208,A4_Long_Delay_Scaling,208,LEBRE_SHADOW_ONLY,PREREGISTERED
DIAG01_A4_Long_Delay_Scaling_LEBRE_ORACLE_HARM_STOP_SEED_208,A4_Long_Delay_Scaling,208,LEBRE_ORACLE_HARM_STOP,PREREGISTERED
DIAG01_A4_Long_Delay_Scaling_LEBRE_FROZEN_SEED_209,A4_Long_Delay_Scaling,209,LEBRE_FROZEN,PREREGISTERED
DIAG01_A4_Long_Delay_Scaling_LEBRE_NO_REC_BIRTH_SEED_209,A4_Long_Delay_Scaling,209,LEBRE_NO_REC_BIRTH,PREREGISTERED
DIAG01_A4_Long_Delay_Scaling_LEBRE_SHADOW_ONLY_SEED_209,A4_Long_Delay_Scaling,209,LEBRE_SHADOW_ONLY,PREREGISTERED
DIAG01_A4_Long_Delay_Scaling_LEBRE_ORACLE_HARM_STOP_SEED_209,A4_Long_Delay_Scaling,209,LEBRE_ORACLE_HARM_STOP,PREREGISTERED
DIAG01_A4_Long_Delay_Scaling_LEBRE_FROZEN_SEED_210,A4_Long_Delay_Scaling,210,LEBRE_FROZEN,PREREGISTERED
DIAG01_A4_Long_Delay_Scaling_LEBRE_NO_REC_BIRTH_SEED_210,A4_Long_Delay_Scaling,210,LEBRE_NO_REC_BIRTH,PREREGISTERED
DIAG01_A4_Long_Delay_Scaling_LEBRE_SHADOW_ONLY_SEED_210,A4_Long_Delay_Scaling,210,LEBRE_SHADOW_ONLY,PREREGISTERED
DIAG01_A4_Long_Delay_Scaling_LEBRE_ORACLE_HARM_STOP_SEED_210,A4_Long_Delay_Scaling,210,LEBRE_ORACLE_HARM_STOP,PREREGISTERED
DIAG01_A4_Long_Delay_Scaling_LEBRE_FROZEN_SEED_211,A4_Long_Delay_Scaling,211,LEBRE_FROZEN,PREREGISTERED
DIAG01_A4_Long_Delay_Scaling_LEBRE_NO_REC_BIRTH_SEED_211,A4_Long_Delay_Scaling,211,LEBRE_NO_REC_BIRTH,PREREGISTERED
DIAG01_A4_Long_Delay_Scaling_LEBRE_SHADOW_ONLY_SEED_211,A4_Long_Delay_Scaling,211,LEBRE_SHADOW_ONLY,PREREGISTERED
DIAG01_A4_Long_Delay_Scaling_LEBRE_ORACLE_HARM_STOP_SEED_211,A4_Long_Delay_Scaling,211,LEBRE_ORACLE_HARM_STOP,PREREGISTERED
DIAG01_A4_Long_Delay_Scaling_LEBRE_FROZEN_SEED_212,A4_Long_Delay_Scaling,212,LEBRE_FROZEN,PREREGISTERED
DIAG01_A4_Long_Delay_Scaling_LEBRE_NO_REC_BIRTH_SEED_212,A4_Long_Delay_Scaling,212,LEBRE_NO_REC_BIRTH,PREREGISTERED
DIAG01_A4_Long_Delay_Scaling_LEBRE_SHADOW_ONLY_SEED_212,A4_Long_Delay_Scaling,212,LEBRE_SHADOW_ONLY,PREREGISTERED
DIAG01_A4_Long_Delay_Scaling_LEBRE_ORACLE_HARM_STOP_SEED_212,A4_Long_Delay_Scaling,212,LEBRE_ORACLE_HARM_STOP,PREREGISTERED
DIAG01_A4_Long_Delay_Scaling_LEBRE_FROZEN_SEED_213,A4_Long_Delay_Scaling,213,LEBRE_FROZEN,PREREGISTERED
DIAG01_A4_Long_Delay_Scaling_LEBRE_NO_REC_BIRTH_SEED_213,A4_Long_Delay_Scaling,213,LEBRE_NO_REC_BIRTH,PREREGISTERED
DIAG01_A4_Long_Delay_Scaling_LEBRE_SHADOW_ONLY_SEED_213,A4_Long_Delay_Scaling,213,LEBRE_SHADOW_ONLY,PREREGISTERED
DIAG01_A4_Long_Delay_Scaling_LEBRE_ORACLE_HARM_STOP_SEED_213,A4_Long_Delay_Scaling,213,LEBRE_ORACLE_HARM_STOP,PREREGISTERED
DIAG01_A4_Long_Delay_Scaling_LEBRE_FROZEN_SEED_214,A4_Long_Delay_Scaling,214,LEBRE_FROZEN,PREREGISTERED
DIAG01_A4_Long_Delay_Scaling_LEBRE_NO_REC_BIRTH_SEED_214,A4_Long_Delay_Scaling,214,LEBRE_NO_REC_BIRTH,PREREGISTERED
DIAG01_A4_Long_Delay_Scaling_LEBRE_SHADOW_ONLY_SEED_214,A4_Long_Delay_Scaling,214,LEBRE_SHADOW_ONLY,PREREGISTERED
DIAG01_A4_Long_Delay_Scaling_LEBRE_ORACLE_HARM_STOP_SEED_214,A4_Long_Delay_Scaling,214,LEBRE_ORACLE_HARM_STOP,PREREGISTERED
DIAG01_A4_Long_Delay_Scaling_LEBRE_FROZEN_SEED_215,A4_Long_Delay_Scaling,215,LEBRE_FROZEN,PREREGISTERED
DIAG01_A4_Long_Delay_Scaling_LEBRE_NO_REC_BIRTH_SEED_215,A4_Long_Delay_Scaling,215,LEBRE_NO_REC_BIRTH,PREREGISTERED
DIAG01_A4_Long_Delay_Scaling_LEBRE_SHADOW_ONLY_SEED_215,A4_Long_Delay_Scaling,215,LEBRE_SHADOW_ONLY,PREREGISTERED
DIAG01_A4_Long_Delay_Scaling_LEBRE_ORACLE_HARM_STOP_SEED_215,A4_Long_Delay_Scaling,215,LEBRE_ORACLE_HARM_STOP,PREREGISTERED
DIAG01_A4_Long_Delay_Scaling_LEBRE_FROZEN_SEED_216,A4_Long_Delay_Scaling,216,LEBRE_FROZEN,PREREGISTERED
DIAG01_A4_Long_Delay_Scaling_LEBRE_NO_REC_BIRTH_SEED_216,A4_Long_Delay_Scaling,216,LEBRE_NO_REC_BIRTH,PREREGISTERED
DIAG01_A4_Long_Delay_Scaling_LEBRE_SHADOW_ONLY_SEED_216,A4_Long_Delay_Scaling,216,LEBRE_SHADOW_ONLY,PREREGISTERED
DIAG01_A4_Long_Delay_Scaling_LEBRE_ORACLE_HARM_STOP_SEED_216,A4_Long_Delay_Scaling,216,LEBRE_ORACLE_HARM_STOP,PREREGISTERED
DIAG01_A4_Long_Delay_Scaling_LEBRE_FROZEN_SEED_217,A4_Long_Delay_Scaling,217,LEBRE_FROZEN,PREREGISTERED
DIAG01_A4_Long_Delay_Scaling_LEBRE_NO_REC_BIRTH_SEED_217,A4_Long_Delay_Scaling,217,LEBRE_NO_REC_BIRTH,PREREGISTERED
DIAG01_A4_Long_Delay_Scaling_LEBRE_SHADOW_ONLY_SEED_217,A4_Long_Delay_Scaling,217,LEBRE_SHADOW_ONLY,PREREGISTERED
DIAG01_A4_Long_Delay_Scaling_LEBRE_ORACLE_HARM_STOP_SEED_217,A4_Long_Delay_Scaling,217,LEBRE_ORACLE_HARM_STOP,PREREGISTERED
DIAG01_A4_Long_Delay_Scaling_LEBRE_FROZEN_SEED_218,A4_Long_Delay_Scaling,218,LEBRE_FROZEN,PREREGISTERED
DIAG01_A4_Long_Delay_Scaling_LEBRE_NO_REC_BIRTH_SEED_218,A4_Long_Delay_Scaling,218,LEBRE_NO_REC_BIRTH,PREREGISTERED
DIAG01_A4_Long_Delay_Scaling_LEBRE_SHADOW_ONLY_SEED_218,A4_Long_Delay_Scaling,218,LEBRE_SHADOW_ONLY,PREREGISTERED
DIAG01_A4_Long_Delay_Scaling_LEBRE_ORACLE_HARM_STOP_SEED_218,A4_Long_Delay_Scaling,218,LEBRE_ORACLE_HARM_STOP,PREREGISTERED
DIAG01_A4_Long_Delay_Scaling_LEBRE_FROZEN_SEED_219,A4_Long_Delay_Scaling,219,LEBRE_FROZEN,PREREGISTERED
DIAG01_A4_Long_Delay_Scaling_LEBRE_NO_REC_BIRTH_SEED_219,A4_Long_Delay_Scaling,219,LEBRE_NO_REC_BIRTH,PREREGISTERED
DIAG01_A4_Long_Delay_Scaling_LEBRE_SHADOW_ONLY_SEED_219,A4_Long_Delay_Scaling,219,LEBRE_SHADOW_ONLY,PREREGISTERED
DIAG01_A4_Long_Delay_Scaling_LEBRE_ORACLE_HARM_STOP_SEED_219,A4_Long_Delay_Scaling,219,LEBRE_ORACLE_HARM_STOP,PREREGISTERED
DIAG01_A4_Long_Delay_Scaling_LEBRE_FROZEN_SEED_220,A4_Long_Delay_Scaling,220,LEBRE_FROZEN,PREREGISTERED
DIAG01_A4_Long_Delay_Scaling_LEBRE_NO_REC_BIRTH_SEED_220,A4_Long_Delay_Scaling,220,LEBRE_NO_REC_BIRTH,PREREGISTERED
DIAG01_A4_Long_Delay_Scaling_LEBRE_SHADOW_ONLY_SEED_220,A4_Long_Delay_Scaling,220,LEBRE_SHADOW_ONLY,PREREGISTERED
DIAG01_A4_Long_Delay_Scaling_LEBRE_ORACLE_HARM_STOP_SEED_220,A4_Long_Delay_Scaling,220,LEBRE_ORACLE_HARM_STOP,PREREGISTERED
DIAG01_A4_Long_Delay_Scaling_LEBRE_FROZEN_SEED_221,A4_Long_Delay_Scaling,221,LEBRE_FROZEN,PREREGISTERED
DIAG01_A4_Long_Delay_Scaling_LEBRE_NO_REC_BIRTH_SEED_221,A4_Long_Delay_Scaling,221,LEBRE_NO_REC_BIRTH,PREREGISTERED
DIAG01_A4_Long_Delay_Scaling_LEBRE_SHADOW_ONLY_SEED_221,A4_Long_Delay_Scaling,221,LEBRE_SHADOW_ONLY,PREREGISTERED
DIAG01_A4_Long_Delay_Scaling_LEBRE_ORACLE_HARM_STOP_SEED_221,A4_Long_Delay_Scaling,221,LEBRE_ORACLE_HARM_STOP,PREREGISTERED
DIAG01_A4_Long_Delay_Scaling_LEBRE_FROZEN_SEED_222,A4_Long_Delay_Scaling,222,LEBRE_FROZEN,PREREGISTERED
DIAG01_A4_Long_Delay_Scaling_LEBRE_NO_REC_BIRTH_SEED_222,A4_Long_Delay_Scaling,222,LEBRE_NO_REC_BIRTH,PREREGISTERED
DIAG01_A4_Long_Delay_Scaling_LEBRE_SHADOW_ONLY_SEED_222,A4_Long_Delay_Scaling,222,LEBRE_SHADOW_ONLY,PREREGISTERED
DIAG01_A4_Long_Delay_Scaling_LEBRE_ORACLE_HARM_STOP_SEED_222,A4_Long_Delay_Scaling,222,LEBRE_ORACLE_HARM_STOP,PREREGISTERED
DIAG01_A4_Long_Delay_Scaling_LEBRE_FROZEN_SEED_223,A4_Long_Delay_Scaling,223,LEBRE_FROZEN,PREREGISTERED
DIAG01_A4_Long_Delay_Scaling_LEBRE_NO_REC_BIRTH_SEED_223,A4_Long_Delay_Scaling,223,LEBRE_NO_REC_BIRTH,PREREGISTERED
DIAG01_A4_Long_Delay_Scaling_LEBRE_SHADOW_ONLY_SEED_223,A4_Long_Delay_Scaling,223,LEBRE_SHADOW_ONLY,PREREGISTERED
DIAG01_A4_Long_Delay_Scaling_LEBRE_ORACLE_HARM_STOP_SEED_223,A4_Long_Delay_Scaling,223,LEBRE_ORACLE_HARM_STOP,PREREGISTERED
DIAG01_A4_Long_Delay_Scaling_LEBRE_FROZEN_SEED_224,A4_Long_Delay_Scaling,224,LEBRE_FROZEN,PREREGISTERED
DIAG01_A4_Long_Delay_Scaling_LEBRE_NO_REC_BIRTH_SEED_224,A4_Long_Delay_Scaling,224,LEBRE_NO_REC_BIRTH,PREREGISTERED
DIAG01_A4_Long_Delay_Scaling_LEBRE_SHADOW_ONLY_SEED_224,A4_Long_Delay_Scaling,224,LEBRE_SHADOW_ONLY,PREREGISTERED
DIAG01_A4_Long_Delay_Scaling_LEBRE_ORACLE_HARM_STOP_SEED_224,A4_Long_Delay_Scaling,224,LEBRE_ORACLE_HARM_STOP,PREREGISTERED
DIAG01_A4_Long_Delay_Scaling_LEBRE_FROZEN_SEED_225,A4_Long_Delay_Scaling,225,LEBRE_FROZEN,PREREGISTERED
DIAG01_A4_Long_Delay_Scaling_LEBRE_NO_REC_BIRTH_SEED_225,A4_Long_Delay_Scaling,225,LEBRE_NO_REC_BIRTH,PREREGISTERED
DIAG01_A4_Long_Delay_Scaling_LEBRE_SHADOW_ONLY_SEED_225,A4_Long_Delay_Scaling,225,LEBRE_SHADOW_ONLY,PREREGISTERED
DIAG01_A4_Long_Delay_Scaling_LEBRE_ORACLE_HARM_STOP_SEED_225,A4_Long_Delay_Scaling,225,LEBRE_ORACLE_HARM_STOP,PREREGISTERED
DIAG01_A4_Long_Delay_Scaling_LEBRE_FROZEN_SEED_226,A4_Long_Delay_Scaling,226,LEBRE_FROZEN,PREREGISTERED
DIAG01_A4_Long_Delay_Scaling_LEBRE_NO_REC_BIRTH_SEED_226,A4_Long_Delay_Scaling,226,LEBRE_NO_REC_BIRTH,PREREGISTERED
DIAG01_A4_Long_Delay_Scaling_LEBRE_SHADOW_ONLY_SEED_226,A4_Long_Delay_Scaling,226,LEBRE_SHADOW_ONLY,PREREGISTERED
DIAG01_A4_Long_Delay_Scaling_LEBRE_ORACLE_HARM_STOP_SEED_226,A4_Long_Delay_Scaling,226,LEBRE_ORACLE_HARM_STOP,PREREGISTERED
DIAG01_A4_Long_Delay_Scaling_LEBRE_FROZEN_SEED_227,A4_Long_Delay_Scaling,227,LEBRE_FROZEN,PREREGISTERED
DIAG01_A4_Long_Delay_Scaling_LEBRE_NO_REC_BIRTH_SEED_227,A4_Long_Delay_Scaling,227,LEBRE_NO_REC_BIRTH,PREREGISTERED
DIAG01_A4_Long_Delay_Scaling_LEBRE_SHADOW_ONLY_SEED_227,A4_Long_Delay_Scaling,227,LEBRE_SHADOW_ONLY,PREREGISTERED
DIAG01_A4_Long_Delay_Scaling_LEBRE_ORACLE_HARM_STOP_SEED_227,A4_Long_Delay_Scaling,227,LEBRE_ORACLE_HARM_STOP,PREREGISTERED
DIAG01_A4_Long_Delay_Scaling_LEBRE_FROZEN_SEED_228,A4_Long_Delay_Scaling,228,LEBRE_FROZEN,PREREGISTERED
DIAG01_A4_Long_Delay_Scaling_LEBRE_NO_REC_BIRTH_SEED_228,A4_Long_Delay_Scaling,228,LEBRE_NO_REC_BIRTH,PREREGISTERED
DIAG01_A4_Long_Delay_Scaling_LEBRE_SHADOW_ONLY_SEED_228,A4_Long_Delay_Scaling,228,LEBRE_SHADOW_ONLY,PREREGISTERED
DIAG01_A4_Long_Delay_Scaling_LEBRE_ORACLE_HARM_STOP_SEED_228,A4_Long_Delay_Scaling,228,LEBRE_ORACLE_HARM_STOP,PREREGISTERED
DIAG01_A4_Long_Delay_Scaling_LEBRE_FROZEN_SEED_229,A4_Long_Delay_Scaling,229,LEBRE_FROZEN,PREREGISTERED
DIAG01_A4_Long_Delay_Scaling_LEBRE_NO_REC_BIRTH_SEED_229,A4_Long_Delay_Scaling,229,LEBRE_NO_REC_BIRTH,PREREGISTERED
DIAG01_A4_Long_Delay_Scaling_LEBRE_SHADOW_ONLY_SEED_229,A4_Long_Delay_Scaling,229,LEBRE_SHADOW_ONLY,PREREGISTERED
DIAG01_A4_Long_Delay_Scaling_LEBRE_ORACLE_HARM_STOP_SEED_229,A4_Long_Delay_Scaling,229,LEBRE_ORACLE_HARM_STOP,PREREGISTERED
DIAG01_A4_Long_Delay_Scaling_LEBRE_FROZEN_SEED_230,A4_Long_Delay_Scaling,230,LEBRE_FROZEN,PREREGISTERED
DIAG01_A4_Long_Delay_Scaling_LEBRE_NO_REC_BIRTH_SEED_230,A4_Long_Delay_Scaling,230,LEBRE_NO_REC_BIRTH,PREREGISTERED
DIAG01_A4_Long_Delay_Scaling_LEBRE_SHADOW_ONLY_SEED_230,A4_Long_Delay_Scaling,230,LEBRE_SHADOW_ONLY,PREREGISTERED
DIAG01_A4_Long_Delay_Scaling_LEBRE_ORACLE_HARM_STOP_SEED_230,A4_Long_Delay_Scaling,230,LEBRE_ORACLE_HARM_STOP,PREREGISTERED
DIAG01_A5_Set_Reset_Quiescent_Memory_LEBRE_FROZEN_SEED_201,A5_Set_Reset_Quiescent_Memory,201,LEBRE_FROZEN,PREREGISTERED
DIAG01_A5_Set_Reset_Quiescent_Memory_LEBRE_NO_REC_BIRTH_SEED_201,A5_Set_Reset_Quiescent_Memory,201,LEBRE_NO_REC_BIRTH,PREREGISTERED
DIAG01_A5_Set_Reset_Quiescent_Memory_LEBRE_SHADOW_ONLY_SEED_201,A5_Set_Reset_Quiescent_Memory,201,LEBRE_SHADOW_ONLY,PREREGISTERED
DIAG01_A5_Set_Reset_Quiescent_Memory_LEBRE_ORACLE_HARM_STOP_SEED_201,A5_Set_Reset_Quiescent_Memory,201,LEBRE_ORACLE_HARM_STOP,PREREGISTERED
DIAG01_A5_Set_Reset_Quiescent_Memory_LEBRE_FROZEN_SEED_202,A5_Set_Reset_Quiescent_Memory,202,LEBRE_FROZEN,PREREGISTERED
DIAG01_A5_Set_Reset_Quiescent_Memory_LEBRE_NO_REC_BIRTH_SEED_202,A5_Set_Reset_Quiescent_Memory,202,LEBRE_NO_REC_BIRTH,PREREGISTERED
DIAG01_A5_Set_Reset_Quiescent_Memory_LEBRE_SHADOW_ONLY_SEED_202,A5_Set_Reset_Quiescent_Memory,202,LEBRE_SHADOW_ONLY,PREREGISTERED
DIAG01_A5_Set_Reset_Quiescent_Memory_LEBRE_ORACLE_HARM_STOP_SEED_202,A5_Set_Reset_Quiescent_Memory,202,LEBRE_ORACLE_HARM_STOP,PREREGISTERED
DIAG01_A5_Set_Reset_Quiescent_Memory_LEBRE_FROZEN_SEED_203,A5_Set_Reset_Quiescent_Memory,203,LEBRE_FROZEN,PREREGISTERED
DIAG01_A5_Set_Reset_Quiescent_Memory_LEBRE_NO_REC_BIRTH_SEED_203,A5_Set_Reset_Quiescent_Memory,203,LEBRE_NO_REC_BIRTH,PREREGISTERED
DIAG01_A5_Set_Reset_Quiescent_Memory_LEBRE_SHADOW_ONLY_SEED_203,A5_Set_Reset_Quiescent_Memory,203,LEBRE_SHADOW_ONLY,PREREGISTERED
DIAG01_A5_Set_Reset_Quiescent_Memory_LEBRE_ORACLE_HARM_STOP_SEED_203,A5_Set_Reset_Quiescent_Memory,203,LEBRE_ORACLE_HARM_STOP,PREREGISTERED
DIAG01_A5_Set_Reset_Quiescent_Memory_LEBRE_FROZEN_SEED_204,A5_Set_Reset_Quiescent_Memory,204,LEBRE_FROZEN,PREREGISTERED
DIAG01_A5_Set_Reset_Quiescent_Memory_LEBRE_NO_REC_BIRTH_SEED_204,A5_Set_Reset_Quiescent_Memory,204,LEBRE_NO_REC_BIRTH,PREREGISTERED
DIAG01_A5_Set_Reset_Quiescent_Memory_LEBRE_SHADOW_ONLY_SEED_204,A5_Set_Reset_Quiescent_Memory,204,LEBRE_SHADOW_ONLY,PREREGISTERED
DIAG01_A5_Set_Reset_Quiescent_Memory_LEBRE_ORACLE_HARM_STOP_SEED_204,A5_Set_Reset_Quiescent_Memory,204,LEBRE_ORACLE_HARM_STOP,PREREGISTERED
DIAG01_A5_Set_Reset_Quiescent_Memory_LEBRE_FROZEN_SEED_205,A5_Set_Reset_Quiescent_Memory,205,LEBRE_FROZEN,PREREGISTERED
DIAG01_A5_Set_Reset_Quiescent_Memory_LEBRE_NO_REC_BIRTH_SEED_205,A5_Set_Reset_Quiescent_Memory,205,LEBRE_NO_REC_BIRTH,PREREGISTERED
DIAG01_A5_Set_Reset_Quiescent_Memory_LEBRE_SHADOW_ONLY_SEED_205,A5_Set_Reset_Quiescent_Memory,205,LEBRE_SHADOW_ONLY,PREREGISTERED
DIAG01_A5_Set_Reset_Quiescent_Memory_LEBRE_ORACLE_HARM_STOP_SEED_205,A5_Set_Reset_Quiescent_Memory,205,LEBRE_ORACLE_HARM_STOP,PREREGISTERED
DIAG01_A5_Set_Reset_Quiescent_Memory_LEBRE_FROZEN_SEED_206,A5_Set_Reset_Quiescent_Memory,206,LEBRE_FROZEN,PREREGISTERED
DIAG01_A5_Set_Reset_Quiescent_Memory_LEBRE_NO_REC_BIRTH_SEED_206,A5_Set_Reset_Quiescent_Memory,206,LEBRE_NO_REC_BIRTH,PREREGISTERED
DIAG01_A5_Set_Reset_Quiescent_Memory_LEBRE_SHADOW_ONLY_SEED_206,A5_Set_Reset_Quiescent_Memory,206,LEBRE_SHADOW_ONLY,PREREGISTERED
DIAG01_A5_Set_Reset_Quiescent_Memory_LEBRE_ORACLE_HARM_STOP_SEED_206,A5_Set_Reset_Quiescent_Memory,206,LEBRE_ORACLE_HARM_STOP,PREREGISTERED
DIAG01_A5_Set_Reset_Quiescent_Memory_LEBRE_FROZEN_SEED_207,A5_Set_Reset_Quiescent_Memory,207,LEBRE_FROZEN,PREREGISTERED
DIAG01_A5_Set_Reset_Quiescent_Memory_LEBRE_NO_REC_BIRTH_SEED_207,A5_Set_Reset_Quiescent_Memory,207,LEBRE_NO_REC_BIRTH,PREREGISTERED
DIAG01_A5_Set_Reset_Quiescent_Memory_LEBRE_SHADOW_ONLY_SEED_207,A5_Set_Reset_Quiescent_Memory,207,LEBRE_SHADOW_ONLY,PREREGISTERED
DIAG01_A5_Set_Reset_Quiescent_Memory_LEBRE_ORACLE_HARM_STOP_SEED_207,A5_Set_Reset_Quiescent_Memory,207,LEBRE_ORACLE_HARM_STOP,PREREGISTERED
DIAG01_A5_Set_Reset_Quiescent_Memory_LEBRE_FROZEN_SEED_208,A5_Set_Reset_Quiescent_Memory,208,LEBRE_FROZEN,PREREGISTERED
DIAG01_A5_Set_Reset_Quiescent_Memory_LEBRE_NO_REC_BIRTH_SEED_208,A5_Set_Reset_Quiescent_Memory,208,LEBRE_NO_REC_BIRTH,PREREGISTERED
DIAG01_A5_Set_Reset_Quiescent_Memory_LEBRE_SHADOW_ONLY_SEED_208,A5_Set_Reset_Quiescent_Memory,208,LEBRE_SHADOW_ONLY,PREREGISTERED
DIAG01_A5_Set_Reset_Quiescent_Memory_LEBRE_ORACLE_HARM_STOP_SEED_208,A5_Set_Reset_Quiescent_Memory,208,LEBRE_ORACLE_HARM_STOP,PREREGISTERED
DIAG01_A5_Set_Reset_Quiescent_Memory_LEBRE_FROZEN_SEED_209,A5_Set_Reset_Quiescent_Memory,209,LEBRE_FROZEN,PREREGISTERED
DIAG01_A5_Set_Reset_Quiescent_Memory_LEBRE_NO_REC_BIRTH_SEED_209,A5_Set_Reset_Quiescent_Memory,209,LEBRE_NO_REC_BIRTH,PREREGISTERED
DIAG01_A5_Set_Reset_Quiescent_Memory_LEBRE_SHADOW_ONLY_SEED_209,A5_Set_Reset_Quiescent_Memory,209,LEBRE_SHADOW_ONLY,PREREGISTERED
DIAG01_A5_Set_Reset_Quiescent_Memory_LEBRE_ORACLE_HARM_STOP_SEED_209,A5_Set_Reset_Quiescent_Memory,209,LEBRE_ORACLE_HARM_STOP,PREREGISTERED
DIAG01_A5_Set_Reset_Quiescent_Memory_LEBRE_FROZEN_SEED_210,A5_Set_Reset_Quiescent_Memory,210,LEBRE_FROZEN,PREREGISTERED
DIAG01_A5_Set_Reset_Quiescent_Memory_LEBRE_NO_REC_BIRTH_SEED_210,A5_Set_Reset_Quiescent_Memory,210,LEBRE_NO_REC_BIRTH,PREREGISTERED
DIAG01_A5_Set_Reset_Quiescent_Memory_LEBRE_SHADOW_ONLY_SEED_210,A5_Set_Reset_Quiescent_Memory,210,LEBRE_SHADOW_ONLY,PREREGISTERED
DIAG01_A5_Set_Reset_Quiescent_Memory_LEBRE_ORACLE_HARM_STOP_SEED_210,A5_Set_Reset_Quiescent_Memory,210,LEBRE_ORACLE_HARM_STOP,PREREGISTERED
DIAG01_A5_Set_Reset_Quiescent_Memory_LEBRE_FROZEN_SEED_211,A5_Set_Reset_Quiescent_Memory,211,LEBRE_FROZEN,PREREGISTERED
DIAG01_A5_Set_Reset_Quiescent_Memory_LEBRE_NO_REC_BIRTH_SEED_211,A5_Set_Reset_Quiescent_Memory,211,LEBRE_NO_REC_BIRTH,PREREGISTERED
DIAG01_A5_Set_Reset_Quiescent_Memory_LEBRE_SHADOW_ONLY_SEED_211,A5_Set_Reset_Quiescent_Memory,211,LEBRE_SHADOW_ONLY,PREREGISTERED
DIAG01_A5_Set_Reset_Quiescent_Memory_LEBRE_ORACLE_HARM_STOP_SEED_211,A5_Set_Reset_Quiescent_Memory,211,LEBRE_ORACLE_HARM_STOP,PREREGISTERED
DIAG01_A5_Set_Reset_Quiescent_Memory_LEBRE_FROZEN_SEED_212,A5_Set_Reset_Quiescent_Memory,212,LEBRE_FROZEN,PREREGISTERED
DIAG01_A5_Set_Reset_Quiescent_Memory_LEBRE_NO_REC_BIRTH_SEED_212,A5_Set_Reset_Quiescent_Memory,212,LEBRE_NO_REC_BIRTH,PREREGISTERED
DIAG01_A5_Set_Reset_Quiescent_Memory_LEBRE_SHADOW_ONLY_SEED_212,A5_Set_Reset_Quiescent_Memory,212,LEBRE_SHADOW_ONLY,PREREGISTERED
DIAG01_A5_Set_Reset_Quiescent_Memory_LEBRE_ORACLE_HARM_STOP_SEED_212,A5_Set_Reset_Quiescent_Memory,212,LEBRE_ORACLE_HARM_STOP,PREREGISTERED
DIAG01_A5_Set_Reset_Quiescent_Memory_LEBRE_FROZEN_SEED_213,A5_Set_Reset_Quiescent_Memory,213,LEBRE_FROZEN,PREREGISTERED
DIAG01_A5_Set_Reset_Quiescent_Memory_LEBRE_NO_REC_BIRTH_SEED_213,A5_Set_Reset_Quiescent_Memory,213,LEBRE_NO_REC_BIRTH,PREREGISTERED
DIAG01_A5_Set_Reset_Quiescent_Memory_LEBRE_SHADOW_ONLY_SEED_213,A5_Set_Reset_Quiescent_Memory,213,LEBRE_SHADOW_ONLY,PREREGISTERED
DIAG01_A5_Set_Reset_Quiescent_Memory_LEBRE_ORACLE_HARM_STOP_SEED_213,A5_Set_Reset_Quiescent_Memory,213,LEBRE_ORACLE_HARM_STOP,PREREGISTERED
DIAG01_A5_Set_Reset_Quiescent_Memory_LEBRE_FROZEN_SEED_214,A5_Set_Reset_Quiescent_Memory,214,LEBRE_FROZEN,PREREGISTERED
DIAG01_A5_Set_Reset_Quiescent_Memory_LEBRE_NO_REC_BIRTH_SEED_214,A5_Set_Reset_Quiescent_Memory,214,LEBRE_NO_REC_BIRTH,PREREGISTERED
DIAG01_A5_Set_Reset_Quiescent_Memory_LEBRE_SHADOW_ONLY_SEED_214,A5_Set_Reset_Quiescent_Memory,214,LEBRE_SHADOW_ONLY,PREREGISTERED
DIAG01_A5_Set_Reset_Quiescent_Memory_LEBRE_ORACLE_HARM_STOP_SEED_214,A5_Set_Reset_Quiescent_Memory,214,LEBRE_ORACLE_HARM_STOP,PREREGISTERED
DIAG01_A5_Set_Reset_Quiescent_Memory_LEBRE_FROZEN_SEED_215,A5_Set_Reset_Quiescent_Memory,215,LEBRE_FROZEN,PREREGISTERED
DIAG01_A5_Set_Reset_Quiescent_Memory_LEBRE_NO_REC_BIRTH_SEED_215,A5_Set_Reset_Quiescent_Memory,215,LEBRE_NO_REC_BIRTH,PREREGISTERED
DIAG01_A5_Set_Reset_Quiescent_Memory_LEBRE_SHADOW_ONLY_SEED_215,A5_Set_Reset_Quiescent_Memory,215,LEBRE_SHADOW_ONLY,PREREGISTERED
DIAG01_A5_Set_Reset_Quiescent_Memory_LEBRE_ORACLE_HARM_STOP_SEED_215,A5_Set_Reset_Quiescent_Memory,215,LEBRE_ORACLE_HARM_STOP,PREREGISTERED
DIAG01_A5_Set_Reset_Quiescent_Memory_LEBRE_FROZEN_SEED_216,A5_Set_Reset_Quiescent_Memory,216,LEBRE_FROZEN,PREREGISTERED
DIAG01_A5_Set_Reset_Quiescent_Memory_LEBRE_NO_REC_BIRTH_SEED_216,A5_Set_Reset_Quiescent_Memory,216,LEBRE_NO_REC_BIRTH,PREREGISTERED
DIAG01_A5_Set_Reset_Quiescent_Memory_LEBRE_SHADOW_ONLY_SEED_216,A5_Set_Reset_Quiescent_Memory,216,LEBRE_SHADOW_ONLY,PREREGISTERED
DIAG01_A5_Set_Reset_Quiescent_Memory_LEBRE_ORACLE_HARM_STOP_SEED_216,A5_Set_Reset_Quiescent_Memory,216,LEBRE_ORACLE_HARM_STOP,PREREGISTERED
DIAG01_A5_Set_Reset_Quiescent_Memory_LEBRE_FROZEN_SEED_217,A5_Set_Reset_Quiescent_Memory,217,LEBRE_FROZEN,PREREGISTERED
DIAG01_A5_Set_Reset_Quiescent_Memory_LEBRE_NO_REC_BIRTH_SEED_217,A5_Set_Reset_Quiescent_Memory,217,LEBRE_NO_REC_BIRTH,PREREGISTERED
DIAG01_A5_Set_Reset_Quiescent_Memory_LEBRE_SHADOW_ONLY_SEED_217,A5_Set_Reset_Quiescent_Memory,217,LEBRE_SHADOW_ONLY,PREREGISTERED
DIAG01_A5_Set_Reset_Quiescent_Memory_LEBRE_ORACLE_HARM_STOP_SEED_217,A5_Set_Reset_Quiescent_Memory,217,LEBRE_ORACLE_HARM_STOP,PREREGISTERED
DIAG01_A5_Set_Reset_Quiescent_Memory_LEBRE_FROZEN_SEED_218,A5_Set_Reset_Quiescent_Memory,218,LEBRE_FROZEN,PREREGISTERED
DIAG01_A5_Set_Reset_Quiescent_Memory_LEBRE_NO_REC_BIRTH_SEED_218,A5_Set_Reset_Quiescent_Memory,218,LEBRE_NO_REC_BIRTH,PREREGISTERED
DIAG01_A5_Set_Reset_Quiescent_Memory_LEBRE_SHADOW_ONLY_SEED_218,A5_Set_Reset_Quiescent_Memory,218,LEBRE_SHADOW_ONLY,PREREGISTERED
DIAG01_A5_Set_Reset_Quiescent_Memory_LEBRE_ORACLE_HARM_STOP_SEED_218,A5_Set_Reset_Quiescent_Memory,218,LEBRE_ORACLE_HARM_STOP,PREREGISTERED
DIAG01_A5_Set_Reset_Quiescent_Memory_LEBRE_FROZEN_SEED_219,A5_Set_Reset_Quiescent_Memory,219,LEBRE_FROZEN,PREREGISTERED
DIAG01_A5_Set_Reset_Quiescent_Memory_LEBRE_NO_REC_BIRTH_SEED_219,A5_Set_Reset_Quiescent_Memory,219,LEBRE_NO_REC_BIRTH,PREREGISTERED
DIAG01_A5_Set_Reset_Quiescent_Memory_LEBRE_SHADOW_ONLY_SEED_219,A5_Set_Reset_Quiescent_Memory,219,LEBRE_SHADOW_ONLY,PREREGISTERED
DIAG01_A5_Set_Reset_Quiescent_Memory_LEBRE_ORACLE_HARM_STOP_SEED_219,A5_Set_Reset_Quiescent_Memory,219,LEBRE_ORACLE_HARM_STOP,PREREGISTERED
DIAG01_A5_Set_Reset_Quiescent_Memory_LEBRE_FROZEN_SEED_220,A5_Set_Reset_Quiescent_Memory,220,LEBRE_FROZEN,PREREGISTERED
DIAG01_A5_Set_Reset_Quiescent_Memory_LEBRE_NO_REC_BIRTH_SEED_220,A5_Set_Reset_Quiescent_Memory,220,LEBRE_NO_REC_BIRTH,PREREGISTERED
DIAG01_A5_Set_Reset_Quiescent_Memory_LEBRE_SHADOW_ONLY_SEED_220,A5_Set_Reset_Quiescent_Memory,220,LEBRE_SHADOW_ONLY,PREREGISTERED
DIAG01_A5_Set_Reset_Quiescent_Memory_LEBRE_ORACLE_HARM_STOP_SEED_220,A5_Set_Reset_Quiescent_Memory,220,LEBRE_ORACLE_HARM_STOP,PREREGISTERED
DIAG01_A5_Set_Reset_Quiescent_Memory_LEBRE_FROZEN_SEED_221,A5_Set_Reset_Quiescent_Memory,221,LEBRE_FROZEN,PREREGISTERED
DIAG01_A5_Set_Reset_Quiescent_Memory_LEBRE_NO_REC_BIRTH_SEED_221,A5_Set_Reset_Quiescent_Memory,221,LEBRE_NO_REC_BIRTH,PREREGISTERED
DIAG01_A5_Set_Reset_Quiescent_Memory_LEBRE_SHADOW_ONLY_SEED_221,A5_Set_Reset_Quiescent_Memory,221,LEBRE_SHADOW_ONLY,PREREGISTERED
DIAG01_A5_Set_Reset_Quiescent_Memory_LEBRE_ORACLE_HARM_STOP_SEED_221,A5_Set_Reset_Quiescent_Memory,221,LEBRE_ORACLE_HARM_STOP,PREREGISTERED
DIAG01_A5_Set_Reset_Quiescent_Memory_LEBRE_FROZEN_SEED_222,A5_Set_Reset_Quiescent_Memory,222,LEBRE_FROZEN,PREREGISTERED
DIAG01_A5_Set_Reset_Quiescent_Memory_LEBRE_NO_REC_BIRTH_SEED_222,A5_Set_Reset_Quiescent_Memory,222,LEBRE_NO_REC_BIRTH,PREREGISTERED
DIAG01_A5_Set_Reset_Quiescent_Memory_LEBRE_SHADOW_ONLY_SEED_222,A5_Set_Reset_Quiescent_Memory,222,LEBRE_SHADOW_ONLY,PREREGISTERED
DIAG01_A5_Set_Reset_Quiescent_Memory_LEBRE_ORACLE_HARM_STOP_SEED_222,A5_Set_Reset_Quiescent_Memory,222,LEBRE_ORACLE_HARM_STOP,PREREGISTERED
DIAG01_A5_Set_Reset_Quiescent_Memory_LEBRE_FROZEN_SEED_223,A5_Set_Reset_Quiescent_Memory,223,LEBRE_FROZEN,PREREGISTERED
DIAG01_A5_Set_Reset_Quiescent_Memory_LEBRE_NO_REC_BIRTH_SEED_223,A5_Set_Reset_Quiescent_Memory,223,LEBRE_NO_REC_BIRTH,PREREGISTERED
DIAG01_A5_Set_Reset_Quiescent_Memory_LEBRE_SHADOW_ONLY_SEED_223,A5_Set_Reset_Quiescent_Memory,223,LEBRE_SHADOW_ONLY,PREREGISTERED
DIAG01_A5_Set_Reset_Quiescent_Memory_LEBRE_ORACLE_HARM_STOP_SEED_223,A5_Set_Reset_Quiescent_Memory,223,LEBRE_ORACLE_HARM_STOP,PREREGISTERED
DIAG01_A5_Set_Reset_Quiescent_Memory_LEBRE_FROZEN_SEED_224,A5_Set_Reset_Quiescent_Memory,224,LEBRE_FROZEN,PREREGISTERED
DIAG01_A5_Set_Reset_Quiescent_Memory_LEBRE_NO_REC_BIRTH_SEED_224,A5_Set_Reset_Quiescent_Memory,224,LEBRE_NO_REC_BIRTH,PREREGISTERED
DIAG01_A5_Set_Reset_Quiescent_Memory_LEBRE_SHADOW_ONLY_SEED_224,A5_Set_Reset_Quiescent_Memory,224,LEBRE_SHADOW_ONLY,PREREGISTERED
DIAG01_A5_Set_Reset_Quiescent_Memory_LEBRE_ORACLE_HARM_STOP_SEED_224,A5_Set_Reset_Quiescent_Memory,224,LEBRE_ORACLE_HARM_STOP,PREREGISTERED
DIAG01_A5_Set_Reset_Quiescent_Memory_LEBRE_FROZEN_SEED_225,A5_Set_Reset_Quiescent_Memory,225,LEBRE_FROZEN,PREREGISTERED
DIAG01_A5_Set_Reset_Quiescent_Memory_LEBRE_NO_REC_BIRTH_SEED_225,A5_Set_Reset_Quiescent_Memory,225,LEBRE_NO_REC_BIRTH,PREREGISTERED
DIAG01_A5_Set_Reset_Quiescent_Memory_LEBRE_SHADOW_ONLY_SEED_225,A5_Set_Reset_Quiescent_Memory,225,LEBRE_SHADOW_ONLY,PREREGISTERED
DIAG01_A5_Set_Reset_Quiescent_Memory_LEBRE_ORACLE_HARM_STOP_SEED_225,A5_Set_Reset_Quiescent_Memory,225,LEBRE_ORACLE_HARM_STOP,PREREGISTERED
DIAG01_A5_Set_Reset_Quiescent_Memory_LEBRE_FROZEN_SEED_226,A5_Set_Reset_Quiescent_Memory,226,LEBRE_FROZEN,PREREGISTERED
DIAG01_A5_Set_Reset_Quiescent_Memory_LEBRE_NO_REC_BIRTH_SEED_226,A5_Set_Reset_Quiescent_Memory,226,LEBRE_NO_REC_BIRTH,PREREGISTERED
DIAG01_A5_Set_Reset_Quiescent_Memory_LEBRE_SHADOW_ONLY_SEED_226,A5_Set_Reset_Quiescent_Memory,226,LEBRE_SHADOW_ONLY,PREREGISTERED
DIAG01_A5_Set_Reset_Quiescent_Memory_LEBRE_ORACLE_HARM_STOP_SEED_226,A5_Set_Reset_Quiescent_Memory,226,LEBRE_ORACLE_HARM_STOP,PREREGISTERED
DIAG01_A5_Set_Reset_Quiescent_Memory_LEBRE_FROZEN_SEED_227,A5_Set_Reset_Quiescent_Memory,227,LEBRE_FROZEN,PREREGISTERED
DIAG01_A5_Set_Reset_Quiescent_Memory_LEBRE_NO_REC_BIRTH_SEED_227,A5_Set_Reset_Quiescent_Memory,227,LEBRE_NO_REC_BIRTH,PREREGISTERED
DIAG01_A5_Set_Reset_Quiescent_Memory_LEBRE_SHADOW_ONLY_SEED_227,A5_Set_Reset_Quiescent_Memory,227,LEBRE_SHADOW_ONLY,PREREGISTERED
DIAG01_A5_Set_Reset_Quiescent_Memory_LEBRE_ORACLE_HARM_STOP_SEED_227,A5_Set_Reset_Quiescent_Memory,227,LEBRE_ORACLE_HARM_STOP,PREREGISTERED
DIAG01_A5_Set_Reset_Quiescent_Memory_LEBRE_FROZEN_SEED_228,A5_Set_Reset_Quiescent_Memory,228,LEBRE_FROZEN,PREREGISTERED
DIAG01_A5_Set_Reset_Quiescent_Memory_LEBRE_NO_REC_BIRTH_SEED_228,A5_Set_Reset_Quiescent_Memory,228,LEBRE_NO_REC_BIRTH,PREREGISTERED
DIAG01_A5_Set_Reset_Quiescent_Memory_LEBRE_SHADOW_ONLY_SEED_228,A5_Set_Reset_Quiescent_Memory,228,LEBRE_SHADOW_ONLY,PREREGISTERED
DIAG01_A5_Set_Reset_Quiescent_Memory_LEBRE_ORACLE_HARM_STOP_SEED_228,A5_Set_Reset_Quiescent_Memory,228,LEBRE_ORACLE_HARM_STOP,PREREGISTERED
DIAG01_A5_Set_Reset_Quiescent_Memory_LEBRE_FROZEN_SEED_229,A5_Set_Reset_Quiescent_Memory,229,LEBRE_FROZEN,PREREGISTERED
DIAG01_A5_Set_Reset_Quiescent_Memory_LEBRE_NO_REC_BIRTH_SEED_229,A5_Set_Reset_Quiescent_Memory,229,LEBRE_NO_REC_BIRTH,PREREGISTERED
DIAG01_A5_Set_Reset_Quiescent_Memory_LEBRE_SHADOW_ONLY_SEED_229,A5_Set_Reset_Quiescent_Memory,229,LEBRE_SHADOW_ONLY,PREREGISTERED
DIAG01_A5_Set_Reset_Quiescent_Memory_LEBRE_ORACLE_HARM_STOP_SEED_229,A5_Set_Reset_Quiescent_Memory,229,LEBRE_ORACLE_HARM_STOP,PREREGISTERED
DIAG01_A5_Set_Reset_Quiescent_Memory_LEBRE_FROZEN_SEED_230,A5_Set_Reset_Quiescent_Memory,230,LEBRE_FROZEN,PREREGISTERED
DIAG01_A5_Set_Reset_Quiescent_Memory_LEBRE_NO_REC_BIRTH_SEED_230,A5_Set_Reset_Quiescent_Memory,230,LEBRE_NO_REC_BIRTH,PREREGISTERED
DIAG01_A5_Set_Reset_Quiescent_Memory_LEBRE_SHADOW_ONLY_SEED_230,A5_Set_Reset_Quiescent_Memory,230,LEBRE_SHADOW_ONLY,PREREGISTERED
DIAG01_A5_Set_Reset_Quiescent_Memory_LEBRE_ORACLE_HARM_STOP_SEED_230,A5_Set_Reset_Quiescent_Memory,230,LEBRE_ORACLE_HARM_STOP,PREREGISTERED
DIAG01_A7_Extended_Poisson_Quiescence_LEBRE_FROZEN_SEED_201,A7_Extended_Poisson_Quiescence,201,LEBRE_FROZEN,PREREGISTERED
DIAG01_A7_Extended_Poisson_Quiescence_LEBRE_NO_REC_BIRTH_SEED_201,A7_Extended_Poisson_Quiescence,201,LEBRE_NO_REC_BIRTH,PREREGISTERED
DIAG01_A7_Extended_Poisson_Quiescence_LEBRE_SHADOW_ONLY_SEED_201,A7_Extended_Poisson_Quiescence,201,LEBRE_SHADOW_ONLY,PREREGISTERED
DIAG01_A7_Extended_Poisson_Quiescence_LEBRE_ORACLE_HARM_STOP_SEED_201,A7_Extended_Poisson_Quiescence,201,LEBRE_ORACLE_HARM_STOP,PREREGISTERED
DIAG01_A7_Extended_Poisson_Quiescence_LEBRE_FROZEN_SEED_202,A7_Extended_Poisson_Quiescence,202,LEBRE_FROZEN,PREREGISTERED
DIAG01_A7_Extended_Poisson_Quiescence_LEBRE_NO_REC_BIRTH_SEED_202,A7_Extended_Poisson_Quiescence,202,LEBRE_NO_REC_BIRTH,PREREGISTERED
DIAG01_A7_Extended_Poisson_Quiescence_LEBRE_SHADOW_ONLY_SEED_202,A7_Extended_Poisson_Quiescence,202,LEBRE_SHADOW_ONLY,PREREGISTERED
DIAG01_A7_Extended_Poisson_Quiescence_LEBRE_ORACLE_HARM_STOP_SEED_202,A7_Extended_Poisson_Quiescence,202,LEBRE_ORACLE_HARM_STOP,PREREGISTERED
DIAG01_A7_Extended_Poisson_Quiescence_LEBRE_FROZEN_SEED_203,A7_Extended_Poisson_Quiescence,203,LEBRE_FROZEN,PREREGISTERED
DIAG01_A7_Extended_Poisson_Quiescence_LEBRE_NO_REC_BIRTH_SEED_203,A7_Extended_Poisson_Quiescence,203,LEBRE_NO_REC_BIRTH,PREREGISTERED
DIAG01_A7_Extended_Poisson_Quiescence_LEBRE_SHADOW_ONLY_SEED_203,A7_Extended_Poisson_Quiescence,203,LEBRE_SHADOW_ONLY,PREREGISTERED
DIAG01_A7_Extended_Poisson_Quiescence_LEBRE_ORACLE_HARM_STOP_SEED_203,A7_Extended_Poisson_Quiescence,203,LEBRE_ORACLE_HARM_STOP,PREREGISTERED
DIAG01_A7_Extended_Poisson_Quiescence_LEBRE_FROZEN_SEED_204,A7_Extended_Poisson_Quiescence,204,LEBRE_FROZEN,PREREGISTERED
DIAG01_A7_Extended_Poisson_Quiescence_LEBRE_NO_REC_BIRTH_SEED_204,A7_Extended_Poisson_Quiescence,204,LEBRE_NO_REC_BIRTH,PREREGISTERED
DIAG01_A7_Extended_Poisson_Quiescence_LEBRE_SHADOW_ONLY_SEED_204,A7_Extended_Poisson_Quiescence,204,LEBRE_SHADOW_ONLY,PREREGISTERED
DIAG01_A7_Extended_Poisson_Quiescence_LEBRE_ORACLE_HARM_STOP_SEED_204,A7_Extended_Poisson_Quiescence,204,LEBRE_ORACLE_HARM_STOP,PREREGISTERED
DIAG01_A7_Extended_Poisson_Quiescence_LEBRE_FROZEN_SEED_205,A7_Extended_Poisson_Quiescence,205,LEBRE_FROZEN,PREREGISTERED
DIAG01_A7_Extended_Poisson_Quiescence_LEBRE_NO_REC_BIRTH_SEED_205,A7_Extended_Poisson_Quiescence,205,LEBRE_NO_REC_BIRTH,PREREGISTERED
DIAG01_A7_Extended_Poisson_Quiescence_LEBRE_SHADOW_ONLY_SEED_205,A7_Extended_Poisson_Quiescence,205,LEBRE_SHADOW_ONLY,PREREGISTERED
DIAG01_A7_Extended_Poisson_Quiescence_LEBRE_ORACLE_HARM_STOP_SEED_205,A7_Extended_Poisson_Quiescence,205,LEBRE_ORACLE_HARM_STOP,PREREGISTERED
DIAG01_A7_Extended_Poisson_Quiescence_LEBRE_FROZEN_SEED_206,A7_Extended_Poisson_Quiescence,206,LEBRE_FROZEN,PREREGISTERED
DIAG01_A7_Extended_Poisson_Quiescence_LEBRE_NO_REC_BIRTH_SEED_206,A7_Extended_Poisson_Quiescence,206,LEBRE_NO_REC_BIRTH,PREREGISTERED
DIAG01_A7_Extended_Poisson_Quiescence_LEBRE_SHADOW_ONLY_SEED_206,A7_Extended_Poisson_Quiescence,206,LEBRE_SHADOW_ONLY,PREREGISTERED
DIAG01_A7_Extended_Poisson_Quiescence_LEBRE_ORACLE_HARM_STOP_SEED_206,A7_Extended_Poisson_Quiescence,206,LEBRE_ORACLE_HARM_STOP,PREREGISTERED
DIAG01_A7_Extended_Poisson_Quiescence_LEBRE_FROZEN_SEED_207,A7_Extended_Poisson_Quiescence,207,LEBRE_FROZEN,PREREGISTERED
DIAG01_A7_Extended_Poisson_Quiescence_LEBRE_NO_REC_BIRTH_SEED_207,A7_Extended_Poisson_Quiescence,207,LEBRE_NO_REC_BIRTH,PREREGISTERED
DIAG01_A7_Extended_Poisson_Quiescence_LEBRE_SHADOW_ONLY_SEED_207,A7_Extended_Poisson_Quiescence,207,LEBRE_SHADOW_ONLY,PREREGISTERED
DIAG01_A7_Extended_Poisson_Quiescence_LEBRE_ORACLE_HARM_STOP_SEED_207,A7_Extended_Poisson_Quiescence,207,LEBRE_ORACLE_HARM_STOP,PREREGISTERED
DIAG01_A7_Extended_Poisson_Quiescence_LEBRE_FROZEN_SEED_208,A7_Extended_Poisson_Quiescence,208,LEBRE_FROZEN,PREREGISTERED
DIAG01_A7_Extended_Poisson_Quiescence_LEBRE_NO_REC_BIRTH_SEED_208,A7_Extended_Poisson_Quiescence,208,LEBRE_NO_REC_BIRTH,PREREGISTERED
DIAG01_A7_Extended_Poisson_Quiescence_LEBRE_SHADOW_ONLY_SEED_208,A7_Extended_Poisson_Quiescence,208,LEBRE_SHADOW_ONLY,PREREGISTERED
DIAG01_A7_Extended_Poisson_Quiescence_LEBRE_ORACLE_HARM_STOP_SEED_208,A7_Extended_Poisson_Quiescence,208,LEBRE_ORACLE_HARM_STOP,PREREGISTERED
DIAG01_A7_Extended_Poisson_Quiescence_LEBRE_FROZEN_SEED_209,A7_Extended_Poisson_Quiescence,209,LEBRE_FROZEN,PREREGISTERED
DIAG01_A7_Extended_Poisson_Quiescence_LEBRE_NO_REC_BIRTH_SEED_209,A7_Extended_Poisson_Quiescence,209,LEBRE_NO_REC_BIRTH,PREREGISTERED
DIAG01_A7_Extended_Poisson_Quiescence_LEBRE_SHADOW_ONLY_SEED_209,A7_Extended_Poisson_Quiescence,209,LEBRE_SHADOW_ONLY,PREREGISTERED
DIAG01_A7_Extended_Poisson_Quiescence_LEBRE_ORACLE_HARM_STOP_SEED_209,A7_Extended_Poisson_Quiescence,209,LEBRE_ORACLE_HARM_STOP,PREREGISTERED
DIAG01_A7_Extended_Poisson_Quiescence_LEBRE_FROZEN_SEED_210,A7_Extended_Poisson_Quiescence,210,LEBRE_FROZEN,PREREGISTERED
DIAG01_A7_Extended_Poisson_Quiescence_LEBRE_NO_REC_BIRTH_SEED_210,A7_Extended_Poisson_Quiescence,210,LEBRE_NO_REC_BIRTH,PREREGISTERED
DIAG01_A7_Extended_Poisson_Quiescence_LEBRE_SHADOW_ONLY_SEED_210,A7_Extended_Poisson_Quiescence,210,LEBRE_SHADOW_ONLY,PREREGISTERED
DIAG01_A7_Extended_Poisson_Quiescence_LEBRE_ORACLE_HARM_STOP_SEED_210,A7_Extended_Poisson_Quiescence,210,LEBRE_ORACLE_HARM_STOP,PREREGISTERED
DIAG01_A7_Extended_Poisson_Quiescence_LEBRE_FROZEN_SEED_211,A7_Extended_Poisson_Quiescence,211,LEBRE_FROZEN,PREREGISTERED
DIAG01_A7_Extended_Poisson_Quiescence_LEBRE_NO_REC_BIRTH_SEED_211,A7_Extended_Poisson_Quiescence,211,LEBRE_NO_REC_BIRTH,PREREGISTERED
DIAG01_A7_Extended_Poisson_Quiescence_LEBRE_SHADOW_ONLY_SEED_211,A7_Extended_Poisson_Quiescence,211,LEBRE_SHADOW_ONLY,PREREGISTERED
DIAG01_A7_Extended_Poisson_Quiescence_LEBRE_ORACLE_HARM_STOP_SEED_211,A7_Extended_Poisson_Quiescence,211,LEBRE_ORACLE_HARM_STOP,PREREGISTERED
DIAG01_A7_Extended_Poisson_Quiescence_LEBRE_FROZEN_SEED_212,A7_Extended_Poisson_Quiescence,212,LEBRE_FROZEN,PREREGISTERED
DIAG01_A7_Extended_Poisson_Quiescence_LEBRE_NO_REC_BIRTH_SEED_212,A7_Extended_Poisson_Quiescence,212,LEBRE_NO_REC_BIRTH,PREREGISTERED
DIAG01_A7_Extended_Poisson_Quiescence_LEBRE_SHADOW_ONLY_SEED_212,A7_Extended_Poisson_Quiescence,212,LEBRE_SHADOW_ONLY,PREREGISTERED
DIAG01_A7_Extended_Poisson_Quiescence_LEBRE_ORACLE_HARM_STOP_SEED_212,A7_Extended_Poisson_Quiescence,212,LEBRE_ORACLE_HARM_STOP,PREREGISTERED
DIAG01_A7_Extended_Poisson_Quiescence_LEBRE_FROZEN_SEED_213,A7_Extended_Poisson_Quiescence,213,LEBRE_FROZEN,PREREGISTERED
DIAG01_A7_Extended_Poisson_Quiescence_LEBRE_NO_REC_BIRTH_SEED_213,A7_Extended_Poisson_Quiescence,213,LEBRE_NO_REC_BIRTH,PREREGISTERED
DIAG01_A7_Extended_Poisson_Quiescence_LEBRE_SHADOW_ONLY_SEED_213,A7_Extended_Poisson_Quiescence,213,LEBRE_SHADOW_ONLY,PREREGISTERED
DIAG01_A7_Extended_Poisson_Quiescence_LEBRE_ORACLE_HARM_STOP_SEED_213,A7_Extended_Poisson_Quiescence,213,LEBRE_ORACLE_HARM_STOP,PREREGISTERED
DIAG01_A7_Extended_Poisson_Quiescence_LEBRE_FROZEN_SEED_214,A7_Extended_Poisson_Quiescence,214,LEBRE_FROZEN,PREREGISTERED
DIAG01_A7_Extended_Poisson_Quiescence_LEBRE_NO_REC_BIRTH_SEED_214,A7_Extended_Poisson_Quiescence,214,LEBRE_NO_REC_BIRTH,PREREGISTERED
DIAG01_A7_Extended_Poisson_Quiescence_LEBRE_SHADOW_ONLY_SEED_214,A7_Extended_Poisson_Quiescence,214,LEBRE_SHADOW_ONLY,PREREGISTERED
DIAG01_A7_Extended_Poisson_Quiescence_LEBRE_ORACLE_HARM_STOP_SEED_214,A7_Extended_Poisson_Quiescence,214,LEBRE_ORACLE_HARM_STOP,PREREGISTERED
DIAG01_A7_Extended_Poisson_Quiescence_LEBRE_FROZEN_SEED_215,A7_Extended_Poisson_Quiescence,215,LEBRE_FROZEN,PREREGISTERED
DIAG01_A7_Extended_Poisson_Quiescence_LEBRE_NO_REC_BIRTH_SEED_215,A7_Extended_Poisson_Quiescence,215,LEBRE_NO_REC_BIRTH,PREREGISTERED
DIAG01_A7_Extended_Poisson_Quiescence_LEBRE_SHADOW_ONLY_SEED_215,A7_Extended_Poisson_Quiescence,215,LEBRE_SHADOW_ONLY,PREREGISTERED
DIAG01_A7_Extended_Poisson_Quiescence_LEBRE_ORACLE_HARM_STOP_SEED_215,A7_Extended_Poisson_Quiescence,215,LEBRE_ORACLE_HARM_STOP,PREREGISTERED
DIAG01_A7_Extended_Poisson_Quiescence_LEBRE_FROZEN_SEED_216,A7_Extended_Poisson_Quiescence,216,LEBRE_FROZEN,PREREGISTERED
DIAG01_A7_Extended_Poisson_Quiescence_LEBRE_NO_REC_BIRTH_SEED_216,A7_Extended_Poisson_Quiescence,216,LEBRE_NO_REC_BIRTH,PREREGISTERED
DIAG01_A7_Extended_Poisson_Quiescence_LEBRE_SHADOW_ONLY_SEED_216,A7_Extended_Poisson_Quiescence,216,LEBRE_SHADOW_ONLY,PREREGISTERED
DIAG01_A7_Extended_Poisson_Quiescence_LEBRE_ORACLE_HARM_STOP_SEED_216,A7_Extended_Poisson_Quiescence,216,LEBRE_ORACLE_HARM_STOP,PREREGISTERED
DIAG01_A7_Extended_Poisson_Quiescence_LEBRE_FROZEN_SEED_217,A7_Extended_Poisson_Quiescence,217,LEBRE_FROZEN,PREREGISTERED
DIAG01_A7_Extended_Poisson_Quiescence_LEBRE_NO_REC_BIRTH_SEED_217,A7_Extended_Poisson_Quiescence,217,LEBRE_NO_REC_BIRTH,PREREGISTERED
DIAG01_A7_Extended_Poisson_Quiescence_LEBRE_SHADOW_ONLY_SEED_217,A7_Extended_Poisson_Quiescence,217,LEBRE_SHADOW_ONLY,PREREGISTERED
DIAG01_A7_Extended_Poisson_Quiescence_LEBRE_ORACLE_HARM_STOP_SEED_217,A7_Extended_Poisson_Quiescence,217,LEBRE_ORACLE_HARM_STOP,PREREGISTERED
DIAG01_A7_Extended_Poisson_Quiescence_LEBRE_FROZEN_SEED_218,A7_Extended_Poisson_Quiescence,218,LEBRE_FROZEN,PREREGISTERED
DIAG01_A7_Extended_Poisson_Quiescence_LEBRE_NO_REC_BIRTH_SEED_218,A7_Extended_Poisson_Quiescence,218,LEBRE_NO_REC_BIRTH,PREREGISTERED
DIAG01_A7_Extended_Poisson_Quiescence_LEBRE_SHADOW_ONLY_SEED_218,A7_Extended_Poisson_Quiescence,218,LEBRE_SHADOW_ONLY,PREREGISTERED
DIAG01_A7_Extended_Poisson_Quiescence_LEBRE_ORACLE_HARM_STOP_SEED_218,A7_Extended_Poisson_Quiescence,218,LEBRE_ORACLE_HARM_STOP,PREREGISTERED
DIAG01_A7_Extended_Poisson_Quiescence_LEBRE_FROZEN_SEED_219,A7_Extended_Poisson_Quiescence,219,LEBRE_FROZEN,PREREGISTERED
DIAG01_A7_Extended_Poisson_Quiescence_LEBRE_NO_REC_BIRTH_SEED_219,A7_Extended_Poisson_Quiescence,219,LEBRE_NO_REC_BIRTH,PREREGISTERED
DIAG01_A7_Extended_Poisson_Quiescence_LEBRE_SHADOW_ONLY_SEED_219,A7_Extended_Poisson_Quiescence,219,LEBRE_SHADOW_ONLY,PREREGISTERED
DIAG01_A7_Extended_Poisson_Quiescence_LEBRE_ORACLE_HARM_STOP_SEED_219,A7_Extended_Poisson_Quiescence,219,LEBRE_ORACLE_HARM_STOP,PREREGISTERED
DIAG01_A7_Extended_Poisson_Quiescence_LEBRE_FROZEN_SEED_220,A7_Extended_Poisson_Quiescence,220,LEBRE_FROZEN,PREREGISTERED
DIAG01_A7_Extended_Poisson_Quiescence_LEBRE_NO_REC_BIRTH_SEED_220,A7_Extended_Poisson_Quiescence,220,LEBRE_NO_REC_BIRTH,PREREGISTERED
DIAG01_A7_Extended_Poisson_Quiescence_LEBRE_SHADOW_ONLY_SEED_220,A7_Extended_Poisson_Quiescence,220,LEBRE_SHADOW_ONLY,PREREGISTERED
DIAG01_A7_Extended_Poisson_Quiescence_LEBRE_ORACLE_HARM_STOP_SEED_220,A7_Extended_Poisson_Quiescence,220,LEBRE_ORACLE_HARM_STOP,PREREGISTERED
DIAG01_A7_Extended_Poisson_Quiescence_LEBRE_FROZEN_SEED_221,A7_Extended_Poisson_Quiescence,221,LEBRE_FROZEN,PREREGISTERED
DIAG01_A7_Extended_Poisson_Quiescence_LEBRE_NO_REC_BIRTH_SEED_221,A7_Extended_Poisson_Quiescence,221,LEBRE_NO_REC_BIRTH,PREREGISTERED
DIAG01_A7_Extended_Poisson_Quiescence_LEBRE_SHADOW_ONLY_SEED_221,A7_Extended_Poisson_Quiescence,221,LEBRE_SHADOW_ONLY,PREREGISTERED
DIAG01_A7_Extended_Poisson_Quiescence_LEBRE_ORACLE_HARM_STOP_SEED_221,A7_Extended_Poisson_Quiescence,221,LEBRE_ORACLE_HARM_STOP,PREREGISTERED
DIAG01_A7_Extended_Poisson_Quiescence_LEBRE_FROZEN_SEED_222,A7_Extended_Poisson_Quiescence,222,LEBRE_FROZEN,PREREGISTERED
DIAG01_A7_Extended_Poisson_Quiescence_LEBRE_NO_REC_BIRTH_SEED_222,A7_Extended_Poisson_Quiescence,222,LEBRE_NO_REC_BIRTH,PREREGISTERED
DIAG01_A7_Extended_Poisson_Quiescence_LEBRE_SHADOW_ONLY_SEED_222,A7_Extended_Poisson_Quiescence,222,LEBRE_SHADOW_ONLY,PREREGISTERED
DIAG01_A7_Extended_Poisson_Quiescence_LEBRE_ORACLE_HARM_STOP_SEED_222,A7_Extended_Poisson_Quiescence,222,LEBRE_ORACLE_HARM_STOP,PREREGISTERED
DIAG01_A7_Extended_Poisson_Quiescence_LEBRE_FROZEN_SEED_223,A7_Extended_Poisson_Quiescence,223,LEBRE_FROZEN,PREREGISTERED
DIAG01_A7_Extended_Poisson_Quiescence_LEBRE_NO_REC_BIRTH_SEED_223,A7_Extended_Poisson_Quiescence,223,LEBRE_NO_REC_BIRTH,PREREGISTERED
DIAG01_A7_Extended_Poisson_Quiescence_LEBRE_SHADOW_ONLY_SEED_223,A7_Extended_Poisson_Quiescence,223,LEBRE_SHADOW_ONLY,PREREGISTERED
DIAG01_A7_Extended_Poisson_Quiescence_LEBRE_ORACLE_HARM_STOP_SEED_223,A7_Extended_Poisson_Quiescence,223,LEBRE_ORACLE_HARM_STOP,PREREGISTERED
DIAG01_A7_Extended_Poisson_Quiescence_LEBRE_FROZEN_SEED_224,A7_Extended_Poisson_Quiescence,224,LEBRE_FROZEN,PREREGISTERED
DIAG01_A7_Extended_Poisson_Quiescence_LEBRE_NO_REC_BIRTH_SEED_224,A7_Extended_Poisson_Quiescence,224,LEBRE_NO_REC_BIRTH,PREREGISTERED
DIAG01_A7_Extended_Poisson_Quiescence_LEBRE_SHADOW_ONLY_SEED_224,A7_Extended_Poisson_Quiescence,224,LEBRE_SHADOW_ONLY,PREREGISTERED
DIAG01_A7_Extended_Poisson_Quiescence_LEBRE_ORACLE_HARM_STOP_SEED_224,A7_Extended_Poisson_Quiescence,224,LEBRE_ORACLE_HARM_STOP,PREREGISTERED
DIAG01_A7_Extended_Poisson_Quiescence_LEBRE_FROZEN_SEED_225,A7_Extended_Poisson_Quiescence,225,LEBRE_FROZEN,PREREGISTERED
DIAG01_A7_Extended_Poisson_Quiescence_LEBRE_NO_REC_BIRTH_SEED_225,A7_Extended_Poisson_Quiescence,225,LEBRE_NO_REC_BIRTH,PREREGISTERED
DIAG01_A7_Extended_Poisson_Quiescence_LEBRE_SHADOW_ONLY_SEED_225,A7_Extended_Poisson_Quiescence,225,LEBRE_SHADOW_ONLY,PREREGISTERED
DIAG01_A7_Extended_Poisson_Quiescence_LEBRE_ORACLE_HARM_STOP_SEED_225,A7_Extended_Poisson_Quiescence,225,LEBRE_ORACLE_HARM_STOP,PREREGISTERED
DIAG01_A7_Extended_Poisson_Quiescence_LEBRE_FROZEN_SEED_226,A7_Extended_Poisson_Quiescence,226,LEBRE_FROZEN,PREREGISTERED
DIAG01_A7_Extended_Poisson_Quiescence_LEBRE_NO_REC_BIRTH_SEED_226,A7_Extended_Poisson_Quiescence,226,LEBRE_NO_REC_BIRTH,PREREGISTERED
DIAG01_A7_Extended_Poisson_Quiescence_LEBRE_SHADOW_ONLY_SEED_226,A7_Extended_Poisson_Quiescence,226,LEBRE_SHADOW_ONLY,PREREGISTERED
DIAG01_A7_Extended_Poisson_Quiescence_LEBRE_ORACLE_HARM_STOP_SEED_226,A7_Extended_Poisson_Quiescence,226,LEBRE_ORACLE_HARM_STOP,PREREGISTERED
DIAG01_A7_Extended_Poisson_Quiescence_LEBRE_FROZEN_SEED_227,A7_Extended_Poisson_Quiescence,227,LEBRE_FROZEN,PREREGISTERED
DIAG01_A7_Extended_Poisson_Quiescence_LEBRE_NO_REC_BIRTH_SEED_227,A7_Extended_Poisson_Quiescence,227,LEBRE_NO_REC_BIRTH,PREREGISTERED
DIAG01_A7_Extended_Poisson_Quiescence_LEBRE_SHADOW_ONLY_SEED_227,A7_Extended_Poisson_Quiescence,227,LEBRE_SHADOW_ONLY,PREREGISTERED
DIAG01_A7_Extended_Poisson_Quiescence_LEBRE_ORACLE_HARM_STOP_SEED_227,A7_Extended_Poisson_Quiescence,227,LEBRE_ORACLE_HARM_STOP,PREREGISTERED
DIAG01_A7_Extended_Poisson_Quiescence_LEBRE_FROZEN_SEED_228,A7_Extended_Poisson_Quiescence,228,LEBRE_FROZEN,PREREGISTERED
DIAG01_A7_Extended_Poisson_Quiescence_LEBRE_NO_REC_BIRTH_SEED_228,A7_Extended_Poisson_Quiescence,228,LEBRE_NO_REC_BIRTH,PREREGISTERED
DIAG01_A7_Extended_Poisson_Quiescence_LEBRE_SHADOW_ONLY_SEED_228,A7_Extended_Poisson_Quiescence,228,LEBRE_SHADOW_ONLY,PREREGISTERED
DIAG01_A7_Extended_Poisson_Quiescence_LEBRE_ORACLE_HARM_STOP_SEED_228,A7_Extended_Poisson_Quiescence,228,LEBRE_ORACLE_HARM_STOP,PREREGISTERED
DIAG01_A7_Extended_Poisson_Quiescence_LEBRE_FROZEN_SEED_229,A7_Extended_Poisson_Quiescence,229,LEBRE_FROZEN,PREREGISTERED
DIAG01_A7_Extended_Poisson_Quiescence_LEBRE_NO_REC_BIRTH_SEED_229,A7_Extended_Poisson_Quiescence,229,LEBRE_NO_REC_BIRTH,PREREGISTERED
DIAG01_A7_Extended_Poisson_Quiescence_LEBRE_SHADOW_ONLY_SEED_229,A7_Extended_Poisson_Quiescence,229,LEBRE_SHADOW_ONLY,PREREGISTERED
DIAG01_A7_Extended_Poisson_Quiescence_LEBRE_ORACLE_HARM_STOP_SEED_229,A7_Extended_Poisson_Quiescence,229,LEBRE_ORACLE_HARM_STOP,PREREGISTERED
DIAG01_A7_Extended_Poisson_Quiescence_LEBRE_FROZEN_SEED_230,A7_Extended_Poisson_Quiescence,230,LEBRE_FROZEN,PREREGISTERED
DIAG01_A7_Extended_Poisson_Quiescence_LEBRE_NO_REC_BIRTH_SEED_230,A7_Extended_Poisson_Quiescence,230,LEBRE_NO_REC_BIRTH,PREREGISTERED
DIAG01_A7_Extended_Poisson_Quiescence_LEBRE_SHADOW_ONLY_SEED_230,A7_Extended_Poisson_Quiescence,230,LEBRE_SHADOW_ONLY,PREREGISTERED
DIAG01_A7_Extended_Poisson_Quiescence_LEBRE_ORACLE_HARM_STOP_SEED_230,A7_Extended_Poisson_Quiescence,230,LEBRE_ORACLE_HARM_STOP,PREREGISTERED
DIAG01_A8_Abrupt_Tri_Regime_Transition_LEBRE_FROZEN_SEED_201,A8_Abrupt_Tri_Regime_Transition,201,LEBRE_FROZEN,PREREGISTERED
DIAG01_A8_Abrupt_Tri_Regime_Transition_LEBRE_NO_REC_BIRTH_SEED_201,A8_Abrupt_Tri_Regime_Transition,201,LEBRE_NO_REC_BIRTH,PREREGISTERED
DIAG01_A8_Abrupt_Tri_Regime_Transition_LEBRE_SHADOW_ONLY_SEED_201,A8_Abrupt_Tri_Regime_Transition,201,LEBRE_SHADOW_ONLY,PREREGISTERED
DIAG01_A8_Abrupt_Tri_Regime_Transition_LEBRE_ORACLE_HARM_STOP_SEED_201,A8_Abrupt_Tri_Regime_Transition,201,LEBRE_ORACLE_HARM_STOP,PREREGISTERED
DIAG01_A8_Abrupt_Tri_Regime_Transition_LEBRE_FROZEN_SEED_202,A8_Abrupt_Tri_Regime_Transition,202,LEBRE_FROZEN,PREREGISTERED
DIAG01_A8_Abrupt_Tri_Regime_Transition_LEBRE_NO_REC_BIRTH_SEED_202,A8_Abrupt_Tri_Regime_Transition,202,LEBRE_NO_REC_BIRTH,PREREGISTERED
DIAG01_A8_Abrupt_Tri_Regime_Transition_LEBRE_SHADOW_ONLY_SEED_202,A8_Abrupt_Tri_Regime_Transition,202,LEBRE_SHADOW_ONLY,PREREGISTERED
DIAG01_A8_Abrupt_Tri_Regime_Transition_LEBRE_ORACLE_HARM_STOP_SEED_202,A8_Abrupt_Tri_Regime_Transition,202,LEBRE_ORACLE_HARM_STOP,PREREGISTERED
DIAG01_A8_Abrupt_Tri_Regime_Transition_LEBRE_FROZEN_SEED_203,A8_Abrupt_Tri_Regime_Transition,203,LEBRE_FROZEN,PREREGISTERED
DIAG01_A8_Abrupt_Tri_Regime_Transition_LEBRE_NO_REC_BIRTH_SEED_203,A8_Abrupt_Tri_Regime_Transition,203,LEBRE_NO_REC_BIRTH,PREREGISTERED
DIAG01_A8_Abrupt_Tri_Regime_Transition_LEBRE_SHADOW_ONLY_SEED_203,A8_Abrupt_Tri_Regime_Transition,203,LEBRE_SHADOW_ONLY,PREREGISTERED
DIAG01_A8_Abrupt_Tri_Regime_Transition_LEBRE_ORACLE_HARM_STOP_SEED_203,A8_Abrupt_Tri_Regime_Transition,203,LEBRE_ORACLE_HARM_STOP,PREREGISTERED
DIAG01_A8_Abrupt_Tri_Regime_Transition_LEBRE_FROZEN_SEED_204,A8_Abrupt_Tri_Regime_Transition,204,LEBRE_FROZEN,PREREGISTERED
DIAG01_A8_Abrupt_Tri_Regime_Transition_LEBRE_NO_REC_BIRTH_SEED_204,A8_Abrupt_Tri_Regime_Transition,204,LEBRE_NO_REC_BIRTH,PREREGISTERED
DIAG01_A8_Abrupt_Tri_Regime_Transition_LEBRE_SHADOW_ONLY_SEED_204,A8_Abrupt_Tri_Regime_Transition,204,LEBRE_SHADOW_ONLY,PREREGISTERED
DIAG01_A8_Abrupt_Tri_Regime_Transition_LEBRE_ORACLE_HARM_STOP_SEED_204,A8_Abrupt_Tri_Regime_Transition,204,LEBRE_ORACLE_HARM_STOP,PREREGISTERED
DIAG01_A8_Abrupt_Tri_Regime_Transition_LEBRE_FROZEN_SEED_205,A8_Abrupt_Tri_Regime_Transition,205,LEBRE_FROZEN,PREREGISTERED
DIAG01_A8_Abrupt_Tri_Regime_Transition_LEBRE_NO_REC_BIRTH_SEED_205,A8_Abrupt_Tri_Regime_Transition,205,LEBRE_NO_REC_BIRTH,PREREGISTERED
DIAG01_A8_Abrupt_Tri_Regime_Transition_LEBRE_SHADOW_ONLY_SEED_205,A8_Abrupt_Tri_Regime_Transition,205,LEBRE_SHADOW_ONLY,PREREGISTERED
DIAG01_A8_Abrupt_Tri_Regime_Transition_LEBRE_ORACLE_HARM_STOP_SEED_205,A8_Abrupt_Tri_Regime_Transition,205,LEBRE_ORACLE_HARM_STOP,PREREGISTERED
DIAG01_A8_Abrupt_Tri_Regime_Transition_LEBRE_FROZEN_SEED_206,A8_Abrupt_Tri_Regime_Transition,206,LEBRE_FROZEN,PREREGISTERED
DIAG01_A8_Abrupt_Tri_Regime_Transition_LEBRE_NO_REC_BIRTH_SEED_206,A8_Abrupt_Tri_Regime_Transition,206,LEBRE_NO_REC_BIRTH,PREREGISTERED
DIAG01_A8_Abrupt_Tri_Regime_Transition_LEBRE_SHADOW_ONLY_SEED_206,A8_Abrupt_Tri_Regime_Transition,206,LEBRE_SHADOW_ONLY,PREREGISTERED
DIAG01_A8_Abrupt_Tri_Regime_Transition_LEBRE_ORACLE_HARM_STOP_SEED_206,A8_Abrupt_Tri_Regime_Transition,206,LEBRE_ORACLE_HARM_STOP,PREREGISTERED
DIAG01_A8_Abrupt_Tri_Regime_Transition_LEBRE_FROZEN_SEED_207,A8_Abrupt_Tri_Regime_Transition,207,LEBRE_FROZEN,PREREGISTERED
DIAG01_A8_Abrupt_Tri_Regime_Transition_LEBRE_NO_REC_BIRTH_SEED_207,A8_Abrupt_Tri_Regime_Transition,207,LEBRE_NO_REC_BIRTH,PREREGISTERED
DIAG01_A8_Abrupt_Tri_Regime_Transition_LEBRE_SHADOW_ONLY_SEED_207,A8_Abrupt_Tri_Regime_Transition,207,LEBRE_SHADOW_ONLY,PREREGISTERED
DIAG01_A8_Abrupt_Tri_Regime_Transition_LEBRE_ORACLE_HARM_STOP_SEED_207,A8_Abrupt_Tri_Regime_Transition,207,LEBRE_ORACLE_HARM_STOP,PREREGISTERED
DIAG01_A8_Abrupt_Tri_Regime_Transition_LEBRE_FROZEN_SEED_208,A8_Abrupt_Tri_Regime_Transition,208,LEBRE_FROZEN,PREREGISTERED
DIAG01_A8_Abrupt_Tri_Regime_Transition_LEBRE_NO_REC_BIRTH_SEED_208,A8_Abrupt_Tri_Regime_Transition,208,LEBRE_NO_REC_BIRTH,PREREGISTERED
DIAG01_A8_Abrupt_Tri_Regime_Transition_LEBRE_SHADOW_ONLY_SEED_208,A8_Abrupt_Tri_Regime_Transition,208,LEBRE_SHADOW_ONLY,PREREGISTERED
DIAG01_A8_Abrupt_Tri_Regime_Transition_LEBRE_ORACLE_HARM_STOP_SEED_208,A8_Abrupt_Tri_Regime_Transition,208,LEBRE_ORACLE_HARM_STOP,PREREGISTERED
DIAG01_A8_Abrupt_Tri_Regime_Transition_LEBRE_FROZEN_SEED_209,A8_Abrupt_Tri_Regime_Transition,209,LEBRE_FROZEN,PREREGISTERED
DIAG01_A8_Abrupt_Tri_Regime_Transition_LEBRE_NO_REC_BIRTH_SEED_209,A8_Abrupt_Tri_Regime_Transition,209,LEBRE_NO_REC_BIRTH,PREREGISTERED
DIAG01_A8_Abrupt_Tri_Regime_Transition_LEBRE_SHADOW_ONLY_SEED_209,A8_Abrupt_Tri_Regime_Transition,209,LEBRE_SHADOW_ONLY,PREREGISTERED
DIAG01_A8_Abrupt_Tri_Regime_Transition_LEBRE_ORACLE_HARM_STOP_SEED_209,A8_Abrupt_Tri_Regime_Transition,209,LEBRE_ORACLE_HARM_STOP,PREREGISTERED
DIAG01_A8_Abrupt_Tri_Regime_Transition_LEBRE_FROZEN_SEED_210,A8_Abrupt_Tri_Regime_Transition,210,LEBRE_FROZEN,PREREGISTERED
DIAG01_A8_Abrupt_Tri_Regime_Transition_LEBRE_NO_REC_BIRTH_SEED_210,A8_Abrupt_Tri_Regime_Transition,210,LEBRE_NO_REC_BIRTH,PREREGISTERED
DIAG01_A8_Abrupt_Tri_Regime_Transition_LEBRE_SHADOW_ONLY_SEED_210,A8_Abrupt_Tri_Regime_Transition,210,LEBRE_SHADOW_ONLY,PREREGISTERED
DIAG01_A8_Abrupt_Tri_Regime_Transition_LEBRE_ORACLE_HARM_STOP_SEED_210,A8_Abrupt_Tri_Regime_Transition,210,LEBRE_ORACLE_HARM_STOP,PREREGISTERED
DIAG01_A8_Abrupt_Tri_Regime_Transition_LEBRE_FROZEN_SEED_211,A8_Abrupt_Tri_Regime_Transition,211,LEBRE_FROZEN,PREREGISTERED
DIAG01_A8_Abrupt_Tri_Regime_Transition_LEBRE_NO_REC_BIRTH_SEED_211,A8_Abrupt_Tri_Regime_Transition,211,LEBRE_NO_REC_BIRTH,PREREGISTERED
DIAG01_A8_Abrupt_Tri_Regime_Transition_LEBRE_SHADOW_ONLY_SEED_211,A8_Abrupt_Tri_Regime_Transition,211,LEBRE_SHADOW_ONLY,PREREGISTERED
DIAG01_A8_Abrupt_Tri_Regime_Transition_LEBRE_ORACLE_HARM_STOP_SEED_211,A8_Abrupt_Tri_Regime_Transition,211,LEBRE_ORACLE_HARM_STOP,PREREGISTERED
DIAG01_A8_Abrupt_Tri_Regime_Transition_LEBRE_FROZEN_SEED_212,A8_Abrupt_Tri_Regime_Transition,212,LEBRE_FROZEN,PREREGISTERED
DIAG01_A8_Abrupt_Tri_Regime_Transition_LEBRE_NO_REC_BIRTH_SEED_212,A8_Abrupt_Tri_Regime_Transition,212,LEBRE_NO_REC_BIRTH,PREREGISTERED
DIAG01_A8_Abrupt_Tri_Regime_Transition_LEBRE_SHADOW_ONLY_SEED_212,A8_Abrupt_Tri_Regime_Transition,212,LEBRE_SHADOW_ONLY,PREREGISTERED
DIAG01_A8_Abrupt_Tri_Regime_Transition_LEBRE_ORACLE_HARM_STOP_SEED_212,A8_Abrupt_Tri_Regime_Transition,212,LEBRE_ORACLE_HARM_STOP,PREREGISTERED
DIAG01_A8_Abrupt_Tri_Regime_Transition_LEBRE_FROZEN_SEED_213,A8_Abrupt_Tri_Regime_Transition,213,LEBRE_FROZEN,PREREGISTERED
DIAG01_A8_Abrupt_Tri_Regime_Transition_LEBRE_NO_REC_BIRTH_SEED_213,A8_Abrupt_Tri_Regime_Transition,213,LEBRE_NO_REC_BIRTH,PREREGISTERED
DIAG01_A8_Abrupt_Tri_Regime_Transition_LEBRE_SHADOW_ONLY_SEED_213,A8_Abrupt_Tri_Regime_Transition,213,LEBRE_SHADOW_ONLY,PREREGISTERED
DIAG01_A8_Abrupt_Tri_Regime_Transition_LEBRE_ORACLE_HARM_STOP_SEED_213,A8_Abrupt_Tri_Regime_Transition,213,LEBRE_ORACLE_HARM_STOP,PREREGISTERED
DIAG01_A8_Abrupt_Tri_Regime_Transition_LEBRE_FROZEN_SEED_214,A8_Abrupt_Tri_Regime_Transition,214,LEBRE_FROZEN,PREREGISTERED
DIAG01_A8_Abrupt_Tri_Regime_Transition_LEBRE_NO_REC_BIRTH_SEED_214,A8_Abrupt_Tri_Regime_Transition,214,LEBRE_NO_REC_BIRTH,PREREGISTERED
DIAG01_A8_Abrupt_Tri_Regime_Transition_LEBRE_SHADOW_ONLY_SEED_214,A8_Abrupt_Tri_Regime_Transition,214,LEBRE_SHADOW_ONLY,PREREGISTERED
DIAG01_A8_Abrupt_Tri_Regime_Transition_LEBRE_ORACLE_HARM_STOP_SEED_214,A8_Abrupt_Tri_Regime_Transition,214,LEBRE_ORACLE_HARM_STOP,PREREGISTERED
DIAG01_A8_Abrupt_Tri_Regime_Transition_LEBRE_FROZEN_SEED_215,A8_Abrupt_Tri_Regime_Transition,215,LEBRE_FROZEN,PREREGISTERED
DIAG01_A8_Abrupt_Tri_Regime_Transition_LEBRE_NO_REC_BIRTH_SEED_215,A8_Abrupt_Tri_Regime_Transition,215,LEBRE_NO_REC_BIRTH,PREREGISTERED
DIAG01_A8_Abrupt_Tri_Regime_Transition_LEBRE_SHADOW_ONLY_SEED_215,A8_Abrupt_Tri_Regime_Transition,215,LEBRE_SHADOW_ONLY,PREREGISTERED
DIAG01_A8_Abrupt_Tri_Regime_Transition_LEBRE_ORACLE_HARM_STOP_SEED_215,A8_Abrupt_Tri_Regime_Transition,215,LEBRE_ORACLE_HARM_STOP,PREREGISTERED
DIAG01_A8_Abrupt_Tri_Regime_Transition_LEBRE_FROZEN_SEED_216,A8_Abrupt_Tri_Regime_Transition,216,LEBRE_FROZEN,PREREGISTERED
DIAG01_A8_Abrupt_Tri_Regime_Transition_LEBRE_NO_REC_BIRTH_SEED_216,A8_Abrupt_Tri_Regime_Transition,216,LEBRE_NO_REC_BIRTH,PREREGISTERED
DIAG01_A8_Abrupt_Tri_Regime_Transition_LEBRE_SHADOW_ONLY_SEED_216,A8_Abrupt_Tri_Regime_Transition,216,LEBRE_SHADOW_ONLY,PREREGISTERED
DIAG01_A8_Abrupt_Tri_Regime_Transition_LEBRE_ORACLE_HARM_STOP_SEED_216,A8_Abrupt_Tri_Regime_Transition,216,LEBRE_ORACLE_HARM_STOP,PREREGISTERED
DIAG01_A8_Abrupt_Tri_Regime_Transition_LEBRE_FROZEN_SEED_217,A8_Abrupt_Tri_Regime_Transition,217,LEBRE_FROZEN,PREREGISTERED
DIAG01_A8_Abrupt_Tri_Regime_Transition_LEBRE_NO_REC_BIRTH_SEED_217,A8_Abrupt_Tri_Regime_Transition,217,LEBRE_NO_REC_BIRTH,PREREGISTERED
DIAG01_A8_Abrupt_Tri_Regime_Transition_LEBRE_SHADOW_ONLY_SEED_217,A8_Abrupt_Tri_Regime_Transition,217,LEBRE_SHADOW_ONLY,PREREGISTERED
DIAG01_A8_Abrupt_Tri_Regime_Transition_LEBRE_ORACLE_HARM_STOP_SEED_217,A8_Abrupt_Tri_Regime_Transition,217,LEBRE_ORACLE_HARM_STOP,PREREGISTERED
DIAG01_A8_Abrupt_Tri_Regime_Transition_LEBRE_FROZEN_SEED_218,A8_Abrupt_Tri_Regime_Transition,218,LEBRE_FROZEN,PREREGISTERED
DIAG01_A8_Abrupt_Tri_Regime_Transition_LEBRE_NO_REC_BIRTH_SEED_218,A8_Abrupt_Tri_Regime_Transition,218,LEBRE_NO_REC_BIRTH,PREREGISTERED
DIAG01_A8_Abrupt_Tri_Regime_Transition_LEBRE_SHADOW_ONLY_SEED_218,A8_Abrupt_Tri_Regime_Transition,218,LEBRE_SHADOW_ONLY,PREREGISTERED
DIAG01_A8_Abrupt_Tri_Regime_Transition_LEBRE_ORACLE_HARM_STOP_SEED_218,A8_Abrupt_Tri_Regime_Transition,218,LEBRE_ORACLE_HARM_STOP,PREREGISTERED
DIAG01_A8_Abrupt_Tri_Regime_Transition_LEBRE_FROZEN_SEED_219,A8_Abrupt_Tri_Regime_Transition,219,LEBRE_FROZEN,PREREGISTERED
DIAG01_A8_Abrupt_Tri_Regime_Transition_LEBRE_NO_REC_BIRTH_SEED_219,A8_Abrupt_Tri_Regime_Transition,219,LEBRE_NO_REC_BIRTH,PREREGISTERED
DIAG01_A8_Abrupt_Tri_Regime_Transition_LEBRE_SHADOW_ONLY_SEED_219,A8_Abrupt_Tri_Regime_Transition,219,LEBRE_SHADOW_ONLY,PREREGISTERED
DIAG01_A8_Abrupt_Tri_Regime_Transition_LEBRE_ORACLE_HARM_STOP_SEED_219,A8_Abrupt_Tri_Regime_Transition,219,LEBRE_ORACLE_HARM_STOP,PREREGISTERED
DIAG01_A8_Abrupt_Tri_Regime_Transition_LEBRE_FROZEN_SEED_220,A8_Abrupt_Tri_Regime_Transition,220,LEBRE_FROZEN,PREREGISTERED
DIAG01_A8_Abrupt_Tri_Regime_Transition_LEBRE_NO_REC_BIRTH_SEED_220,A8_Abrupt_Tri_Regime_Transition,220,LEBRE_NO_REC_BIRTH,PREREGISTERED
DIAG01_A8_Abrupt_Tri_Regime_Transition_LEBRE_SHADOW_ONLY_SEED_220,A8_Abrupt_Tri_Regime_Transition,220,LEBRE_SHADOW_ONLY,PREREGISTERED
DIAG01_A8_Abrupt_Tri_Regime_Transition_LEBRE_ORACLE_HARM_STOP_SEED_220,A8_Abrupt_Tri_Regime_Transition,220,LEBRE_ORACLE_HARM_STOP,PREREGISTERED
DIAG01_A8_Abrupt_Tri_Regime_Transition_LEBRE_FROZEN_SEED_221,A8_Abrupt_Tri_Regime_Transition,221,LEBRE_FROZEN,PREREGISTERED
DIAG01_A8_Abrupt_Tri_Regime_Transition_LEBRE_NO_REC_BIRTH_SEED_221,A8_Abrupt_Tri_Regime_Transition,221,LEBRE_NO_REC_BIRTH,PREREGISTERED
DIAG01_A8_Abrupt_Tri_Regime_Transition_LEBRE_SHADOW_ONLY_SEED_221,A8_Abrupt_Tri_Regime_Transition,221,LEBRE_SHADOW_ONLY,PREREGISTERED
DIAG01_A8_Abrupt_Tri_Regime_Transition_LEBRE_ORACLE_HARM_STOP_SEED_221,A8_Abrupt_Tri_Regime_Transition,221,LEBRE_ORACLE_HARM_STOP,PREREGISTERED
DIAG01_A8_Abrupt_Tri_Regime_Transition_LEBRE_FROZEN_SEED_222,A8_Abrupt_Tri_Regime_Transition,222,LEBRE_FROZEN,PREREGISTERED
DIAG01_A8_Abrupt_Tri_Regime_Transition_LEBRE_NO_REC_BIRTH_SEED_222,A8_Abrupt_Tri_Regime_Transition,222,LEBRE_NO_REC_BIRTH,PREREGISTERED
DIAG01_A8_Abrupt_Tri_Regime_Transition_LEBRE_SHADOW_ONLY_SEED_222,A8_Abrupt_Tri_Regime_Transition,222,LEBRE_SHADOW_ONLY,PREREGISTERED
DIAG01_A8_Abrupt_Tri_Regime_Transition_LEBRE_ORACLE_HARM_STOP_SEED_222,A8_Abrupt_Tri_Regime_Transition,222,LEBRE_ORACLE_HARM_STOP,PREREGISTERED
DIAG01_A8_Abrupt_Tri_Regime_Transition_LEBRE_FROZEN_SEED_223,A8_Abrupt_Tri_Regime_Transition,223,LEBRE_FROZEN,PREREGISTERED
DIAG01_A8_Abrupt_Tri_Regime_Transition_LEBRE_NO_REC_BIRTH_SEED_223,A8_Abrupt_Tri_Regime_Transition,223,LEBRE_NO_REC_BIRTH,PREREGISTERED
DIAG01_A8_Abrupt_Tri_Regime_Transition_LEBRE_SHADOW_ONLY_SEED_223,A8_Abrupt_Tri_Regime_Transition,223,LEBRE_SHADOW_ONLY,PREREGISTERED
DIAG01_A8_Abrupt_Tri_Regime_Transition_LEBRE_ORACLE_HARM_STOP_SEED_223,A8_Abrupt_Tri_Regime_Transition,223,LEBRE_ORACLE_HARM_STOP,PREREGISTERED
DIAG01_A8_Abrupt_Tri_Regime_Transition_LEBRE_FROZEN_SEED_224,A8_Abrupt_Tri_Regime_Transition,224,LEBRE_FROZEN,PREREGISTERED
DIAG01_A8_Abrupt_Tri_Regime_Transition_LEBRE_NO_REC_BIRTH_SEED_224,A8_Abrupt_Tri_Regime_Transition,224,LEBRE_NO_REC_BIRTH,PREREGISTERED
DIAG01_A8_Abrupt_Tri_Regime_Transition_LEBRE_SHADOW_ONLY_SEED_224,A8_Abrupt_Tri_Regime_Transition,224,LEBRE_SHADOW_ONLY,PREREGISTERED
DIAG01_A8_Abrupt_Tri_Regime_Transition_LEBRE_ORACLE_HARM_STOP_SEED_224,A8_Abrupt_Tri_Regime_Transition,224,LEBRE_ORACLE_HARM_STOP,PREREGISTERED
DIAG01_A8_Abrupt_Tri_Regime_Transition_LEBRE_FROZEN_SEED_225,A8_Abrupt_Tri_Regime_Transition,225,LEBRE_FROZEN,PREREGISTERED
DIAG01_A8_Abrupt_Tri_Regime_Transition_LEBRE_NO_REC_BIRTH_SEED_225,A8_Abrupt_Tri_Regime_Transition,225,LEBRE_NO_REC_BIRTH,PREREGISTERED
DIAG01_A8_Abrupt_Tri_Regime_Transition_LEBRE_SHADOW_ONLY_SEED_225,A8_Abrupt_Tri_Regime_Transition,225,LEBRE_SHADOW_ONLY,PREREGISTERED
DIAG01_A8_Abrupt_Tri_Regime_Transition_LEBRE_ORACLE_HARM_STOP_SEED_225,A8_Abrupt_Tri_Regime_Transition,225,LEBRE_ORACLE_HARM_STOP,PREREGISTERED
DIAG01_A8_Abrupt_Tri_Regime_Transition_LEBRE_FROZEN_SEED_226,A8_Abrupt_Tri_Regime_Transition,226,LEBRE_FROZEN,PREREGISTERED
DIAG01_A8_Abrupt_Tri_Regime_Transition_LEBRE_NO_REC_BIRTH_SEED_226,A8_Abrupt_Tri_Regime_Transition,226,LEBRE_NO_REC_BIRTH,PREREGISTERED
DIAG01_A8_Abrupt_Tri_Regime_Transition_LEBRE_SHADOW_ONLY_SEED_226,A8_Abrupt_Tri_Regime_Transition,226,LEBRE_SHADOW_ONLY,PREREGISTERED
DIAG01_A8_Abrupt_Tri_Regime_Transition_LEBRE_ORACLE_HARM_STOP_SEED_226,A8_Abrupt_Tri_Regime_Transition,226,LEBRE_ORACLE_HARM_STOP,PREREGISTERED
DIAG01_A8_Abrupt_Tri_Regime_Transition_LEBRE_FROZEN_SEED_227,A8_Abrupt_Tri_Regime_Transition,227,LEBRE_FROZEN,PREREGISTERED
DIAG01_A8_Abrupt_Tri_Regime_Transition_LEBRE_NO_REC_BIRTH_SEED_227,A8_Abrupt_Tri_Regime_Transition,227,LEBRE_NO_REC_BIRTH,PREREGISTERED
DIAG01_A8_Abrupt_Tri_Regime_Transition_LEBRE_SHADOW_ONLY_SEED_227,A8_Abrupt_Tri_Regime_Transition,227,LEBRE_SHADOW_ONLY,PREREGISTERED
DIAG01_A8_Abrupt_Tri_Regime_Transition_LEBRE_ORACLE_HARM_STOP_SEED_227,A8_Abrupt_Tri_Regime_Transition,227,LEBRE_ORACLE_HARM_STOP,PREREGISTERED
DIAG01_A8_Abrupt_Tri_Regime_Transition_LEBRE_FROZEN_SEED_228,A8_Abrupt_Tri_Regime_Transition,228,LEBRE_FROZEN,PREREGISTERED
DIAG01_A8_Abrupt_Tri_Regime_Transition_LEBRE_NO_REC_BIRTH_SEED_228,A8_Abrupt_Tri_Regime_Transition,228,LEBRE_NO_REC_BIRTH,PREREGISTERED
DIAG01_A8_Abrupt_Tri_Regime_Transition_LEBRE_SHADOW_ONLY_SEED_228,A8_Abrupt_Tri_Regime_Transition,228,LEBRE_SHADOW_ONLY,PREREGISTERED
DIAG01_A8_Abrupt_Tri_Regime_Transition_LEBRE_ORACLE_HARM_STOP_SEED_228,A8_Abrupt_Tri_Regime_Transition,228,LEBRE_ORACLE_HARM_STOP,PREREGISTERED
DIAG01_A8_Abrupt_Tri_Regime_Transition_LEBRE_FROZEN_SEED_229,A8_Abrupt_Tri_Regime_Transition,229,LEBRE_FROZEN,PREREGISTERED
DIAG01_A8_Abrupt_Tri_Regime_Transition_LEBRE_NO_REC_BIRTH_SEED_229,A8_Abrupt_Tri_Regime_Transition,229,LEBRE_NO_REC_BIRTH,PREREGISTERED
DIAG01_A8_Abrupt_Tri_Regime_Transition_LEBRE_SHADOW_ONLY_SEED_229,A8_Abrupt_Tri_Regime_Transition,229,LEBRE_SHADOW_ONLY,PREREGISTERED
DIAG01_A8_Abrupt_Tri_Regime_Transition_LEBRE_ORACLE_HARM_STOP_SEED_229,A8_Abrupt_Tri_Regime_Transition,229,LEBRE_ORACLE_HARM_STOP,PREREGISTERED
DIAG01_A8_Abrupt_Tri_Regime_Transition_LEBRE_FROZEN_SEED_230,A8_Abrupt_Tri_Regime_Transition,230,LEBRE_FROZEN,PREREGISTERED
DIAG01_A8_Abrupt_Tri_Regime_Transition_LEBRE_NO_REC_BIRTH_SEED_230,A8_Abrupt_Tri_Regime_Transition,230,LEBRE_NO_REC_BIRTH,PREREGISTERED
DIAG01_A8_Abrupt_Tri_Regime_Transition_LEBRE_SHADOW_ONLY_SEED_230,A8_Abrupt_Tri_Regime_Transition,230,LEBRE_SHADOW_ONLY,PREREGISTERED
DIAG01_A8_Abrupt_Tri_Regime_Transition_LEBRE_ORACLE_HARM_STOP_SEED_230,A8_Abrupt_Tri_Regime_Transition,230,LEBRE_ORACLE_HARM_STOP,PREREGISTERED
