task,metric,replica,original_code,classification
N1,NMSE,1.0422,1.0691,MATERIAL_MISMATCH
N1,NMSE_S,1.0562,1.0681,MATERIAL_MISMATCH
N1,NMSE_M,1.0485,1.4474,MATERIAL_MISMATCH
N1,FP/step,352,123.5555,MATERIAL_MISMATCH
N1,promotions/seed,0.0,0.0,EXACT_REPRODUCTION
N1,removals/seed,0.0,0.0,EXACT_REPRODUCTION
N1,exact_structure,,,NOT_REPRODUCIBLE
N1,coverage,0.901,0.9009,ROUNDING_MATCH
N2,NMSE,1.218,1.0875,MATERIAL_MISMATCH
N2,NMSE_S,1.0668,1.0849,MATERIAL_MISMATCH
N2,NMSE_M,1.8271,3.8429,MATERIAL_MISMATCH
N2,FP/step,349,118.9427,MATERIAL_MISMATCH
N2,promotions/seed,0.0,0.0,EXACT_REPRODUCTION
N2,removals/seed,0.0,0.0,EXACT_REPRODUCTION
N2,exact_structure,,,NOT_REPRODUCIBLE
N2,coverage,0.901,0.9021,ROUNDING_MATCH
T1,NMSE,0.6561,0.6599,ROUNDING_MATCH
T1,NMSE_S,0.6564,0.6599,ROUNDING_MATCH
T1,NMSE_M,1.0485,1.5195,MATERIAL_MISMATCH
T1,FP/step,370,133.3786,MATERIAL_MISMATCH
T1,promotions/seed,1.9,1.3,MATERIAL_MISMATCH
T1,removals/seed,0.9,0.3,MATERIAL_MISMATCH
T1,exact_structure,,,NOT_REPRODUCIBLE
T1,coverage,0.901,0.9011,ROUNDING_MATCH
B1,NMSE,0.6588,0.697,MATERIAL_MISMATCH
B1,NMSE_S,0.6593,0.6969,MATERIAL_MISMATCH
B1,NMSE_M,1.0487,1.3839,MATERIAL_MISMATCH
B1,FP/step,370,132.448,MATERIAL_MISMATCH
B1,promotions/seed,1.5,1.0,ROUNDING_MATCH
B1,removals/seed,0.6,0.0,MATERIAL_MISMATCH
B1,exact_structure,0.979,0.9263,MATERIAL_MISMATCH
B1,coverage,0.901,0.8992,ROUNDING_MATCH
B2,NMSE,0.5123,0.6108,MATERIAL_MISMATCH
B2,NMSE_S,0.5123,0.6108,MATERIAL_MISMATCH
B2,NMSE_M,1.0486,1.6173,MATERIAL_MISMATCH
B2,FP/step,402,145.4293,MATERIAL_MISMATCH
B2,promotions/seed,5.4,3.3,MATERIAL_MISMATCH
B2,removals/seed,2.6,0.3,MATERIAL_MISMATCH
B2,exact_structure,0.794,0.5737,MATERIAL_MISMATCH
B2,coverage,0.901,0.901,ROUNDING_MATCH
B3,NMSE,0.3048,0.3981,MATERIAL_MISMATCH
B3,NMSE_S,0.3147,0.4005,MATERIAL_MISMATCH
B3,NMSE_M,0.6593,1.1547,MATERIAL_MISMATCH
B3,FP/step,363,147.2601,MATERIAL_MISMATCH
B3,promotions/seed,11.8,4.0,MATERIAL_MISMATCH
B3,removals/seed,7.8,0.9,MATERIAL_MISMATCH
B3,exact_structure,0.066,0.0,MATERIAL_MISMATCH
B3,coverage,0.901,0.8993,ROUNDING_MATCH
B4,NMSE,0.6458,0.7274,MATERIAL_MISMATCH
B4,NMSE_S,0.6458,0.7273,MATERIAL_MISMATCH
B4,NMSE_M,1.1435,17.2692,MATERIAL_MISMATCH
B4,FP/step,391,141.3063,MATERIAL_MISMATCH
B4,promotions/seed,18.9,5.1,MATERIAL_MISMATCH
B4,removals/seed,16.7,3.0,MATERIAL_MISMATCH
B4,exact_structure,0.342,0.2684,MATERIAL_MISMATCH
B4,coverage,0.901,0.9015,ROUNDING_MATCH
A1,all,see report,,NOT_REPRODUCIBLE
A7,all,see report,,NOT_REPRODUCIBLE
A8,all,see report,,NOT_REPRODUCIBLE
B1,H9 NMSE ratio vs dense window,1.028,1.0098,ROUNDING_MATCH
B1,H9 FP ratio vs dense window,0.32,0.1484,MATERIAL_MISMATCH
B2,H9 NMSE ratio vs dense window,1.088,1.081,ROUNDING_MATCH
B2,H9 FP ratio vs dense window,0.348,0.157,MATERIAL_MISMATCH
B3,H9 NMSE ratio vs dense window,1.284,1.0493,MATERIAL_MISMATCH
B3,H9 FP ratio vs dense window,,0.1595,NOT_REPRODUCIBLE
T1,H8 NMSE(V051)/NMSE(S alone),0.968-1.000,0.9987,ROUNDING_MATCH
B1,H8 NMSE(V051)/NMSE(S alone),0.968-1.000,1.0002,ROUNDING_MATCH
B2,H8 NMSE(V051)/NMSE(S alone),0.968-1.000,1.0001,ROUNDING_MATCH
B3,H8 NMSE(V051)/NMSE(S alone),0.968-1.000,1.0196,MATERIAL_MISMATCH
B4,H8 NMSE(V051)/NMSE(S alone),0.968-1.000,1.0001,ROUNDING_MATCH
