operation,role,FP_cost,INT_cost,CAST_cost,bytes_moved,persistent_bytes,dependencies,outputs,consumer,skip_allowed,skip_semantics
7A_history_lookup,SENSOR,0.0,2,0,2.0,0,history_ring_buffer,delayed_input,7B_correlation_innovation,True,HOLD_STATE
7B_correlation_innovation,SENSOR,2.0,0,0,0.0,0,"residual,delayed_input",raw_cross_product,7C_corr_grid_ema_update,True,NO_NEW_EVIDENCE
7C_corr_grid_ema_update,SENSOR,2.0,2,2,4.0,330,"raw_cross_product,corr_grid",updated_corr_cell,7D_candidate_threshold_check,True,HOLD_STATE
7D_candidate_threshold_check,DECISION,0.0,1,0,0.0,0,updated_corr_cell,provisional_admission_flag,candidate_pool,True,HOLD_STATE
8A_candidate_forward_predict,STATE_PROPAGATION,2.0,0,0,2.0,0,"candidate_weights,delayed_input",y_lag_candidate,8B_candidate_counterfactual_loss,True,HOLD_STATE
8B_candidate_counterfactual_loss,EVIDENCE_ACCUMULATION,2.0,0,0,0.0,0,"y_lag_candidate,y_true,y_base",e_cand_and_gain_c,8C_candidate_evidence_ema,True,NO_NEW_EVIDENCE
8C_candidate_evidence_ema,EVIDENCE_ACCUMULATION,4.0,0,0,4.0,12,"gain_c,candidate_evidence",updated_cand_evidence,10D_arbitration_evaluation,True,NO_NEW_EVIDENCE
8D_candidate_parameter_update,PARAMETER_LEARNING,2.0,0,0,8.0,24,"e_cand,delayed_input,candidate_weights",updated_cand_weight,candidate_pool,True,HOLD_STATE
9A_recurrent_state_propagation,STATE_PROPAGATION,12.0,0,0,16.0,16,"hidden_state,current_input,recurrent_weights",next_hidden_state,9B_recurrent_candidate_predict,True,HOLD_STATE
9B_recurrent_candidate_predict,STATE_PROPAGATION,6.0,0,0,8.0,8,"next_hidden_state,output_weight",y_rec_shadow,10A_counterfactual_loss_construction,True,HOLD_STATE
9C_recurrent_sensitivity_rtrl,PARAMETER_LEARNING,8.0,0,0,8.0,16,"hidden_state,current_input,sensitivities",next_sensitivities,9D_recurrent_parameter_update,True,HOLD_STATE
9D_recurrent_parameter_update,PARAMETER_LEARNING,8.0,0,0,16.0,24,"next_sensitivities,e_shadow_rec",updated_rec_weights,recurrent_unit,True,HOLD_STATE
9E_recurrent_evidence_ema,EVIDENCE_ACCUMULATION,6.0,0,0,4.0,8,"y_true,y_base,y_rec_shadow",rec_evidence,10D_arbitration_evaluation,True,NO_NEW_EVIDENCE
10A_counterfactual_loss_construction,EVIDENCE_ACCUMULATION,8.0,0,0,0.0,0,"y_base,y_lag_eval,y_rec_eval,y_true",counterfactual_loss_quadruplet,10B_conditional_gain_computation,True,NO_NEW_EVIDENCE
10B_conditional_gain_computation,EVIDENCE_ACCUMULATION,4.0,0,0,0.0,0,counterfactual_loss_quadruplet,raw_conditional_gains,10C_gain_ema_filtering,True,NO_NEW_EVIDENCE
10C_gain_ema_filtering,EVIDENCE_ACCUMULATION,16.0,0,0,16.0,32,"raw_conditional_gains,gain_emas",filtered_conditional_gains,10D_arbitration_evaluation,True,NO_NEW_EVIDENCE
10D_arbitration_evaluation,DECISION,0.0,6,0,0.0,16,"filtered_conditional_gains,theta_tol",structural_allocation_decision,live_model_topology,True,HOLD_STATE
HK1_multirate_clock_bookkeeping,HOUSEKEEPING,0.0,4,0,0.0,8,stream_step,clocks_and_freshness_metadata,multirate_router,False,HOLD_STATE
