metric,threshold,pass_rate_pct,p_suff_given_pass,p_fail_given_fail,false_pass_rate,false_fail_rate,precision_failure_detect,recall_failure_detect
Energy-Weighted Recall,0.7,83.63636363636363,0.5471014492753623,0.6851851851851852,0.4528985507246377,0.3148148148148148,0.6851851851851852,0.22839506172839505
Energy-Weighted Recall,0.75,74.84848484848486,0.5303643724696356,0.5542168674698795,0.46963562753036436,0.4457831325301205,0.5542168674698795,0.2839506172839506
Energy-Weighted Recall,0.8,63.030303030303024,0.4951923076923077,0.4672131147540984,0.5048076923076923,0.5327868852459017,0.4672131147540984,0.35185185185185186
Energy-Weighted Recall,0.85,47.57575757575758,0.4012738853503185,0.3930635838150289,0.5987261146496815,0.6069364161849711,0.3930635838150289,0.41975308641975306
Energy-Weighted Recall,0.9,31.515151515151512,0.3173076923076923,0.4026548672566372,0.6826923076923077,0.5973451327433629,0.4026548672566372,0.5617283950617284
Energy-Weighted Recall,0.95,15.454545454545453,0.13725490196078433,0.4229390681003584,0.8627450980392157,0.5770609318996416,0.4229390681003584,0.7283950617283951
Full-Support Occupancy,0.5,64.24242424242425,0.5849056603773585,0.6271186440677966,0.41509433962264153,0.3728813559322034,0.6271186440677966,0.4567901234567901
Full-Support Occupancy,0.6,50.0,0.4909090909090909,0.4727272727272727,0.509090909090909,0.5272727272727272,0.4727272727272727,0.48148148148148145
Full-Support Occupancy,0.7,38.484848484848484,0.4015748031496063,0.4236453201970443,0.5984251968503937,0.5763546798029556,0.4236453201970443,0.5308641975308642
Full-Support Occupancy,0.75,29.09090909090909,0.28125,0.3974358974358974,0.71875,0.6025641025641025,0.3974358974358974,0.5740740740740741
Full-Support Occupancy,0.8,25.454545454545453,0.27380952380952384,0.4105691056910569,0.7261904761904762,0.5894308943089431,0.4105691056910569,0.6234567901234568
Full-Support Occupancy,0.9,9.696969696969697,0.09375,0.4463087248322148,0.90625,0.5536912751677853,0.4463087248322148,0.8209876543209876
