seed,mse,dense_mse,oracle_mse,dense_mse_ratio,oracle_mse_ratio,compute_pct,occupancy_pct,raw_recall,energy_weighted_recall,omitted_energy,t_evidence,t_post,pass_pred_sufficient
2026,0.012096223947737683,0.028740684892746494,0.013096443624686274,0.42087458920613613,0.9236266191332113,23.71046511627907,58.199999999999996,0.7988,0.8411803713527852,1.1975000000000002,50.2,937.4,True
2027,0.017038686626938332,0.036026624946727336,0.019516337368400485,0.47294706767934774,0.8730473502946411,23.71594684385382,53.400000000000006,0.7968,0.8333952254641911,1.2562000000000004,175.8,819.4,True
2028,0.013556512496223683,0.03411633208713206,0.015025194576347451,0.39736137113452785,0.9022520425502005,23.757308970099665,70.5,0.861,0.8812758620689655,0.8951799999999999,88.4,904.0,True
2029,0.01411416977858788,0.025607558697298333,0.017242397579359768,0.5511720170371791,0.8185735025321204,23.65282392026578,85.2,0.9282,0.9313289124668436,0.5177800000000001,30.8,961.8,True
2030,0.012148494265065986,0.030929943202369126,0.014068943007741041,0.3927745416660013,0.8634972974431425,23.67408637873754,85.5,0.9476,0.9604748010610079,0.2980200000000001,17.2,971.8,True
2031,0.015856258732676223,0.02519684689191198,0.01686374292276932,0.6292953559108214,0.9402573797105981,23.824916943521597,42.699999999999996,0.6494000000000001,0.6786007957559682,2.4233500000000006,116.6,878.6,True
2032,0.014462514028559937,0.025840667222426044,0.01607956141333114,0.5596803636714349,0.8994346087430872,23.717940199335548,61.199999999999996,0.8452000000000001,0.8621923076923077,1.03907,138.4,855.6,True
2033,0.01455604686249313,0.022144947333129418,0.016207950059934542,0.6573078112819399,0.8980806831627118,23.815614617940202,50.6,0.7396,0.7725835543766578,1.7147200000000005,142.2,840.6,True
2034,0.015410776310046557,0.02644822084633737,0.01872434502292767,0.5826772394098747,0.8230341991229226,23.771594684385384,68.10000000000001,0.7694,0.7824549071618037,1.6402900000000002,156.0,834.4,True
2035,0.015600854290509926,0.028005050054948338,0.01679395438965755,0.5570728943494011,0.9289565714265375,23.688870431893687,66.10000000000001,0.7982,0.8046445623342174,1.4729800000000002,90.6,901.4,True
2036,0.014135940280864472,0.038665532484452585,0.014578412309910225,0.3655953861891993,0.9696488191142072,23.72641196013289,60.0,0.8196,0.8479880636604774,1.1461700000000004,50.2,938.6,True
2037,0.015310630529319304,0.02522892380220437,0.015218262513661575,0.6068681585213532,1.006069550684568,23.613289036544852,91.5,0.9696,0.9755198938992042,0.18458000000000005,20.0,968.6,True
2038,0.016552331497268175,0.02886852570699401,0.01692422880804291,0.5733694773771569,0.9780257455159198,23.77906976744186,38.800000000000004,0.7388000000000001,0.8076909814323607,1.4500100000000002,154.4,837.4,True
2039,0.013637885704884943,0.04054835359998348,0.016051543798552965,0.3363363612595728,0.8496307816893219,23.742524916943523,70.5,0.7872,0.7846644562334217,1.6236300000000004,111.6,873.6,True
2040,0.015200237216368295,0.028430355624437506,0.01617360183309582,0.5346481562581239,0.9398176963441908,23.730730897009966,77.5,0.9132,0.92918700265252,0.5339299999999999,76.8,912.2,True
2041,0.015344774026449435,0.03137666168194858,0.017546899580212362,0.4890505619110363,0.8745005894804194,23.717275747508307,72.1,0.9047999999999999,0.9281445623342175,0.5417900000000003,75.4,912.8,True
2042,0.03872467190988828,0.0288626035568391,0.015829763619480196,1.3416901851431322,2.4463202888407936,23.877740863787373,21.7,0.4758,0.520868700265252,3.6126500000000004,113.6,874.6,False
2043,0.014744090353173415,0.029621422333752877,0.015228303482460999,0.49775092455208975,0.9682030812003931,23.782392026578073,51.300000000000004,0.7843999999999999,0.8358806366047745,1.23746,77.0,914.4,True
2044,0.015164778659249296,0.042981850574101595,0.01631591158231295,0.35281818853064284,0.9294472198346843,23.661960132890368,71.89999999999999,0.9011999999999999,0.9372705570291777,0.47297999999999996,92.4,900.2,True
2045,0.014971701103876562,0.02753488635403206,0.01564269586416831,0.5437357144451838,0.9571049155389671,23.76578073089701,71.2,0.83,0.8584177718832892,1.06753,107.8,876.6,True
2046,0.015942253232161842,0.030899517725316263,0.017126772535563967,0.5159385778730199,0.9308381482300617,23.748172757475082,55.800000000000004,0.7686,0.8171816976127321,1.3784500000000002,190.4,800.4,True
2047,0.014947872468321547,0.029221019396083424,0.015227207507905934,0.5115452088001096,0.9816555307702114,23.756146179401995,57.3,0.744,0.7555291777188329,1.84331,104.4,880.0,True
2048,0.01670666248315107,0.034750943927550314,0.018273968668043167,0.4807542067916647,0.9142328514750633,23.76229235880399,72.89999999999999,0.8482000000000001,0.8650026525198939,1.01788,61.6,926.8,True
2049,0.014874669668354747,0.033865798782663645,0.015502302244056954,0.43922394282839977,0.9595135892836292,23.74003322259136,51.0,0.6835999999999999,0.7255702917771882,2.069200000000001,120.0,869.6,True
2050,0.01308040277629614,0.023416463016948712,0.014838527234364992,0.5585985708784719,0.8815162427981964,23.66578073089701,86.7,0.9322,0.9507519893899204,0.37133000000000016,34.6,954.4,True
2051,0.01579192989115792,0.03209783850279544,0.016409348262826976,0.49199356180269216,0.9623739857439843,23.81644518272425,64.3,0.86,0.8985106100795756,0.7652300000000003,64.4,921.4,True
2052,0.016397604428306775,0.04298384000942253,0.017331797189693,0.3814830044200853,0.9460994869048099,23.729568106312293,57.9,0.7614,0.7688819628647214,1.7426300000000001,153.4,836.2,True
2053,0.013188385095260168,0.02345336214832895,0.01408506054483638,0.5623238583812104,0.936338544891457,23.599003322259136,86.5,0.9192,0.9372718832891246,0.47297000000000017,77.0,918.2,True
2054,0.012697096666245326,0.03507206399684435,0.013279876469662817,0.3620287835750916,0.9561155704460941,23.78654485049834,45.2,0.6103999999999999,0.6557427055702917,2.595700000000001,225.0,763.0,True
2055,0.01304433568616089,0.03843324101547092,0.014352712225862345,0.339402437616698,0.9088411640174967,23.647009966777407,68.2,0.8264,0.8523766578249337,1.11308,109.8,879.6,True
