seed,model,global_mse,regime_1_mse,regime_2_mse,final_recall,mean_r2_recall,full_support_occupancy,stable_acquisition_latency,t_wait_probe,t_evidence,t_post_promotion,mean_n_at_promotion_true,mean_n_at_promotion_noise,early_promotion_precision,early_promotion_recall,promotion_precision,false_promotions_per_100_steps,noise_to_true_displacements,true_survival_50,total_probes,mean_flops,peak_flops,compute_ratio_dense,memory_bytes
42,H0_Fixed_Baseline,1.8492367034143098,1.8936963014367865,0.012517137083640955,1.0,0.8336,0.753,172.4,6.2,128.2,38.0,12.785714285714286,10.685714285714285,0.0,0.0,0.0625,10.5,4,0.8571428571428571,10000,122.763,178.0,0.20392524916943522,3360
42,H1_Lower_Fixed,6.808854157371212,6.874272095295128,6.50201605272137,0.6,0.3226,0.0,887.2,7.0,372.2,508.0,8.098039215686274,5.854312354312355,0.05620915032679739,0.8431372549019608,0.056105610561056105,42.9,40,0.2549019607843137,10000,126.498,172.0,0.2101295681063123,3360
42,H2_Strength_Adaptive,5.143964217848485,5.475174232962587,0.7612284207144961,1.0,0.49679999999999996,0.145,677.8,6.0,221.0,450.8,7.037735849056604,6.0945558739255015,0.07084019769357495,0.8113207547169812,0.07057256990679095,34.9,37,0.41509433962264153,10000,125.582,178.0,0.2086079734219269,3360
42,H3_Strength_Consistency,1.5683010093262648,1.335685052865783,0.01270290048765356,1.0,0.81,0.473,229.0,5.8,144.0,79.2,12.733333333333333,9.438502673796792,0.034482758620689655,0.13333333333333333,0.07425742574257425,9.35,5,0.9333333333333333,10000,122.861,178.0,0.20408803986710963,3360
42,H4_Early_Accept,3.188513091389956,2.116470929240965,0.01270471034959447,1.0,0.5994,0.386,503.2,4.4,257.8,241.0,13.130434782608695,9.891812865497077,0.054945054945054944,0.21739130434782608,0.06301369863013699,17.1,13,0.6086956521739131,10000,123.706,178.0,0.20549169435215947,3360
42,H5_Oracle_Stopping,1.0690167224487597,0.6856429323106822,0.012244016418948457,1.0,0.8667999999999999,0.733,148.4,8.4,89.2,50.8,9.384615384615385,11.776859504132231,1.0,0.5384615384615384,0.09701492537313433,6.05,4,0.7692307692307693,10000,122.295,178.0,0.20314784053156146,3360
42,Dense,1.427423861523808,0.9443335373981281,0.03074056217604869,1.0,1.0,1.0,0.0,0.0,0.0,0.0,0.0,0.0,1.0,0.0,1.0,0.0,0,1.0,0,602.0,602.0,1.0,2400
42,Sparse_Oracle,0.1256386572544503,0.05391145571821597,0.013697273558986083,1.0,1.0,1.0,0.0,0.0,0.0,0.0,0.0,0.0,1.0,0.0,1.0,0.0,0,1.0,0,32.0,32.0,0.053156146179401995,880
123,H0_Fixed_Baseline,2.745195310423922,3.217975636729713,0.011462284954873954,1.0,0.7397999999999999,0.508,326.2,8.8,156.2,161.2,12.2,10.116129032258064,0.0,0.0,0.06060606060606061,15.5,11,0.85,10000,123.71,178.0,0.2054983388704319,3360
123,H1_Lower_Fixed,3.430993486605836,5.651482716659309,0.011914363421488296,1.0,0.8667999999999999,0.683,174.6,7.0,76.8,90.8,6.0,5.366876310272537,0.06682027649769585,0.7837837837837838,0.07198443579766536,23.85,25,0.35135135135135137,10000,124.459,178.0,0.20674252491694353,3360
123,H2_Strength_Adaptive,4.6054883944124505,6.715629984925134,0.012187918464545559,1.0,0.7382000000000001,0.571,315.4,18.8,132.2,164.4,6.795454545454546,6.097682119205298,0.054820415879017016,0.6590909090909091,0.06790123456790123,30.2,38,0.2727272727272727,10000,124.937,174.0,0.20753654485049833,3360
123,H3_Strength_Consistency,4.395679846519115,5.501526130990503,1.3970699360803394,0.8,0.6494000000000001,0.0,350.4,7.6,342.8,0.0,11.296296296296296,8.497907949790795,0.04430379746835443,0.25925925925925924,0.053465346534653464,23.9,18,0.6296296296296297,10000,124.826,178.0,0.20735215946843852,3360
123,H4_Early_Accept,3.3082618939234116,2.7812599060180285,0.011843538819036046,1.0,0.6166,0.432,444.2,6.2,231.2,206.8,14.565217391304348,9.395027624309392,0.03669724770642202,0.17391304347826086,0.05974025974025974,18.1,13,0.6956521739130435,10000,124.008,178.0,0.20599335548172756,3360
123,H5_Oracle_Stopping,1.9534637538211754,0.652295271165093,0.012058387688807501,1.0,0.6666,0.511,411.8,6.8,229.4,175.6,10.2,12.19815668202765,1.0,0.7,0.08438818565400844,10.85,9,0.7,10000,123.04,178.0,0.20438538205980067,3360
123,Dense,1.424753327296957,0.9415608899691963,0.03519962633448262,1.0,1.0,1.0,0.0,0.0,0.0,0.0,0.0,0.0,1.0,0.0,1.0,0.0,0,1.0,0,602.0,602.0,1.0,2400
123,Sparse_Oracle,0.15056489001066684,0.09278584539440621,0.012844380696576497,1.0,1.0,1.0,0.0,0.0,0.0,0.0,0.0,0.0,1.0,0.0,1.0,0.0,0,1.0,0,32.0,32.0,0.053156146179401995,880
456,H0_Fixed_Baseline,3.3924980404723035,5.7349206806221735,0.01517508576690879,1.0,0.8712000000000001,0.676,128.8,6.6,122.2,0.0,12.444444444444445,9.495145631067961,0.0,0.0,0.05504587155963303,15.45,8,0.6111111111111112,10000,123.592,178.0,0.20530232558139536,3360
456,H1_Lower_Fixed,6.281895368458639,7.147982554169605,1.9051339025828153,1.0,0.37820000000000004,0.023,862.2,8.6,193.4,660.2,8.072727272727272,5.687651331719128,0.056833558863328824,0.7636363636363637,0.06242905788876277,41.3,42,0.41818181818181815,10000,126.693,176.0,0.21045348837209302,3360
456,H2_Strength_Adaptive,7.568487688060877,7.764860852886516,4.008759784551335,0.6,0.2378,0.0,915.0,13.0,524.0,378.0,6.755102040816326,5.702341137123746,0.04924242424242424,0.7959183673469388,0.05179704016913319,44.85,44,0.2653061224489796,10000,126.082,172.0,0.20943853820598005,3360
456,H3_Strength_Consistency,2.1207026839514933,3.101057934381806,0.015232838426237958,1.0,0.845,0.674,164.0,8.6,70.8,84.6,12.6,8.254237288135593,0.0,0.0,0.05976095617529881,11.8,5,0.6666666666666666,10000,123.021,178.0,0.20435382059800664,3360
456,H4_Early_Accept,2.709656346246768,3.588977708351445,0.015521411659643634,1.0,0.8018,0.754,208.0,5.2,169.4,33.4,14.0625,9.24,0.04411764705882353,0.1875,0.054982817869415807,13.75,6,0.875,10000,123.301,178.0,0.20481893687707642,3360
456,H5_Oracle_Stopping,1.204953274389436,0.9253415643577693,0.014437735767875177,1.0,0.8372,0.587,230.6,6.0,143.2,81.4,11.166666666666666,12.261538461538462,1.0,0.6666666666666666,0.08450704225352113,6.5,2,0.9166666666666666,10000,122.346,178.0,0.2032325581395349,3360
456,Dense,1.4403092924333232,0.9799756272518991,0.044429784264453834,1.0,1.0,1.0,0.0,0.0,0.0,0.0,0.0,0.0,1.0,0.0,1.0,0.0,0,1.0,0,602.0,602.0,1.0,2400
456,Sparse_Oracle,0.14340035020882252,0.06410380558891286,0.01578587981326264,1.0,1.0,1.0,0.0,0.0,0.0,0.0,0.0,0.0,1.0,0.0,1.0,0.0,0,1.0,0,32.0,32.0,0.053156146179401995,880
789,H0_Fixed_Baseline,2.1670735108049266,2.7567648668993976,0.01494846510852355,1.0,0.8386,0.697,180.0,6.2,93.6,80.2,10.75,10.074074074074074,0.0,0.0,0.06177606177606178,12.15,6,0.75,10000,122.988,178.0,0.20429900332225914,3360
789,H1_Lower_Fixed,5.9404019400606405,7.160371308053805,2.26082230917466,1.0,0.45580000000000004,0.084,855.0,9.6,307.8,537.6,7.163636363636364,5.612745098039215,0.0638002773925104,0.8363636363636363,0.06314580941446613,40.8,42,0.36363636363636365,10000,126.235,178.0,0.20969269102990032,3360
789,H2_Strength_Adaptive,7.47568864430666,6.5600980808184595,6.385098828449436,0.4,0.1652,0.0,956.4,10.2,439.4,506.8,7.042553191489362,5.849099099099099,0.045513654096228866,0.7446808510638298,0.05026737967914439,44.4,42,0.19148936170212766,10000,126.118,170.0,0.20949833887043187,3360
789,H3_Strength_Consistency,1.7646927618863193,1.8894859640920456,0.015064751836344004,1.0,0.8151999999999999,0.666,215.0,4.6,149.2,61.2,16.384615384615383,9.558823529411764,0.016129032258064516,0.07692307692307693,0.059907834101382486,10.2,3,0.8461538461538461,10000,123.003,178.0,0.20432392026578072,3360
789,H4_Early_Accept,1.769356620753499,1.24602526695989,0.013619329087047802,1.0,0.7646000000000001,0.603,287.6,5.2,184.4,98.0,13.8125,10.142857142857142,0.07407407407407407,0.25,0.0730593607305936,10.15,6,0.9375,10000,122.926,178.0,0.20419601328903655,3360
789,H5_Oracle_Stopping,0.9191783714868648,0.7007558929574753,0.013597801404811559,1.0,0.8696,0.511,131.8,5.0,126.8,0.0,12.181818181818182,11.439024390243903,1.0,0.6363636363636364,0.08208955223880597,6.15,2,0.9090909090909091,10000,122.421,178.0,0.20335714285714288,3360
789,Dense,1.4564988002159693,0.9460490913071168,0.03382528200677525,1.0,1.0,1.0,0.0,0.0,0.0,0.0,0.0,0.0,1.0,0.0,1.0,0.0,0,1.0,0,602.0,602.0,1.0,2400
789,Sparse_Oracle,0.14623783425461304,0.06891115413382642,0.0162194570489077,1.0,1.0,1.0,0.0,0.0,0.0,0.0,0.0,0.0,1.0,0.0,1.0,0.0,0,1.0,0,32.0,32.0,0.053156146179401995,880
1024,H0_Fixed_Baseline,2.1229050316574014,2.9131035204880744,0.015021683166889692,1.0,0.8372,0.634,375.2,204.2,146.2,24.8,15.857142857142858,9.84549356223176,0.0,0.0,0.05668016194331984,11.65,5,0.7857142857142857,10000,123.076,178.0,0.2044451827242525,3360
1024,H1_Lower_Fixed,6.696564257859227,7.735325789232705,5.671643653978932,0.6,0.40740000000000004,0.0,973.4,10.8,108.0,854.6,6.910714285714286,5.903935185185185,0.0609597924773022,0.8392857142857143,0.06086956521739131,43.2,47,0.4107142857142857,10000,126.516,172.0,0.21015946843853822,3360
1024,H2_Strength_Adaptive,6.058387007668175,7.3532428404600925,0.016087941159109075,1.0,0.5317999999999999,0.27,632.4,9.0,209.2,414.2,7.938775510204081,5.666666666666667,0.05606060606060606,0.7551020408163265,0.0620253164556962,37.05,42,0.4897959183673469,10000,125.779,172.0,0.20893521594684386,3360
1024,H3_Strength_Consistency,3.072352413835544,4.440922242196198,0.014828808674403378,1.0,0.8206,0.64,215.8,6.4,83.8,125.6,10.318181818181818,8.774193548387096,0.036036036036036036,0.18181818181818182,0.06060606060606061,17.05,12,0.8181818181818182,10000,123.706,178.0,0.20549169435215947,3360
1024,H4_Early_Accept,2.0433427716219215,2.6754718517268463,0.01302309766295933,1.0,0.8362,0.55,378.6,206.2,128.8,43.6,10.9375,9.004784688995215,0.0425531914893617,0.125,0.07111111111111111,10.45,6,0.8125,10000,122.92,178.0,0.20418604651162792,3360
1024,H5_Oracle_Stopping,2.0404083725980153,2.279564354299893,0.016193165466609604,1.0,0.7978,0.5,203.2,8.0,195.2,0.0,10.176470588235293,10.155737704918034,1.0,0.6470588235294118,0.06513409961685823,12.2,8,0.7647058823529411,10000,123.232,178.0,0.20470431893687707,3360
1024,Dense,1.440826929010709,0.9496074562290255,0.025082378945762346,1.0,1.0,1.0,0.0,0.0,0.0,0.0,0.0,0.0,1.0,0.0,1.0,0.0,0,1.0,0,602.0,602.0,1.0,2400
1024,Sparse_Oracle,0.1473485888388655,0.072817049974761,0.015455963317845352,1.0,1.0,1.0,0.0,0.0,0.0,0.0,0.0,0.0,1.0,0.0,1.0,0.0,0,1.0,0,32.0,32.0,0.053156146179401995,880
