,fp,fp,fp,fp,i7_reactivation,i7_reactivation,i7_reactivation,i7_reactivation,nmse,nmse,nmse,nmse,switch_latency,switch_latency,switch_latency,switch_latency
arm,CTRL_ARX,V02_A0,V031,V032,CTRL_ARX,V02_A0,V031,V032,CTRL_ARX,V02_A0,V031,V032,CTRL_ARX,V02_A0,V031,V032
task_id,,,,,,,,,,,,,,,,
I10_Redundant_Temporal_Structure,44.0,133.71602222222222,116.92758333333333,111.83398333333334,,,,,0.1113337970261037,0.3636493047997587,0.18377822124545473,0.14651754523586066,,,,
I11_Regime_Switch_Delay_To_Latent,44.0,111.84573333333334,97.27812777777778,98.11502222222222,,,,,0.2690377435396193,0.228556414821784,0.17582640895380772,0.14154573646551433,132.96666666666667,446.73333333333335,297.3333333333333,281.5
I12_Regime_Switch_Latent_To_Delay,44.0,113.87462222222221,99.69321111111111,98.67816666666667,,,,,0.2708169363010776,0.2210906814636715,0.16722702581194948,0.16488394043838717,3000.0,2044.8333333333333,1271.9666666666667,1435.5333333333333
I13_Regime_Switch_Hybrid_To_Memoryless,44.0,111.51145555555556,94.43640555555557,94.2228,,,,,0.25076338924934605,0.20683627127123957,0.19608618145361514,0.197625257548169,109.46666666666667,118.6,144.16666666666666,142.16666666666666
I14_Intermittent_Hybrid,44.0,113.9419,97.77244999999999,97.21158888888888,,,,,0.2608767052088026,0.2337631181302157,0.2080469768136268,0.21210477421901086,1586.6,1466.9333333333334,1142.3666666666666,1157.1666666666667
I1_Memoryless_Linear,44.0,93.12447777777778,86.6968,86.59404444444445,,,,,0.12313896889471397,0.12398795373393148,0.12219647781703498,0.12219647781703498,,,,
I2_Static_Nonlinear_Negative_Control,44.0,94.92781111111111,86.6968,86.59404444444445,,,,,0.8576804970143177,1.05938639960748,0.8625088802676918,0.8625088802676918,,,,
I3_Single_Exact_Delay,44.0,101.31715555555554,94.52636666666668,95.30769444444445,,,,,0.43973600251792383,0.23140006893547208,0.17275963873419367,0.14280041267935675,,,,
I4_Multi_Sparse_Delay,44.0,107.16507777777778,110.42077222222223,104.50399444444444,,,,,0.6109648367867312,0.5416374082019317,0.1834244171258905,0.2891948487650066,,,,
I5_Moving_Delay_Support,44.0,99.24945555555556,93.10917222222223,93.82857777777778,,,,,0.43508868809424983,0.32720015473427116,0.22268881560183396,0.19453706755026653,,,,
I6_Continuous_Latent_State,44.0,128.138,103.16825,102.23847777777777,,,,,0.1606593588393811,0.14101114589428906,0.1033556971459296,0.09489540768326873,,,,
I7_Quiescent_Continuous_State,44.0,120.55176666666667,96.04734444444445,95.90321666666667,52.3,85.86666666666666,54.46666666666667,54.13333333333333,0.16417826044533845,0.15188414316512297,0.12298815478527682,0.11254065522212972,,,,
I8_Quiescent_Discrete_Delay,44.0,99.53692222222223,86.72835555555555,87.42575555555555,,,,,0.4437202064418694,0.2815089318690095,0.23944457080988896,0.21198683614356437,,,,
I9_Hybrid_Delay_Plus_Latent_State,44.0,127.88036666666667,104.79528333333333,104.25221111111111,,,,,0.3178331654770247,0.21597892089506526,0.16542541364367008,0.16692581346200527,,,,
