task_id,model_id,seed,status,failure_step,fraction_completed,mse,mae,nmse,mean_flops,p95_flops,peak_flops,memory_bytes,active_params,wall_time
A1_Sparse_Support_Shift,LEBRE_V03_FROZEN_ITER4,101,SUCCESS,,1.0,0.30311144814099533,0.19956807108017066,0.0683466726932761,354.8,414.0,414.0,10124,51,0.3605918884277344
A1_Sparse_Support_Shift,LEBRE_V03_FROZEN_ITER4,102,SUCCESS,,1.0,0.305545789439106,0.1991241113532164,0.07149398596622936,354.8,414.0,414.0,10124,51,0.34776735305786133
A1_Sparse_Support_Shift,LEBRE_V03_FROZEN_ITER4,103,SUCCESS,,1.0,0.3117106534919796,0.19837494322937096,0.0722799200915334,355.848,414.0,5221.0,10124,51,0.3624110221862793
A1_Sparse_Support_Shift,LEBRE_V03_FROZEN_ITER4,104,SUCCESS,,1.0,0.2995233558861244,0.1992176374319539,0.07150605278997828,354.8,414.0,414.0,10124,51,0.3542664051055908
A1_Sparse_Support_Shift,LEBRE_V03_FROZEN_ITER4,105,SUCCESS,,1.0,0.3077929250249079,0.1954349999486648,0.0720528935966915,354.8,414.0,414.0,10124,51,0.35676121711730957
A1_Sparse_Support_Shift,LEBRE_V03_FROZEN_ITER4,106,SUCCESS,,1.0,0.3021958540557592,0.20154352265075182,0.07333057559707992,356.2495714285714,414.0,5221.0,10124,51,0.3621397018432617
A1_Sparse_Support_Shift,LEBRE_V03_FROZEN_ITER4,107,SUCCESS,,1.0,0.30803116798867425,0.1938735742220785,0.07344149484398514,355.8488571428571,414.0,5227.0,10124,51,0.36349058151245117
A1_Sparse_Support_Shift,LEBRE_V03_FROZEN_ITER4,108,SUCCESS,,1.0,0.29586877729962496,0.19578044542482323,0.06888374159960423,354.8,414.0,414.0,10124,51,0.36457109451293945
A1_Sparse_Support_Shift,LEBRE_V03_FROZEN_ITER4,109,SUCCESS,,1.0,0.3000761732951001,0.20190221196020236,0.07160197444377878,354.8,414.0,414.0,10124,51,0.36354708671569824
A1_Sparse_Support_Shift,LEBRE_V03_FROZEN_ITER4,110,SUCCESS,,1.0,0.30853020330954256,0.19766275632290103,0.07324561543980279,355.848,414.0,5221.0,10124,51,0.3489511013031006
A1_Sparse_Support_Shift,LEBRE_V03_FROZEN_ITER4,111,SUCCESS,,1.0,0.30705757522077065,0.19194942271999468,0.07398886046051859,354.8,414.0,414.0,10124,51,0.36309075355529785
A1_Sparse_Support_Shift,LEBRE_V03_FROZEN_ITER4,112,SUCCESS,,1.0,0.31714736231341295,0.2000736621999033,0.07319239978321948,356.7395714285714,414.0,5221.0,10124,51,0.363727331161499
A1_Sparse_Support_Shift,LEBRE_V03_FROZEN_ITER4,113,SUCCESS,,1.0,0.3008636748187222,0.19690973070089252,0.07288414554002279,355.848,414.0,5221.0,10124,51,0.359999418258667
A1_Sparse_Support_Shift,LEBRE_V03_FROZEN_ITER4,114,SUCCESS,,1.0,0.30089055799720055,0.19661256660883822,0.07173801173966976,354.8,414.0,414.0,10124,51,0.3594675064086914
A1_Sparse_Support_Shift,LEBRE_V03_FROZEN_ITER4,115,SUCCESS,,1.0,0.3036182369132838,0.19872998969531525,0.07089728774164583,356.6511428571429,414.0,5221.0,10124,51,0.3667597770690918
A1_Sparse_Support_Shift,LEBRE_V03_FROZEN_ITER4,116,SUCCESS,,1.0,0.29932553705540105,0.19403489903079799,0.07079253651115061,354.8,414.0,414.0,10124,51,0.3582155704498291
A1_Sparse_Support_Shift,LEBRE_V03_FROZEN_ITER4,117,SUCCESS,,1.0,0.3026303603977901,0.20545493935749704,0.07225690884483651,354.8,414.0,414.0,10124,51,0.35704541206359863
A1_Sparse_Support_Shift,LEBRE_V03_FROZEN_ITER4,118,SUCCESS,,1.0,0.3049504295016471,0.19642528858990507,0.07247755082687278,354.8,414.0,414.0,10124,51,0.3514750003814697
A1_Sparse_Support_Shift,LEBRE_V03_FROZEN_ITER4,119,SUCCESS,,1.0,0.3019548925677574,0.19382449025541873,0.06883497349426981,354.8,414.0,414.0,10124,51,0.38358139991760254
A1_Sparse_Support_Shift,LEBRE_V03_FROZEN_ITER4,120,SUCCESS,,1.0,0.3070804761649213,0.19999650630976548,0.07360475157566433,354.8,414.0,414.0,10124,51,0.3956930637359619
A1_Sparse_Support_Shift,LEBRE_V03_FROZEN_ITER4,121,SUCCESS,,1.0,0.3013788634791794,0.19948606085287998,0.071210160885797,354.8,414.0,414.0,10124,51,0.3883183002471924
A1_Sparse_Support_Shift,LEBRE_V03_FROZEN_ITER4,122,SUCCESS,,1.0,0.30682074511076274,0.19652237132969005,0.0717397676768239,354.8,414.0,414.0,10124,51,0.4032161235809326
A1_Sparse_Support_Shift,LEBRE_V03_FROZEN_ITER4,123,SUCCESS,,1.0,0.30508747128730496,0.20558749722692035,0.07025083253403383,354.8,414.0,414.0,10124,51,0.3602721691131592
A1_Sparse_Support_Shift,LEBRE_V03_FROZEN_ITER4,124,SUCCESS,,1.0,0.2944931471633375,0.19551918586648223,0.06943885282131566,354.8,414.0,414.0,10124,51,0.3785979747772217
A1_Sparse_Support_Shift,LEBRE_V03_FROZEN_ITER4,125,SUCCESS,,1.0,0.31901897573763216,0.1981527723188963,0.07489584923598791,356.367,414.0,5227.0,10124,51,0.3676905632019043
A1_Sparse_Support_Shift,LEBRE_V03_FROZEN_ITER4,126,SUCCESS,,1.0,0.2937155177227461,0.19328056868693017,0.07005231933713678,354.8,414.0,414.0,10124,51,0.37620067596435547
A1_Sparse_Support_Shift,LEBRE_V03_FROZEN_ITER4,127,SUCCESS,,1.0,0.2987710417848668,0.19316134772183544,0.07025493217394375,354.8,414.0,414.0,10124,51,0.3838362693786621
A1_Sparse_Support_Shift,LEBRE_V03_FROZEN_ITER4,128,SUCCESS,,1.0,0.3020410836654937,0.2004493608816745,0.07064234931436882,354.8,414.0,414.0,10124,51,0.4302999973297119
A1_Sparse_Support_Shift,LEBRE_V03_FROZEN_ITER4,129,SUCCESS,,1.0,0.29658738581240185,0.19941351685234476,0.06996280895330634,354.8,414.0,414.0,10124,51,0.3773033618927002
A1_Sparse_Support_Shift,LEBRE_V03_FROZEN_ITER4,130,SUCCESS,,1.0,0.31937520445268697,0.202804805301906,0.07294609742941577,357.85585714285713,414.0,5221.0,10124,51,0.4007568359375
A2_Single_Delayed_Dependency,LEBRE_V03_FROZEN_ITER4,101,SUCCESS,,1.0,0.0026178361391160786,0.04098891274081992,0.0039914365636685495,185.3,249.0,249.0,4144,22,0.38007092475891113
A2_Single_Delayed_Dependency,LEBRE_V03_FROZEN_ITER4,102,SUCCESS,,1.0,0.002646899029775846,0.04106853379933947,0.004106946472356288,185.3,249.0,249.0,4144,22,0.37198400497436523
A2_Single_Delayed_Dependency,LEBRE_V03_FROZEN_ITER4,103,SUCCESS,,1.0,0.002581418418284915,0.040693674952809455,0.0040329121027097,185.30085714285715,249.0,252.0,4144,22,0.3804967403411865
A2_Single_Delayed_Dependency,LEBRE_V03_FROZEN_ITER4,104,SUCCESS,,1.0,0.002621856121194355,0.040802649828356824,0.004117245539350047,185.3,249.0,249.0,4144,22,0.3673887252807617
A2_Single_Delayed_Dependency,LEBRE_V03_FROZEN_ITER4,105,SUCCESS,,1.0,0.002674210547515388,0.0412487084515994,0.004239027770512877,185.3,249.0,249.0,4144,22,0.37206459045410156
A2_Single_Delayed_Dependency,LEBRE_V03_FROZEN_ITER4,106,SUCCESS,,1.0,0.0026291176986536,0.04095465309516317,0.004107448998218565,185.3,249.0,249.0,4144,22,0.3688950538635254
A2_Single_Delayed_Dependency,LEBRE_V03_FROZEN_ITER4,107,SUCCESS,,1.0,0.0026836272087248643,0.041322239578059354,0.004138746605858741,185.3,249.0,249.0,4144,22,0.3777785301208496
A2_Single_Delayed_Dependency,LEBRE_V03_FROZEN_ITER4,108,SUCCESS,,1.0,0.0026253039742088024,0.04106001495038788,0.004102248592689845,185.3,249.0,249.0,4144,22,0.37727952003479004
A2_Single_Delayed_Dependency,LEBRE_V03_FROZEN_ITER4,109,SUCCESS,,1.0,0.0026444446897030604,0.04098148885722178,0.004124068692983475,185.3,249.0,249.0,4144,22,0.38329315185546875
A2_Single_Delayed_Dependency,LEBRE_V03_FROZEN_ITER4,110,SUCCESS,,1.0,0.0026847164756233647,0.04158472323912987,0.004130245741131674,185.3,249.0,249.0,4144,22,0.3783285617828369
A2_Single_Delayed_Dependency,LEBRE_V03_FROZEN_ITER4,111,SUCCESS,,1.0,0.0026508384595749336,0.041041289399764015,0.00416787504503111,185.3,249.0,249.0,4144,22,0.3929712772369385
A2_Single_Delayed_Dependency,LEBRE_V03_FROZEN_ITER4,112,SUCCESS,,1.0,0.002655721984037136,0.041227646358705426,0.00409822918545303,185.3,249.0,249.0,4144,22,0.3728165626525879
A2_Single_Delayed_Dependency,LEBRE_V03_FROZEN_ITER4,113,SUCCESS,,1.0,0.002643074794809134,0.04096598036431443,0.004145702885600167,185.3,249.0,249.0,4144,22,0.3755455017089844
A2_Single_Delayed_Dependency,LEBRE_V03_FROZEN_ITER4,114,SUCCESS,,1.0,0.0026283181700308862,0.041072705724435686,0.00426683636437235,185.3,249.0,249.0,4144,22,0.370227575302124
A2_Single_Delayed_Dependency,LEBRE_V03_FROZEN_ITER4,115,SUCCESS,,1.0,0.0026776787903260058,0.041363499083434604,0.004284180908015151,185.3,249.0,249.0,4144,22,0.392214298248291
A2_Single_Delayed_Dependency,LEBRE_V03_FROZEN_ITER4,116,SUCCESS,,1.0,0.002688672130002011,0.041497301208553924,0.004286693007951105,185.3,249.0,249.0,4144,22,0.3772392272949219
A2_Single_Delayed_Dependency,LEBRE_V03_FROZEN_ITER4,117,SUCCESS,,1.0,0.002686380047120847,0.041426930233392376,0.004195121847230049,185.3,249.0,249.0,4144,22,0.38329386711120605
A2_Single_Delayed_Dependency,LEBRE_V03_FROZEN_ITER4,118,SUCCESS,,1.0,0.0026510035560437027,0.041053235109152944,0.004112819929999927,185.30085714285715,249.0,252.0,4144,22,0.3831663131713867
A2_Single_Delayed_Dependency,LEBRE_V03_FROZEN_ITER4,119,SUCCESS,,1.0,0.002602544169177914,0.04064994106438659,0.004110028966822706,185.3,249.0,249.0,4144,22,0.40029215812683105
A2_Single_Delayed_Dependency,LEBRE_V03_FROZEN_ITER4,120,SUCCESS,,1.0,0.0026550539591113716,0.04124405688825592,0.004199512397109913,185.3,249.0,249.0,4144,22,0.3914060592651367
A2_Single_Delayed_Dependency,LEBRE_V03_FROZEN_ITER4,121,SUCCESS,,1.0,0.0026739423141600386,0.041330780453431075,0.004179557151752397,185.3,249.0,249.0,4144,22,0.38469552993774414
A2_Single_Delayed_Dependency,LEBRE_V03_FROZEN_ITER4,122,SUCCESS,,1.0,0.002602499717126715,0.04060223652746142,0.003964044387004689,185.3,249.0,249.0,4144,22,0.3917868137359619
A2_Single_Delayed_Dependency,LEBRE_V03_FROZEN_ITER4,123,SUCCESS,,1.0,0.0026846998545452475,0.041356771908591626,0.004108152663396743,185.3,249.0,249.0,4144,22,0.40575528144836426
A2_Single_Delayed_Dependency,LEBRE_V03_FROZEN_ITER4,124,SUCCESS,,1.0,0.00264014970502871,0.040830934725358106,0.00413835153767475,185.3,249.0,249.0,4144,22,0.38125109672546387
A2_Single_Delayed_Dependency,LEBRE_V03_FROZEN_ITER4,125,SUCCESS,,1.0,0.0026837432557954206,0.04143052144521496,0.004080877342012614,185.3,249.0,249.0,4144,22,0.3928203582763672
A2_Single_Delayed_Dependency,LEBRE_V03_FROZEN_ITER4,126,SUCCESS,,1.0,0.002656982047049,0.041125335669662526,0.004154549641215629,185.3,249.0,249.0,4144,22,0.3950502872467041
A2_Single_Delayed_Dependency,LEBRE_V03_FROZEN_ITER4,127,SUCCESS,,1.0,0.0026282323926396945,0.04100952326563607,0.004067578870805819,185.3,249.0,249.0,4144,22,0.4173567295074463
A2_Single_Delayed_Dependency,LEBRE_V03_FROZEN_ITER4,128,SUCCESS,,1.0,0.002635879438221165,0.04073179667258386,0.004123284714037469,185.3,249.0,249.0,4144,22,0.41625261306762695
A2_Single_Delayed_Dependency,LEBRE_V03_FROZEN_ITER4,129,SUCCESS,,1.0,0.0026995013899804377,0.04133578201096213,0.004287431231054619,185.3,249.0,249.0,4144,22,0.3974463939666748
A2_Single_Delayed_Dependency,LEBRE_V03_FROZEN_ITER4,130,SUCCESS,,1.0,0.002657174623503485,0.0413386835268895,0.004313507330478099,185.3,249.0,249.0,4144,22,0.40377187728881836
A3_Multiple_Dispersed_Delays,LEBRE_V03_FROZEN_ITER4,101,SUCCESS,,1.0,0.027987817902109576,0.07850006150843018,0.054006703582249044,194.79557142857144,264.0,267.0,4164,23,0.4206674098968506
A3_Multiple_Dispersed_Delays,LEBRE_V03_FROZEN_ITER4,102,SUCCESS,,1.0,0.2170412325139238,0.3417802161881602,0.42562556001890683,187.3842857142857,249.0,264.0,4164,23,0.3998384475708008
A3_Multiple_Dispersed_Delays,LEBRE_V03_FROZEN_ITER4,103,SUCCESS,,1.0,0.07461689649944625,0.1415342557906584,0.14869993084925517,193.0092857142857,264.0,264.0,4164,23,0.4211699962615967
A3_Multiple_Dispersed_Delays,LEBRE_V03_FROZEN_ITER4,104,SUCCESS,,1.0,0.002625321825815377,0.04078047743593342,0.0052895518454651866,195.8,264.0,264.0,4164,23,0.4298889636993408
A3_Multiple_Dispersed_Delays,LEBRE_V03_FROZEN_ITER4,105,SUCCESS,,1.0,0.0748696855083236,0.144721537704933,0.15471026123588452,192.81428571428572,264.0,264.0,4164,23,0.3811910152435303
A3_Multiple_Dispersed_Delays,LEBRE_V03_FROZEN_ITER4,106,SUCCESS,,1.0,0.0026278841948616026,0.04090263042764023,0.005207328336994312,195.8,264.0,264.0,4164,23,0.4365224838256836
A3_Multiple_Dispersed_Delays,LEBRE_V03_FROZEN_ITER4,107,SUCCESS,,1.0,0.002685841652220464,0.04137728344587419,0.005396829209741431,195.8,264.0,264.0,4164,23,0.3937535285949707
A3_Multiple_Dispersed_Delays,LEBRE_V03_FROZEN_ITER4,108,SUCCESS,,1.0,0.0026234424435832215,0.04104924167617459,0.005289957169724865,195.8,264.0,264.0,4164,23,0.41069579124450684
A3_Multiple_Dispersed_Delays,LEBRE_V03_FROZEN_ITER4,109,SUCCESS,,1.0,0.0027140129124075202,0.04138943766881222,0.005525774195113934,195.8,264.0,264.0,4164,23,0.3981328010559082
A3_Multiple_Dispersed_Delays,LEBRE_V03_FROZEN_ITER4,110,SUCCESS,,1.0,0.0026817220421132817,0.04152768258074463,0.0052968741550696455,195.8,264.0,264.0,4164,23,0.4172041416168213
A3_Multiple_Dispersed_Delays,LEBRE_V03_FROZEN_ITER4,111,SUCCESS,,1.0,0.002643102802880054,0.04099785304662157,0.0053075266432917635,195.8,264.0,264.0,4164,23,0.38510870933532715
A3_Multiple_Dispersed_Delays,LEBRE_V03_FROZEN_ITER4,112,SUCCESS,,1.0,0.16854589215925703,0.272337814601497,0.3302520867242601,189.40971428571427,249.0,264.0,4164,23,0.3921961784362793
A3_Multiple_Dispersed_Delays,LEBRE_V03_FROZEN_ITER4,113,SUCCESS,,1.0,0.002773466407054793,0.041826884330877986,0.005528126771282785,195.8,264.0,264.0,4164,23,0.40372657775878906
A3_Multiple_Dispersed_Delays,LEBRE_V03_FROZEN_ITER4,114,SUCCESS,,1.0,0.07712139891834094,0.14859783156468429,0.15652541977055648,192.79885714285714,264.0,264.0,4164,23,0.393096923828125
A3_Multiple_Dispersed_Delays,LEBRE_V03_FROZEN_ITER4,115,SUCCESS,,1.0,0.21575310028654734,0.34903686944728063,0.44549434531328447,187.0092857142857,249.0,264.0,4164,23,0.3826909065246582
A3_Multiple_Dispersed_Delays,LEBRE_V03_FROZEN_ITER4,116,SUCCESS,,1.0,0.002688095385177253,0.041398488985123806,0.0053496649991130445,195.8,264.0,264.0,4164,23,0.4016261100769043
A3_Multiple_Dispersed_Delays,LEBRE_V03_FROZEN_ITER4,117,SUCCESS,,1.0,0.0026901648454090744,0.04145329380869836,0.005540904067395331,195.8,264.0,264.0,4164,23,0.40259575843811035
A3_Multiple_Dispersed_Delays,LEBRE_V03_FROZEN_ITER4,118,SUCCESS,,1.0,0.26224850716021936,0.40790171595892766,0.5216224284268961,185.3,249.0,249.0,4144,22,0.3921046257019043
A3_Multiple_Dispersed_Delays,LEBRE_V03_FROZEN_ITER4,119,SUCCESS,,1.0,0.002608116892225539,0.04072175549034437,0.005279069259733509,195.8,264.0,264.0,4164,23,0.4051024913787842
A3_Multiple_Dispersed_Delays,LEBRE_V03_FROZEN_ITER4,120,SUCCESS,,1.0,0.0026584178816973594,0.041255546534822905,0.0052875668401644186,195.8,264.0,264.0,4164,23,0.39338231086730957
A3_Multiple_Dispersed_Delays,LEBRE_V03_FROZEN_ITER4,121,SUCCESS,,1.0,0.14380251747502615,0.23677420986859127,0.28617531504038385,190.3842857142857,249.0,264.0,4164,23,0.4053821563720703
A3_Multiple_Dispersed_Delays,LEBRE_V03_FROZEN_ITER4,122,SUCCESS,,1.0,0.0026025380435597367,0.040628745443754465,0.00512802515520833,195.8,264.0,264.0,4164,23,0.4044761657714844
A3_Multiple_Dispersed_Delays,LEBRE_V03_FROZEN_ITER4,123,SUCCESS,,1.0,0.002681485673857702,0.041343403190056145,0.005263569279107836,195.8,264.0,264.0,4164,23,0.4235994815826416
A3_Multiple_Dispersed_Delays,LEBRE_V03_FROZEN_ITER4,124,SUCCESS,,1.0,0.002640083074962803,0.04081399130722561,0.005276979270301592,195.8,264.0,264.0,4164,23,0.40124988555908203
A3_Multiple_Dispersed_Delays,LEBRE_V03_FROZEN_ITER4,125,SUCCESS,,1.0,0.002681358176031336,0.04140183105458468,0.0051903247530498626,195.8,264.0,264.0,4164,23,0.4316248893737793
A3_Multiple_Dispersed_Delays,LEBRE_V03_FROZEN_ITER4,126,SUCCESS,,1.0,0.151732260260582,0.25068270159694644,0.30319653561688803,190.0092857142857,249.0,264.0,4164,23,0.3875715732574463
A3_Multiple_Dispersed_Delays,LEBRE_V03_FROZEN_ITER4,127,SUCCESS,,1.0,0.0026262001140128343,0.041021847280310615,0.005320519040355032,195.8,264.0,264.0,4164,23,0.3997972011566162
A3_Multiple_Dispersed_Delays,LEBRE_V03_FROZEN_ITER4,128,SUCCESS,,1.0,0.0026389869456932362,0.0407939937730887,0.00523672558824039,195.8,264.0,264.0,4164,23,0.4099738597869873
A3_Multiple_Dispersed_Delays,LEBRE_V03_FROZEN_ITER4,129,SUCCESS,,1.0,0.002703197638026053,0.04135143857626484,0.005486123506632727,195.8,264.0,264.0,4164,23,0.4466371536254883
A3_Multiple_Dispersed_Delays,LEBRE_V03_FROZEN_ITER4,130,SUCCESS,,1.0,0.06447677022069954,0.12999520287752758,0.13022443171418852,193.2942857142857,264.0,264.0,4164,23,0.42052316665649414
A4_Long_Delay_Scaling,LEBRE_V03_FROZEN_ITER4,101,SUCCESS,,1.0,0.6891564167549743,0.6632773005222355,1.055523347865301,174.8,234.0,234.0,4124,21,0.38415026664733887
A4_Long_Delay_Scaling,LEBRE_V03_FROZEN_ITER4,102,SUCCESS,,1.0,0.002651176898826585,0.041104627131132214,0.004105363830567819,185.3,249.0,249.0,4144,22,0.39731931686401367
A4_Long_Delay_Scaling,LEBRE_V03_FROZEN_ITER4,103,SUCCESS,,1.0,0.002583601100149395,0.040701031470281916,0.004060463311954503,185.30042857142857,249.0,252.0,4144,22,0.3961801528930664
A4_Long_Delay_Scaling,LEBRE_V03_FROZEN_ITER4,104,SUCCESS,,1.0,0.002622554123622165,0.0407591970376924,0.00411506039656846,185.3,249.0,249.0,4144,22,0.3602771759033203
A4_Long_Delay_Scaling,LEBRE_V03_FROZEN_ITER4,105,SUCCESS,,1.0,0.0026719349059665387,0.041223364084362335,0.004237471931973585,185.3,249.0,249.0,4144,22,0.4071230888366699
A4_Long_Delay_Scaling,LEBRE_V03_FROZEN_ITER4,106,SUCCESS,,1.0,0.34729468934560365,0.3551913214117877,0.5396910216345499,200.48785714285714,341.0,2176.0,4144,22,0.4173777103424072
A4_Long_Delay_Scaling,LEBRE_V03_FROZEN_ITER4,107,SUCCESS,,1.0,0.0026864455256507633,0.04134187463530444,0.004152149964075843,185.3,249.0,249.0,4144,22,0.4043400287628174
A4_Long_Delay_Scaling,LEBRE_V03_FROZEN_ITER4,108,SUCCESS,,1.0,0.17206625851384008,0.20265740288193226,0.26854837583606406,182.5092857142857,249.0,249.0,4144,22,0.4065670967102051
A4_Long_Delay_Scaling,LEBRE_V03_FROZEN_ITER4,109,SUCCESS,,1.0,0.3800939442435819,0.3850388472539697,0.594465398330726,179.52428571428572,234.0,249.0,4144,22,0.34737396240234375
A4_Long_Delay_Scaling,LEBRE_V03_FROZEN_ITER4,110,SUCCESS,,1.0,0.0026890198700005204,0.04160859366254189,0.004146315233721097,185.3,249.0,249.0,4144,22,0.3779737949371338
A4_Long_Delay_Scaling,LEBRE_V03_FROZEN_ITER4,111,SUCCESS,,1.0,0.13658097840015804,0.1674525676147317,0.21564623284528645,183.1092857142857,249.0,249.0,4144,22,0.3597090244293213
A4_Long_Delay_Scaling,LEBRE_V03_FROZEN_ITER4,112,SUCCESS,,1.0,0.22464677245996367,0.2434756190326935,0.3461531032148248,181.92385714285714,249.0,249.0,4144,22,0.35740017890930176
A4_Long_Delay_Scaling,LEBRE_V03_FROZEN_ITER4,113,SUCCESS,,1.0,0.004125000706840248,0.05072274894998972,0.006453205292264644,192.67714285714285,227.0,485.0,4164,23,0.41121840476989746
A4_Long_Delay_Scaling,LEBRE_V03_FROZEN_ITER4,114,SUCCESS,,1.0,0.0026342167022728284,0.041100259635415005,0.004277455943949354,185.3,249.0,249.0,4144,22,0.38347363471984863
A4_Long_Delay_Scaling,LEBRE_V03_FROZEN_ITER4,115,SUCCESS,,1.0,0.026363771332038804,0.06608913101176987,0.04217615795539626,184.92385714285714,249.0,249.0,4144,22,0.3741755485534668
A4_Long_Delay_Scaling,LEBRE_V03_FROZEN_ITER4,116,SUCCESS,,1.0,0.5505947733236565,0.5476536789726523,0.8786076814425284,176.55385714285714,234.0,249.0,4144,22,0.34505343437194824
A4_Long_Delay_Scaling,LEBRE_V03_FROZEN_ITER4,117,SUCCESS,,1.0,0.0026876535869619586,0.04144010686868521,0.0041765185738145,185.3,249.0,249.0,4144,22,0.38617968559265137
A4_Long_Delay_Scaling,LEBRE_V03_FROZEN_ITER4,118,SUCCESS,,1.0,0.4519566646642564,0.4539610390297396,0.7031409098578547,178.2942857142857,234.0,249.0,4144,22,0.35944437980651855
A4_Long_Delay_Scaling,LEBRE_V03_FROZEN_ITER4,119,SUCCESS,,1.0,0.0025992212362449234,0.04059227629108006,0.004107326951760261,185.3,249.0,249.0,4144,22,0.3677947521209717
A4_Long_Delay_Scaling,LEBRE_V03_FROZEN_ITER4,120,SUCCESS,,1.0,0.0026593454463768283,0.041280623473153484,0.004198210270104564,185.3,249.0,249.0,4144,22,0.4013631343841553
A4_Long_Delay_Scaling,LEBRE_V03_FROZEN_ITER4,121,SUCCESS,,1.0,0.11542227183587316,0.1444737225344417,0.18065354611857953,183.67885714285714,249.0,249.0,4144,22,0.37130117416381836
A4_Long_Delay_Scaling,LEBRE_V03_FROZEN_ITER4,122,SUCCESS,,1.0,0.4674352068232797,0.46266710235360664,0.7130421961691609,178.30928571428572,234.0,249.0,4144,22,0.36263132095336914
A4_Long_Delay_Scaling,LEBRE_V03_FROZEN_ITER4,123,SUCCESS,,1.0,0.6917952892303196,0.6626850922478698,1.05953947697968,174.8,234.0,234.0,4124,21,0.34856510162353516
A4_Long_Delay_Scaling,LEBRE_V03_FROZEN_ITER4,124,SUCCESS,,1.0,0.6785154085029292,0.655433330235563,1.063203448084016,174.8,234.0,234.0,4124,21,0.4208977222442627
A4_Long_Delay_Scaling,LEBRE_V03_FROZEN_ITER4,125,SUCCESS,,1.0,0.0026800923195085947,0.041410048992743774,0.004071125867196109,185.3,249.0,249.0,4144,22,0.37908029556274414
A4_Long_Delay_Scaling,LEBRE_V03_FROZEN_ITER4,126,SUCCESS,,1.0,0.0026591876633494716,0.04116503911734607,0.004170152764029218,185.3,249.0,249.0,4144,22,0.48285603523254395
A4_Long_Delay_Scaling,LEBRE_V03_FROZEN_ITER4,127,SUCCESS,,1.0,0.0026259628148027556,0.04101292167438828,0.004093075779767078,185.3,249.0,249.0,4144,22,0.365048885345459
A4_Long_Delay_Scaling,LEBRE_V03_FROZEN_ITER4,128,SUCCESS,,1.0,0.002633266574260887,0.04073396205852934,0.004113879308370299,185.3,249.0,249.0,4144,22,0.46190428733825684
A4_Long_Delay_Scaling,LEBRE_V03_FROZEN_ITER4,129,SUCCESS,,1.0,0.002703636485700791,0.04136266294811737,0.004282730108768799,185.3,249.0,249.0,4144,22,0.3770442008972168
A4_Long_Delay_Scaling,LEBRE_V03_FROZEN_ITER4,130,SUCCESS,,1.0,0.6528547093681009,0.6463517939412328,1.0625380352487352,174.8,234.0,234.0,4124,21,0.3510432243347168
A5_Set_Reset_Quiescent_Memory,LEBRE_V03_FROZEN_ITER4,101,SUCCESS,,1.0,0.06536476042047958,0.11133970950352792,0.06638698297812695,147.27828571428572,211.0,1202.0,2324,13,0.4421255588531494
A5_Set_Reset_Quiescent_Memory,LEBRE_V03_FROZEN_ITER4,102,SUCCESS,,1.0,0.05072999224453058,0.09955341717058865,0.054588305160713814,150.97957142857143,280.0,1217.0,2304,12,0.5049057006835938
A5_Set_Reset_Quiescent_Memory,LEBRE_V03_FROZEN_ITER4,103,SUCCESS,,1.0,0.04553334545439324,0.09445068448737574,0.04649618961928241,140.28985714285713,196.0,1211.0,2144,12,0.3913767337799072
A5_Set_Reset_Quiescent_Memory,LEBRE_V03_FROZEN_ITER4,104,SUCCESS,,1.0,0.04241323563417187,0.0946189050956533,0.04430343943631674,141.37742857142857,211.0,1214.0,2144,12,0.42803096771240234
A5_Set_Reset_Quiescent_Memory,LEBRE_V03_FROZEN_ITER4,105,SUCCESS,,1.0,0.04388124589184893,0.09010192581572886,0.04378001813334805,145.29271428571428,211.0,1202.0,2168,13,0.44542717933654785
A5_Set_Reset_Quiescent_Memory,LEBRE_V03_FROZEN_ITER4,106,SUCCESS,,1.0,0.040593495117182105,0.0873880544349167,0.04375650554339061,142.86471428571429,196.0,1208.0,2168,13,0.4682810306549072
A5_Set_Reset_Quiescent_Memory,LEBRE_V03_FROZEN_ITER4,107,SUCCESS,,1.0,0.0371172836928715,0.0864529675200135,0.042179909716777944,133.18857142857144,196.0,1160.0,2168,13,0.4760475158691406
A5_Set_Reset_Quiescent_Memory,LEBRE_V03_FROZEN_ITER4,108,SUCCESS,,1.0,0.04169820912729057,0.08746908649213363,0.041663242755365544,148.81114285714287,280.0,1208.0,2144,12,0.43790364265441895
A5_Set_Reset_Quiescent_Memory,LEBRE_V03_FROZEN_ITER4,109,SUCCESS,,1.0,0.03297279567850503,0.07612605031853374,0.03407544957137981,137.68214285714285,196.0,1211.0,2168,13,0.41057896614074707
A5_Set_Reset_Quiescent_Memory,LEBRE_V03_FROZEN_ITER4,110,SUCCESS,,1.0,0.041242110392042314,0.0824868785764969,0.04355391965278019,133.81528571428572,196.0,1208.0,2144,12,0.40775370597839355
A5_Set_Reset_Quiescent_Memory,LEBRE_V03_FROZEN_ITER4,111,SUCCESS,,1.0,0.04475857020396277,0.09428581538799108,0.045460281802459646,140.81614285714286,211.0,1208.0,2304,12,0.4221456050872803
A5_Set_Reset_Quiescent_Memory,LEBRE_V03_FROZEN_ITER4,112,SUCCESS,,1.0,0.047657951770157136,0.09323819997689453,0.050312501568616316,142.96785714285716,196.0,1211.0,2304,12,0.40495753288269043
A5_Set_Reset_Quiescent_Memory,LEBRE_V03_FROZEN_ITER4,113,SUCCESS,,1.0,0.03611791635788872,0.08187318564808652,0.03696174804799237,143.99157142857143,211.0,1211.0,2164,13,0.4750175476074219
A5_Set_Reset_Quiescent_Memory,LEBRE_V03_FROZEN_ITER4,114,SUCCESS,,1.0,0.052018661325174215,0.09865997819371639,0.05344056542227915,150.3247142857143,280.0,1208.0,2304,12,0.4422943592071533
A5_Set_Reset_Quiescent_Memory,LEBRE_V03_FROZEN_ITER4,115,SUCCESS,,1.0,0.039441674201147,0.08541965680288133,0.04102425430701639,140.68328571428572,196.0,1208.0,2124,11,0.4109983444213867
A5_Set_Reset_Quiescent_Memory,LEBRE_V03_FROZEN_ITER4,116,SUCCESS,,1.0,0.029792002442580106,0.07757464464886453,0.02971372429966961,135.05642857142857,196.0,1151.0,2304,12,0.3983299732208252
A5_Set_Reset_Quiescent_Memory,LEBRE_V03_FROZEN_ITER4,117,SUCCESS,,1.0,0.048918337269737884,0.0951838474955791,0.049399947881052994,144.16528571428572,196.0,1211.0,2144,12,0.4179396629333496
A5_Set_Reset_Quiescent_Memory,LEBRE_V03_FROZEN_ITER4,118,SUCCESS,,1.0,0.033047035600927435,0.08748238487814806,0.03557814036491008,130.42214285714286,196.0,1153.0,2324,13,0.3858950138092041
A5_Set_Reset_Quiescent_Memory,LEBRE_V03_FROZEN_ITER4,119,SUCCESS,,1.0,0.04362122751001737,0.08690689969487445,0.04361027174682357,150.37942857142858,280.0,1208.0,2304,12,0.4100608825683594
A5_Set_Reset_Quiescent_Memory,LEBRE_V03_FROZEN_ITER4,120,SUCCESS,,1.0,0.035694423639136684,0.08358448076318889,0.03688976293827679,142.85542857142858,196.0,1202.0,2124,11,0.39174866676330566
A5_Set_Reset_Quiescent_Memory,LEBRE_V03_FROZEN_ITER4,121,SUCCESS,,1.0,0.035850372372265286,0.0840380497225805,0.03602070622932564,141.129,196.0,1202.0,2304,12,0.39720582962036133
A5_Set_Reset_Quiescent_Memory,LEBRE_V03_FROZEN_ITER4,122,SUCCESS,,1.0,0.04393282737781861,0.09029117930763869,0.043910974928425786,147.54357142857143,196.0,1208.0,2304,12,0.40840601921081543
A5_Set_Reset_Quiescent_Memory,LEBRE_V03_FROZEN_ITER4,123,SUCCESS,,1.0,0.04743841264561793,0.0896208618418095,0.04771685490808763,138.4002857142857,196.0,1202.0,2304,12,0.43767476081848145
A5_Set_Reset_Quiescent_Memory,LEBRE_V03_FROZEN_ITER4,124,SUCCESS,,1.0,0.043777600145293735,0.09051079552896955,0.04359254852405176,145.54828571428573,196.0,1193.0,2144,12,0.42096662521362305
A5_Set_Reset_Quiescent_Memory,LEBRE_V03_FROZEN_ITER4,125,SUCCESS,,1.0,0.03492623743327339,0.08559206266225339,0.03484695958250661,140.78885714285715,196.0,1202.0,2144,12,0.3983457088470459
A5_Set_Reset_Quiescent_Memory,LEBRE_V03_FROZEN_ITER4,126,SUCCESS,,1.0,0.046160463075432444,0.0915091306284345,0.04616557394661882,149.28142857142856,280.0,1208.0,2144,12,0.4047231674194336
A5_Set_Reset_Quiescent_Memory,LEBRE_V03_FROZEN_ITER4,127,SUCCESS,,1.0,0.04202138999604933,0.09001412672461885,0.04282398628125965,147.15928571428572,196.0,1211.0,2144,12,0.42655253410339355
A5_Set_Reset_Quiescent_Memory,LEBRE_V03_FROZEN_ITER4,128,SUCCESS,,1.0,0.04246387444629025,0.09367287045903065,0.04272989158867165,147.604,280.0,1211.0,2124,11,0.41179680824279785
A5_Set_Reset_Quiescent_Memory,LEBRE_V03_FROZEN_ITER4,129,SUCCESS,,1.0,0.04618747481560072,0.09405182234120738,0.04603796061824918,147.23285714285714,226.0,1238.0,2168,13,0.42363739013671875
A5_Set_Reset_Quiescent_Memory,LEBRE_V03_FROZEN_ITER4,130,SUCCESS,,1.0,0.05300971609377937,0.10325403971999635,0.05313393742881577,144.34885714285716,196.0,1208.0,2144,12,0.4074091911315918
A6_Context_Routing,LEBRE_V03_FROZEN_ITER4,101,SUCCESS,,1.0,0.40016981603960255,0.5038294525695453,0.5391063499346341,114.79542857142857,174.0,174.0,2124,11,0.34293127059936523
A6_Context_Routing,LEBRE_V03_FROZEN_ITER4,102,SUCCESS,,1.0,0.3914924001361894,0.4939185302612178,0.5201514665177058,114.8,174.0,174.0,2124,11,0.34683799743652344
A6_Context_Routing,LEBRE_V03_FROZEN_ITER4,103,SUCCESS,,1.0,0.4018472894801097,0.5019986384140763,0.5277309122473067,114.79085714285715,174.0,174.0,2124,11,0.34405016899108887
A6_Context_Routing,LEBRE_V03_FROZEN_ITER4,104,SUCCESS,,1.0,0.4055732750929692,0.5054421192542609,0.5478987628887301,114.8,174.0,174.0,2124,11,0.3384582996368408
A6_Context_Routing,LEBRE_V03_FROZEN_ITER4,105,SUCCESS,,1.0,0.3855703599693956,0.4906712814807376,0.5381889683103757,114.8,174.0,174.0,2124,11,0.3663928508758545
A6_Context_Routing,LEBRE_V03_FROZEN_ITER4,106,SUCCESS,,1.0,0.39457508826345394,0.49910924317361494,0.5364642829240891,114.79542857142857,174.0,174.0,2124,11,0.37551045417785645
A6_Context_Routing,LEBRE_V03_FROZEN_ITER4,107,SUCCESS,,1.0,0.40435961328837206,0.5022856332487226,0.5193043886429801,114.79542857142857,174.0,174.0,2124,11,0.3712317943572998
A6_Context_Routing,LEBRE_V03_FROZEN_ITER4,108,SUCCESS,,1.0,0.39243401830198676,0.49696312219320726,0.5244796187054691,114.8,174.0,174.0,2124,11,0.37467527389526367
A6_Context_Routing,LEBRE_V03_FROZEN_ITER4,109,SUCCESS,,1.0,0.3949469857196843,0.4988343618660291,0.5319874358300035,114.8,174.0,174.0,2124,11,0.36468505859375
A6_Context_Routing,LEBRE_V03_FROZEN_ITER4,110,SUCCESS,,1.0,0.40216446517982357,0.5037892477212274,0.5242578849404342,114.8,174.0,174.0,2124,11,0.3803732395172119
A6_Context_Routing,LEBRE_V03_FROZEN_ITER4,111,SUCCESS,,1.0,0.40318103354898216,0.5048074702013687,0.5445108072236549,114.8,174.0,174.0,2124,11,0.3354511260986328
A6_Context_Routing,LEBRE_V03_FROZEN_ITER4,112,SUCCESS,,1.0,0.4012743392374565,0.503198359131143,0.5447481647080235,114.8,174.0,174.0,2124,11,0.3445720672607422
A6_Context_Routing,LEBRE_V03_FROZEN_ITER4,113,SUCCESS,,1.0,0.40187066461502635,0.5013043014835901,0.5199085619964198,114.79085714285715,174.0,174.0,2124,11,0.34890079498291016
A6_Context_Routing,LEBRE_V03_FROZEN_ITER4,114,SUCCESS,,1.0,0.4151173612775408,0.5101429856115536,0.5287508678624392,114.8,174.0,174.0,2124,11,0.33945298194885254
A6_Context_Routing,LEBRE_V03_FROZEN_ITER4,115,SUCCESS,,1.0,0.40659682872018377,0.5054465558707425,0.5393035327975267,114.8,174.0,174.0,2124,11,0.34396862983703613
A6_Context_Routing,LEBRE_V03_FROZEN_ITER4,116,SUCCESS,,1.0,0.40865582630936037,0.5057858892169148,0.5217359191871206,114.79542857142857,174.0,174.0,2124,11,0.34648776054382324
A6_Context_Routing,LEBRE_V03_FROZEN_ITER4,117,SUCCESS,,1.0,0.39806778950663424,0.5012295721617711,0.5407688733747207,114.8,174.0,174.0,2124,11,0.35525035858154297
A6_Context_Routing,LEBRE_V03_FROZEN_ITER4,118,SUCCESS,,1.0,0.39788739477435403,0.5046977585190211,0.5417683341082612,114.8,174.0,174.0,2124,11,0.34949755668640137
A6_Context_Routing,LEBRE_V03_FROZEN_ITER4,119,SUCCESS,,1.0,0.39903887186960973,0.5018798465966515,0.556557112096201,114.8,174.0,174.0,2124,11,0.38132572174072266
A6_Context_Routing,LEBRE_V03_FROZEN_ITER4,120,SUCCESS,,1.0,0.3976662249268344,0.49887086380535284,0.5392674603840769,114.8,174.0,174.0,2124,11,0.3411862850189209
A6_Context_Routing,LEBRE_V03_FROZEN_ITER4,121,SUCCESS,,1.0,0.3816747161660829,0.4884578487307321,0.5589269879816183,114.8,174.0,174.0,2124,11,0.34006524085998535
A6_Context_Routing,LEBRE_V03_FROZEN_ITER4,122,SUCCESS,,1.0,0.4044529512838316,0.5055712887060939,0.548839284938884,114.8,174.0,174.0,2124,11,0.3399820327758789
A6_Context_Routing,LEBRE_V03_FROZEN_ITER4,123,SUCCESS,,1.0,0.39834194633079345,0.4999595035502796,0.546225264651721,114.79542857142857,174.0,174.0,2124,11,0.39894938468933105
A6_Context_Routing,LEBRE_V03_FROZEN_ITER4,124,SUCCESS,,1.0,0.39549864831393094,0.5000809906306196,0.5260226008372217,114.79542857142857,174.0,174.0,2124,11,0.36756348609924316
A6_Context_Routing,LEBRE_V03_FROZEN_ITER4,125,SUCCESS,,1.0,0.4025142294912777,0.5013705017203636,0.5227056929257068,114.8,174.0,174.0,2124,11,0.3472864627838135
A6_Context_Routing,LEBRE_V03_FROZEN_ITER4,126,SUCCESS,,1.0,0.4048103612559219,0.5039436719463335,0.5293980065968167,114.8,174.0,174.0,2124,11,0.3396143913269043
A6_Context_Routing,LEBRE_V03_FROZEN_ITER4,127,SUCCESS,,1.0,0.3930114812318876,0.4987978325825425,0.522099099211103,114.79542857142857,174.0,174.0,2124,11,0.3624565601348877
A6_Context_Routing,LEBRE_V03_FROZEN_ITER4,128,SUCCESS,,1.0,0.39443053375881665,0.5004253915004271,0.542239573120149,114.8,174.0,174.0,2124,11,0.34778261184692383
A6_Context_Routing,LEBRE_V03_FROZEN_ITER4,129,SUCCESS,,1.0,0.3969446570396659,0.49746626920499487,0.5214478564551509,114.8,174.0,174.0,2124,11,0.3611299991607666
A6_Context_Routing,LEBRE_V03_FROZEN_ITER4,130,SUCCESS,,1.0,0.40934830492212015,0.5059340660941642,0.53873434118584,114.8,174.0,174.0,2124,11,0.34595680236816406
A7_Extended_Poisson_Quiescence,LEBRE_V03_FROZEN_ITER4,101,SUCCESS,,1.0,0.02470467043081286,0.07277060600711918,0.02518398761224833,131.4852857142857,196.0,1147.0,2144,12,0.4135303497314453
A7_Extended_Poisson_Quiescence,LEBRE_V03_FROZEN_ITER4,102,SUCCESS,,1.0,0.024358244969709727,0.07711764039822791,0.030228841782127265,144.48057142857144,211.0,1208.0,2304,12,0.412322998046875
A7_Extended_Poisson_Quiescence,LEBRE_V03_FROZEN_ITER4,103,SUCCESS,,1.0,0.03315904342272198,0.08432121809373674,0.03474309961119244,145.91542857142858,220.44999999999345,1202.0,2168,13,0.40392374992370605
A7_Extended_Poisson_Quiescence,LEBRE_V03_FROZEN_ITER4,104,SUCCESS,,1.0,0.02602595465340909,0.07558131960645613,0.030048446955413775,145.04214285714286,196.0,1147.0,2144,12,0.39480113983154297
A7_Extended_Poisson_Quiescence,LEBRE_V03_FROZEN_ITER4,105,SUCCESS,,1.0,0.028326041869127,0.07693559197920179,0.023436818304647923,140.98385714285715,196.0,1199.0,2304,12,0.40158605575561523
A7_Extended_Poisson_Quiescence,LEBRE_V03_FROZEN_ITER4,106,SUCCESS,,1.0,0.02472147765128746,0.07716624015385087,0.029653569553934677,143.42114285714285,211.0,1208.0,2144,12,0.39864253997802734
A7_Extended_Poisson_Quiescence,LEBRE_V03_FROZEN_ITER4,107,SUCCESS,,1.0,0.023967005639140435,0.07153742897984382,0.025351099437079385,146.66628571428572,196.0,1208.0,2304,12,0.4162566661834717
A7_Extended_Poisson_Quiescence,LEBRE_V03_FROZEN_ITER4,108,SUCCESS,,1.0,0.024399645050167222,0.07508723315975303,0.028990119664193136,129.05642857142857,196.0,1147.0,2304,12,0.40616941452026367
A7_Extended_Poisson_Quiescence,LEBRE_V03_FROZEN_ITER4,109,SUCCESS,,1.0,0.017093041974384163,0.06929641025043215,0.026681237021841744,140.069,196.0,1151.0,2304,12,0.4321279525756836
A7_Extended_Poisson_Quiescence,LEBRE_V03_FROZEN_ITER4,110,SUCCESS,,1.0,0.035505732790203054,0.08144675394248994,0.031814630738121456,140.09442857142858,196.0,1205.0,2144,12,0.43022966384887695
A7_Extended_Poisson_Quiescence,LEBRE_V03_FROZEN_ITER4,111,SUCCESS,,1.0,0.022858346339779043,0.07288709667458651,0.02415620026785091,140.68342857142858,196.0,1147.0,2144,12,0.4418330192565918
A7_Extended_Poisson_Quiescence,LEBRE_V03_FROZEN_ITER4,112,SUCCESS,,1.0,0.023577489033273228,0.07495610325758992,0.027229910168378973,134.7362857142857,196.0,1148.0,2144,12,0.4226043224334717
A7_Extended_Poisson_Quiescence,LEBRE_V03_FROZEN_ITER4,113,SUCCESS,,1.0,0.0314270989877667,0.07846647136563044,0.027512487041275915,143.14871428571428,196.0,1199.0,2144,12,0.3969550132751465
A7_Extended_Poisson_Quiescence,LEBRE_V03_FROZEN_ITER4,114,SUCCESS,,1.0,0.020483396834234377,0.07101055151478096,0.02140766841932639,127.84642857142858,196.0,1205.0,2304,12,0.3766343593597412
A7_Extended_Poisson_Quiescence,LEBRE_V03_FROZEN_ITER4,115,SUCCESS,,1.0,0.025110225917483076,0.0744361596777187,0.022968556786880184,144.8302857142857,220.8999999999869,1208.0,2304,12,0.4015007019042969
A7_Extended_Poisson_Quiescence,LEBRE_V03_FROZEN_ITER4,116,SUCCESS,,1.0,0.025335789556073917,0.07629644618721311,0.01859717089653174,143.88057142857141,196.0,1208.0,2144,12,0.42598676681518555
A7_Extended_Poisson_Quiescence,LEBRE_V03_FROZEN_ITER4,117,SUCCESS,,1.0,0.026879475816532817,0.07581430131594828,0.033529914322181206,137.20328571428573,196.0,1147.0,2304,12,0.38596487045288086
A7_Extended_Poisson_Quiescence,LEBRE_V03_FROZEN_ITER4,118,SUCCESS,,1.0,0.022635695487424935,0.07230094627399979,0.0267711187040315,136.01628571428571,196.0,1147.0,2304,12,0.40085887908935547
A7_Extended_Poisson_Quiescence,LEBRE_V03_FROZEN_ITER4,119,SUCCESS,,1.0,0.027015478478440116,0.07567220400672181,0.0240952582128971,137.7717142857143,196.0,1208.0,2144,12,0.4111649990081787
A7_Extended_Poisson_Quiescence,LEBRE_V03_FROZEN_ITER4,120,SUCCESS,,1.0,0.04241927460790341,0.08914758963210258,0.032044812203143015,147.92485714285715,280.0,1208.0,2304,12,0.4011545181274414
A7_Extended_Poisson_Quiescence,LEBRE_V03_FROZEN_ITER4,121,SUCCESS,,1.0,0.03427560871616988,0.08001281000919933,0.03349459438666664,132.971,196.0,1193.0,2144,12,0.39719128608703613
A7_Extended_Poisson_Quiescence,LEBRE_V03_FROZEN_ITER4,122,SUCCESS,,1.0,0.019985403150469032,0.0718111599879609,0.025951469679793088,133.24614285714287,196.0,1150.0,2304,12,0.3955342769622803
A7_Extended_Poisson_Quiescence,LEBRE_V03_FROZEN_ITER4,123,SUCCESS,,1.0,0.024328271768584986,0.07392158327468644,0.03497926195643524,139.857,196.0,1193.0,2144,12,0.39917922019958496
A7_Extended_Poisson_Quiescence,LEBRE_V03_FROZEN_ITER4,124,SUCCESS,,1.0,0.024381923008816014,0.07481977823047554,0.026411829517559278,134.9732857142857,196.0,1208.0,2144,12,0.38915371894836426
A7_Extended_Poisson_Quiescence,LEBRE_V03_FROZEN_ITER4,125,SUCCESS,,1.0,0.030634533284000252,0.0815256623574936,0.03163428550283665,146.689,280.0,1157.0,2304,12,0.4212946891784668
A7_Extended_Poisson_Quiescence,LEBRE_V03_FROZEN_ITER4,126,SUCCESS,,1.0,0.029825791736584003,0.07933062141972505,0.032977909893280644,132.80942857142858,196.0,1208.0,2304,12,0.3990671634674072
A7_Extended_Poisson_Quiescence,LEBRE_V03_FROZEN_ITER4,127,SUCCESS,,1.0,0.0248236867247911,0.07311311433149226,0.023443332002253334,138.074,196.0,1150.0,2304,12,0.4225146770477295
A7_Extended_Poisson_Quiescence,LEBRE_V03_FROZEN_ITER4,128,SUCCESS,,1.0,0.03104544956819829,0.08444914193384083,0.033908964209777175,142.24614285714287,211.0,1202.0,2144,12,0.452603816986084
A7_Extended_Poisson_Quiescence,LEBRE_V03_FROZEN_ITER4,129,SUCCESS,,1.0,0.03231628662551761,0.07860737059814955,0.029563930756137887,140.1987142857143,211.0,1223.0,2144,12,0.3911721706390381
A7_Extended_Poisson_Quiescence,LEBRE_V03_FROZEN_ITER4,130,SUCCESS,,1.0,0.021844367636955728,0.0746463141292598,0.0199905612566438,138.08942857142858,196.0,1154.0,2144,12,0.3977494239807129
A8_Abrupt_Tri_Regime_Transition,LEBRE_V03_FROZEN_ITER4,101,SUCCESS,,1.0,0.20223889085750346,0.22819393778651806,0.417536115047629,125.21728571428571,174.0,1147.0,2168,13,0.376401424407959
A8_Abrupt_Tri_Regime_Transition,LEBRE_V03_FROZEN_ITER4,102,SUCCESS,,1.0,0.21352914533439313,0.2292328907506799,0.4260794356924151,124.75171428571429,174.0,1162.0,2168,13,0.37522006034851074
A8_Abrupt_Tri_Regime_Transition,LEBRE_V03_FROZEN_ITER4,103,SUCCESS,,1.0,0.1430297158534469,0.16804345088771605,0.2950568831415617,126.31857142857143,174.0,1159.0,2168,13,0.3557882308959961
A8_Abrupt_Tri_Regime_Transition,LEBRE_V03_FROZEN_ITER4,104,SUCCESS,,1.0,0.335349164110354,0.34135898827563754,0.7055734910308891,123.26442857142857,174.0,1144.0,2168,13,0.3567066192626953
A8_Abrupt_Tri_Regime_Transition,LEBRE_V03_FROZEN_ITER4,105,SUCCESS,,1.0,0.12783886449179332,0.15681115512255592,0.2753788552769156,125.90342857142858,174.0,1162.0,2168,13,0.37230777740478516
A8_Abrupt_Tri_Regime_Transition,LEBRE_V03_FROZEN_ITER4,106,SUCCESS,,1.0,0.21929910825829113,0.23691437782190097,0.4419276063575665,131.07128571428572,211.0,1214.0,2168,13,0.38231611251831055
A8_Abrupt_Tri_Regime_Transition,LEBRE_V03_FROZEN_ITER4,107,SUCCESS,,1.0,0.13108897337497094,0.16459797613915353,0.26479902813372963,139.304,211.0,1217.0,2168,13,0.406566858291626
A8_Abrupt_Tri_Regime_Transition,LEBRE_V03_FROZEN_ITER4,108,SUCCESS,,1.0,0.16525705411769712,0.1950526871116634,0.3468777214933573,125.62771428571429,174.0,1162.0,2168,13,0.35953712463378906
A8_Abrupt_Tri_Regime_Transition,LEBRE_V03_FROZEN_ITER4,109,SUCCESS,,1.0,0.0537656713368226,0.09210841476504122,0.10547057201640103,127.30028571428572,174.0,1156.0,2168,13,0.4121370315551758
A8_Abrupt_Tri_Regime_Transition,LEBRE_V03_FROZEN_ITER4,110,SUCCESS,,1.0,0.35664018325604974,0.3675182190840875,0.7276677069407823,123.29585714285714,174.0,1144.0,2168,13,0.38837099075317383
A8_Abrupt_Tri_Regime_Transition,LEBRE_V03_FROZEN_ITER4,111,SUCCESS,,1.0,0.13059447192832177,0.15197647677552195,0.2655065502027484,126.01242857142857,174.0,1162.0,2168,13,0.4244959354400635
A8_Abrupt_Tri_Regime_Transition,LEBRE_V03_FROZEN_ITER4,112,SUCCESS,,1.0,0.3199957745417767,0.33656535603356497,0.6799756637004012,124.21314285714286,174.0,1147.0,2168,13,0.37716221809387207
A8_Abrupt_Tri_Regime_Transition,LEBRE_V03_FROZEN_ITER4,113,SUCCESS,,1.0,0.13423771800603598,0.1611649553364748,0.2804905979448832,126.10414285714286,174.0,1156.0,2168,13,0.3822157382965088
A8_Abrupt_Tri_Regime_Transition,LEBRE_V03_FROZEN_ITER4,114,SUCCESS,,1.0,0.3726414510723497,0.3692661052785327,0.7317398840424727,123.102,174.0,1147.0,2168,13,0.35596203804016113
A8_Abrupt_Tri_Regime_Transition,LEBRE_V03_FROZEN_ITER4,115,SUCCESS,,1.0,0.21115594076126887,0.22997337157851894,0.4297184711837619,125.21228571428571,174.0,1159.0,2168,13,0.42780351638793945
A8_Abrupt_Tri_Regime_Transition,LEBRE_V03_FROZEN_ITER4,116,SUCCESS,,1.0,0.37002387361008854,0.365513884249459,0.729451031693423,123.48071428571428,174.0,1205.0,2168,13,0.3801851272583008
A8_Abrupt_Tri_Regime_Transition,LEBRE_V03_FROZEN_ITER4,117,SUCCESS,,1.0,0.32252554277218765,0.33967737701932793,0.663247478933625,124.27842857142858,174.0,1144.0,2168,13,0.3574507236480713
A8_Abrupt_Tri_Regime_Transition,LEBRE_V03_FROZEN_ITER4,118,SUCCESS,,1.0,0.03464875861186868,0.07398775365962541,0.06948181043871089,131.63957142857143,189.0,1159.0,2168,13,0.3629872798919678
A8_Abrupt_Tri_Regime_Transition,LEBRE_V03_FROZEN_ITER4,119,SUCCESS,,1.0,0.35130503472691454,0.35999532617765595,0.7237733612523354,123.23728571428572,174.0,1144.0,2168,13,0.3647291660308838
A8_Abrupt_Tri_Regime_Transition,LEBRE_V03_FROZEN_ITER4,120,SUCCESS,,1.0,0.19626438196972348,0.21646972780588017,0.39881527496755814,124.70128571428572,174.0,1147.0,2168,13,0.3705003261566162
A8_Abrupt_Tri_Regime_Transition,LEBRE_V03_FROZEN_ITER4,121,SUCCESS,,1.0,0.31752778435523515,0.33588515882852477,0.6708973138981373,123.12357142857142,174.0,1144.0,2168,13,0.35102176666259766
A8_Abrupt_Tri_Regime_Transition,LEBRE_V03_FROZEN_ITER4,122,SUCCESS,,1.0,0.05978234282730515,0.10553695456863676,0.12123332868229975,126.02828571428572,189.0,1144.0,2148,12,0.37244582176208496
A8_Abrupt_Tri_Regime_Transition,LEBRE_V03_FROZEN_ITER4,123,SUCCESS,,1.0,0.09059078137713751,0.12386295531807631,0.19359779399984825,126.46514285714285,174.0,1141.0,2168,13,0.3745553493499756
A8_Abrupt_Tri_Regime_Transition,LEBRE_V03_FROZEN_ITER4,124,SUCCESS,,1.0,0.16741457435836726,0.19846611269392103,0.3491733158856673,125.23585714285714,174.0,1159.0,2168,13,0.36052608489990234
A8_Abrupt_Tri_Regime_Transition,LEBRE_V03_FROZEN_ITER4,125,SUCCESS,,1.0,0.35635548919471477,0.360502149342545,0.7218153892960004,123.04228571428571,174.0,1144.0,2168,13,0.3475184440612793
A8_Abrupt_Tri_Regime_Transition,LEBRE_V03_FROZEN_ITER4,126,SUCCESS,,1.0,0.13512162384951615,0.15658767058714818,0.2736464386553607,126.04714285714286,174.0,1141.0,2168,13,0.3694453239440918
A8_Abrupt_Tri_Regime_Transition,LEBRE_V03_FROZEN_ITER4,127,SUCCESS,,1.0,0.3543610245080544,0.3637110210786142,0.7005827427822006,122.99271428571429,174.0,1144.0,2168,13,0.3502500057220459
A8_Abrupt_Tri_Regime_Transition,LEBRE_V03_FROZEN_ITER4,128,SUCCESS,,1.0,0.24975797490684837,0.3155687042680564,0.5195899934157414,120.47957142857143,174.0,1147.0,2168,13,0.3636820316314697
A8_Abrupt_Tri_Regime_Transition,LEBRE_V03_FROZEN_ITER4,129,SUCCESS,,1.0,0.13506796167863502,0.16260601094083565,0.2742966824141571,126.36714285714285,174.0,1162.0,2168,13,0.3629171848297119
A8_Abrupt_Tri_Regime_Transition,LEBRE_V03_FROZEN_ITER4,130,SUCCESS,,1.0,0.2111164763056999,0.23072750545812745,0.43954692169583176,124.95928571428571,174.0,1147.0,2168,13,0.3700904846191406
H1_Damped_Harmonic_Resonator,LEBRE_V03_FROZEN_ITER4,101,SUCCESS,,1.0,6.607145318601291,1.9638428735405027,0.2428828035430439,366.4,405.0,405.0,10164,53,0.4390683174133301
H1_Damped_Harmonic_Resonator,LEBRE_V03_FROZEN_ITER4,102,SUCCESS,,1.0,5.868594989081391,1.8757196288024787,0.19933659444750926,355.9,390.0,390.0,10144,52,0.4177978038787842
H1_Damped_Harmonic_Resonator,LEBRE_V03_FROZEN_ITER4,103,SUCCESS,,1.0,6.691066062077423,1.9433359762035642,0.20632506460782493,366.4,405.0,405.0,10164,53,0.43996572494506836
H1_Damped_Harmonic_Resonator,LEBRE_V03_FROZEN_ITER4,104,SUCCESS,,1.0,8.12582771742603,2.130544153068633,0.2069072768233575,366.4,405.0,405.0,10164,53,0.43939924240112305
H1_Damped_Harmonic_Resonator,LEBRE_V03_FROZEN_ITER4,105,SUCCESS,,1.0,6.48646093601834,1.9018678096144224,0.19066768378117807,366.4,405.0,405.0,10164,53,0.42607593536376953
H1_Damped_Harmonic_Resonator,LEBRE_V03_FROZEN_ITER4,106,SUCCESS,,1.0,3.0775146160084144,1.2847427431708622,0.11975093250776006,371.2421428571429,409.0,424.0,10168,53,0.4143662452697754
H1_Damped_Harmonic_Resonator,LEBRE_V03_FROZEN_ITER4,107,SUCCESS,,1.0,3.8454024710303836,1.4031951257302997,0.11516272631930176,370.4,409.0,409.0,10168,53,0.40650010108947754
H1_Damped_Harmonic_Resonator,LEBRE_V03_FROZEN_ITER4,108,SUCCESS,,1.0,6.791953386425799,1.9346944199109655,0.20570366736631443,370.7515714285714,411.0,435.0,10184,54,0.45476651191711426
H1_Damped_Harmonic_Resonator,LEBRE_V03_FROZEN_ITER4,109,SUCCESS,,1.0,6.505685923428119,1.9648325477350592,0.19978537855587075,355.9,390.0,390.0,10144,52,0.4051229953765869
H1_Damped_Harmonic_Resonator,LEBRE_V03_FROZEN_ITER4,110,SUCCESS,,1.0,6.155993233804008,1.8677777476976707,0.2002112263574587,365.00314285714285,396.0,420.0,10184,54,0.42267704010009766
H1_Damped_Harmonic_Resonator,LEBRE_V03_FROZEN_ITER4,111,SUCCESS,,1.0,6.480195057048608,1.952676230787358,0.20529416847808216,355.9,390.0,390.0,10144,52,0.4665236473083496
H1_Damped_Harmonic_Resonator,LEBRE_V03_FROZEN_ITER4,112,SUCCESS,,1.0,6.326634348226855,1.9057864699092446,0.2028083226734095,366.4,405.0,405.0,10164,53,0.4631164073944092
H1_Damped_Harmonic_Resonator,LEBRE_V03_FROZEN_ITER4,113,SUCCESS,,1.0,6.943015425860624,1.9809723113084245,0.20641260324440855,368.6192857142857,405.0,420.0,10184,54,0.4435093402862549
H1_Damped_Harmonic_Resonator,LEBRE_V03_FROZEN_ITER4,114,SUCCESS,,1.0,6.6274436234396745,1.981493455041426,0.20908752860517388,355.9,390.0,390.0,10144,52,0.40684080123901367
H1_Damped_Harmonic_Resonator,LEBRE_V03_FROZEN_ITER4,115,SUCCESS,,1.0,6.89757348149121,2.0170255920848708,0.19735918597554278,355.9,390.0,390.0,10144,52,0.44984889030456543
H1_Damped_Harmonic_Resonator,LEBRE_V03_FROZEN_ITER4,116,SUCCESS,,1.0,7.366170090374175,2.044930951447303,0.19186422138979087,355.9,390.0,390.0,10144,52,0.4170048236846924
H1_Damped_Harmonic_Resonator,LEBRE_V03_FROZEN_ITER4,117,SUCCESS,,1.0,5.6196142495682295,1.7891781666902224,0.192563011872102,372.32642857142855,420.0,420.0,10164,53,0.5318794250488281
H1_Damped_Harmonic_Resonator,LEBRE_V03_FROZEN_ITER4,118,SUCCESS,,1.0,6.455554341261168,1.9434469668962318,0.22189677774594865,366.86385714285717,405.0,420.0,10184,54,0.4698793888092041
H1_Damped_Harmonic_Resonator,LEBRE_V03_FROZEN_ITER4,119,SUCCESS,,1.0,7.075547181981773,2.0181107980293014,0.20575769645840555,355.9,390.0,390.0,10144,52,0.3917567729949951
H1_Damped_Harmonic_Resonator,LEBRE_V03_FROZEN_ITER4,120,SUCCESS,,1.0,7.681382520595213,2.0837853814422234,0.192427693175507,355.9,390.0,390.0,10144,52,0.38294553756713867
H1_Damped_Harmonic_Resonator,LEBRE_V03_FROZEN_ITER4,121,SUCCESS,,1.0,5.810117282657609,1.8388360124263505,0.19434238632587916,366.4,405.0,405.0,10164,53,0.44068408012390137
H1_Damped_Harmonic_Resonator,LEBRE_V03_FROZEN_ITER4,122,SUCCESS,,1.0,6.9214280492996245,1.9716580932606291,0.24709581142197892,367.31385714285716,405.0,420.0,10184,54,0.42527341842651367
H1_Damped_Harmonic_Resonator,LEBRE_V03_FROZEN_ITER4,123,SUCCESS,,1.0,6.587153818850116,1.8491205262262145,0.164336915784982,374.0497142857143,420.0,423.0,10184,54,0.45676541328430176
H1_Damped_Harmonic_Resonator,LEBRE_V03_FROZEN_ITER4,124,SUCCESS,,1.0,7.092408186486206,2.0026052873961917,0.21860404929922042,366.4,405.0,405.0,10164,53,0.4483368396759033
H1_Damped_Harmonic_Resonator,LEBRE_V03_FROZEN_ITER4,125,SUCCESS,,1.0,5.887449470072287,1.8730696917092287,0.2098977752376979,367.25642857142856,405.0,420.0,10184,54,0.5053164958953857
H1_Damped_Harmonic_Resonator,LEBRE_V03_FROZEN_ITER4,126,SUCCESS,,1.0,7.026045731609108,2.00481677125555,0.18907326384814513,355.9,390.0,390.0,10144,52,0.41628146171569824
H1_Damped_Harmonic_Resonator,LEBRE_V03_FROZEN_ITER4,127,SUCCESS,,1.0,5.658827610048151,1.8537190099329512,0.21560163374679592,355.9,390.0,390.0,10144,52,0.3915977478027344
H1_Damped_Harmonic_Resonator,LEBRE_V03_FROZEN_ITER4,128,SUCCESS,,1.0,5.976848091221462,1.829770639806493,0.21404658467692136,370.3588571428571,405.0,420.0,10184,54,0.4368016719818115
H1_Damped_Harmonic_Resonator,LEBRE_V03_FROZEN_ITER4,129,SUCCESS,,1.0,6.709009302296055,1.9785269253969233,0.21046086519880028,355.9,390.0,390.0,10144,52,0.4106578826904297
H1_Damped_Harmonic_Resonator,LEBRE_V03_FROZEN_ITER4,130,SUCCESS,,1.0,5.837548514138792,1.8601146037275862,0.21033186389921,355.9,390.0,390.0,10144,52,0.4067509174346924
H2_Switching_Delayed_Volterra,LEBRE_V03_FROZEN_ITER4,101,SUCCESS,,1.0,2.2156633223038105,1.1330784934932918,0.7828977617381888,303.9742857142857,330.0,850.0,8144,42,0.433696985244751
H2_Switching_Delayed_Volterra,LEBRE_V03_FROZEN_ITER4,102,SUCCESS,,1.0,2.1501408623679397,1.1273614320733358,0.7785850193987912,295.9,330.0,330.0,8144,42,0.39423274993896484
H2_Switching_Delayed_Volterra,LEBRE_V03_FROZEN_ITER4,103,SUCCESS,,1.0,1.7073979863955138,0.9957826686518204,0.6723943662248429,319.2894285714286,349.0,4201.0,8168,43,0.43137145042419434
H2_Switching_Delayed_Volterra,LEBRE_V03_FROZEN_ITER4,104,SUCCESS,,1.0,1.9200734047548047,1.0610926835929573,0.7154076093690145,308.36514285714287,349.0,349.0,8148,42,0.39689040184020996
H2_Switching_Delayed_Volterra,LEBRE_V03_FROZEN_ITER4,105,SUCCESS,,1.0,2.079096751206489,1.0952752508592651,0.8372908959406742,295.9,330.0,330.0,8144,42,0.38456177711486816
H2_Switching_Delayed_Volterra,LEBRE_V03_FROZEN_ITER4,106,SUCCESS,,1.0,2.1455953671931627,1.1000161767280787,0.8006319650026397,295.9,330.0,330.0,8144,42,0.3877902030944824
H2_Switching_Delayed_Volterra,LEBRE_V03_FROZEN_ITER4,107,SUCCESS,,1.0,1.7582087740259158,1.0184300435509943,0.6347552388555961,310.4,349.0,349.0,8168,43,0.4126415252685547
H2_Switching_Delayed_Volterra,LEBRE_V03_FROZEN_ITER4,108,SUCCESS,,1.0,1.942217929132161,1.0632867449068215,0.8166639960989138,295.9,330.0,330.0,8144,42,0.3812692165374756
H2_Switching_Delayed_Volterra,LEBRE_V03_FROZEN_ITER4,109,SUCCESS,,1.0,2.1181624063347937,1.1163283863863633,0.7974323301901751,295.9,330.0,330.0,8144,42,0.3817429542541504
H2_Switching_Delayed_Volterra,LEBRE_V03_FROZEN_ITER4,110,SUCCESS,,1.0,2.0923573834834337,1.0946425530442638,0.8142010080888245,295.9,330.0,330.0,8144,42,0.3981668949127197
H2_Switching_Delayed_Volterra,LEBRE_V03_FROZEN_ITER4,111,SUCCESS,,1.0,1.929710943723748,1.0600051997240525,0.7981294510923009,295.9,330.0,330.0,8144,42,0.387256383895874
H2_Switching_Delayed_Volterra,LEBRE_V03_FROZEN_ITER4,112,SUCCESS,,1.0,1.7280241182951406,1.0208822751476154,0.6635166793522188,308.6444285714286,349.0,349.0,8148,42,0.41042280197143555
H2_Switching_Delayed_Volterra,LEBRE_V03_FROZEN_ITER4,113,SUCCESS,,1.0,1.6042650484174747,0.9640374422814815,0.6727097297759922,308.743,349.0,349.0,8148,42,0.3939859867095947
H2_Switching_Delayed_Volterra,LEBRE_V03_FROZEN_ITER4,114,SUCCESS,,1.0,2.1277514346210276,1.1040181163683014,0.8192303786848298,295.9,330.0,330.0,8144,42,0.4007406234741211
H2_Switching_Delayed_Volterra,LEBRE_V03_FROZEN_ITER4,115,SUCCESS,,1.0,2.144517460588273,1.1110897923876775,0.7756007413564833,298.9,333.0,333.0,8148,42,0.3829658031463623
H2_Switching_Delayed_Volterra,LEBRE_V03_FROZEN_ITER4,116,SUCCESS,,1.0,2.375299360900542,1.1562946294472949,0.8170441830785464,309.2417142857143,401.0,4204.0,8144,42,0.41285181045532227
H2_Switching_Delayed_Volterra,LEBRE_V03_FROZEN_ITER4,117,SUCCESS,,1.0,1.875528198142828,1.0367489998333999,0.8273908966313537,310.3125714285714,401.0,4220.0,8144,42,0.4473710060119629
H2_Switching_Delayed_Volterra,LEBRE_V03_FROZEN_ITER4,118,SUCCESS,,1.0,2.0598309734407763,1.0831752745142516,0.8173678682497262,295.9,330.0,330.0,8144,42,0.45769238471984863
H2_Switching_Delayed_Volterra,LEBRE_V03_FROZEN_ITER4,119,SUCCESS,,1.0,2.1023070122735334,1.104345535428862,0.8062259053967398,295.9,330.0,330.0,8144,42,0.4133303165435791
H2_Switching_Delayed_Volterra,LEBRE_V03_FROZEN_ITER4,120,SUCCESS,,1.0,1.971772883693972,1.0691404448218031,0.7154055915224308,317.17314285714286,349.0,4217.0,8124,41,0.4922349452972412
H2_Switching_Delayed_Volterra,LEBRE_V03_FROZEN_ITER4,121,SUCCESS,,1.0,1.8338580050550237,1.0182128359602531,0.7472431993128367,328.95514285714285,586.0,4220.0,8144,42,0.43094515800476074
H2_Switching_Delayed_Volterra,LEBRE_V03_FROZEN_ITER4,122,SUCCESS,,1.0,1.5910344197025728,0.976343932708809,0.637217868863197,310.4,349.0,349.0,8168,43,0.41414809226989746
H2_Switching_Delayed_Volterra,LEBRE_V03_FROZEN_ITER4,123,SUCCESS,,1.0,1.677782160723434,1.0012342705168957,0.6209061441204493,310.4,349.0,349.0,8168,43,0.4035332202911377
H2_Switching_Delayed_Volterra,LEBRE_V03_FROZEN_ITER4,124,SUCCESS,,1.0,2.363092688612229,1.1479470367410878,0.9039196775337328,295.9,330.0,330.0,8144,42,0.37683820724487305
H2_Switching_Delayed_Volterra,LEBRE_V03_FROZEN_ITER4,125,SUCCESS,,1.0,1.805025354044192,1.0338125593656704,0.6820962234248098,310.4,349.0,349.0,8168,43,0.4341115951538086
H2_Switching_Delayed_Volterra,LEBRE_V03_FROZEN_ITER4,126,SUCCESS,,1.0,1.9290385338460863,1.0674641110622378,0.6541486710042067,305.9172857142857,349.0,349.0,8148,42,0.43238115310668945
H2_Switching_Delayed_Volterra,LEBRE_V03_FROZEN_ITER4,127,SUCCESS,,1.0,1.6727709365261316,1.0033959491373332,0.6233276504746238,310.4,349.0,349.0,8168,43,0.41808128356933594
H2_Switching_Delayed_Volterra,LEBRE_V03_FROZEN_ITER4,128,SUCCESS,,1.0,1.7944514492998849,1.0296456406653463,0.673744785324976,307.65871428571427,349.0,349.0,8148,42,0.42827582359313965
H2_Switching_Delayed_Volterra,LEBRE_V03_FROZEN_ITER4,129,SUCCESS,,1.0,1.4871589955660467,0.9407653000866567,0.6473076595091495,310.4,349.0,349.0,8168,43,0.4085509777069092
H2_Switching_Delayed_Volterra,LEBRE_V03_FROZEN_ITER4,130,SUCCESS,,1.0,1.6621605010863651,0.986057265932746,0.6592522006292654,315.38642857142855,349.0,4201.0,8168,43,0.4172680377960205
B1_NSW_Electricity_Derived_Regression,LEBRE_V03_FROZEN_ITER4,101,SUCCESS,,1.0,0.000522891026873473,0.008252095991057584,0.2804587484413612,94.04107947917652,144.0,646.0,1244,8,1.7580101490020752
B1_NSW_Electricity_Derived_Regression,LEBRE_V03_FROZEN_ITER4,102,SUCCESS,,1.0,0.000522891026873473,0.008252095991057584,0.2804587484413612,94.04107947917652,144.0,646.0,1244,8,1.8400890827178955
B1_NSW_Electricity_Derived_Regression,LEBRE_V03_FROZEN_ITER4,103,SUCCESS,,1.0,0.000522891026873473,0.008252095991057584,0.2804587484413612,94.04107947917652,144.0,646.0,1244,8,1.7982237339019775
B1_NSW_Electricity_Derived_Regression,LEBRE_V03_FROZEN_ITER4,104,SUCCESS,,1.0,0.000522891026873473,0.008252095991057584,0.2804587484413612,94.04107947917652,144.0,646.0,1244,8,1.8669865131378174
B1_NSW_Electricity_Derived_Regression,LEBRE_V03_FROZEN_ITER4,105,SUCCESS,,1.0,0.000522891026873473,0.008252095991057584,0.2804587484413612,94.04107947917652,144.0,646.0,1244,8,1.7459442615509033
B1_NSW_Electricity_Derived_Regression,LEBRE_V03_FROZEN_ITER4,106,SUCCESS,,1.0,0.000522891026873473,0.008252095991057584,0.2804587484413612,94.04107947917652,144.0,646.0,1244,8,1.7290558815002441
B1_NSW_Electricity_Derived_Regression,LEBRE_V03_FROZEN_ITER4,107,SUCCESS,,1.0,0.000522891026873473,0.008252095991057584,0.2804587484413612,94.04107947917652,144.0,646.0,1244,8,1.6859817504882812
B1_NSW_Electricity_Derived_Regression,LEBRE_V03_FROZEN_ITER4,108,SUCCESS,,1.0,0.000522891026873473,0.008252095991057584,0.2804587484413612,94.04107947917652,144.0,646.0,1244,8,1.6557908058166504
B1_NSW_Electricity_Derived_Regression,LEBRE_V03_FROZEN_ITER4,109,SUCCESS,,1.0,0.000522891026873473,0.008252095991057584,0.2804587484413612,94.04107947917652,144.0,646.0,1244,8,1.686310052871704
B1_NSW_Electricity_Derived_Regression,LEBRE_V03_FROZEN_ITER4,110,SUCCESS,,1.0,0.000522891026873473,0.008252095991057584,0.2804587484413612,94.04107947917652,144.0,646.0,1244,8,1.7365150451660156
B1_NSW_Electricity_Derived_Regression,LEBRE_V03_FROZEN_ITER4,111,SUCCESS,,1.0,0.000522891026873473,0.008252095991057584,0.2804587484413612,94.04107947917652,144.0,646.0,1244,8,1.704540491104126
B1_NSW_Electricity_Derived_Regression,LEBRE_V03_FROZEN_ITER4,112,SUCCESS,,1.0,0.000522891026873473,0.008252095991057584,0.2804587484413612,94.04107947917652,144.0,646.0,1244,8,1.7698957920074463
B1_NSW_Electricity_Derived_Regression,LEBRE_V03_FROZEN_ITER4,113,SUCCESS,,1.0,0.000522891026873473,0.008252095991057584,0.2804587484413612,94.04107947917652,144.0,646.0,1244,8,1.7149078845977783
B1_NSW_Electricity_Derived_Regression,LEBRE_V03_FROZEN_ITER4,114,SUCCESS,,1.0,0.000522891026873473,0.008252095991057584,0.2804587484413612,94.04107947917652,144.0,646.0,1244,8,1.7208385467529297
B1_NSW_Electricity_Derived_Regression,LEBRE_V03_FROZEN_ITER4,115,SUCCESS,,1.0,0.000522891026873473,0.008252095991057584,0.2804587484413612,94.04107947917652,144.0,646.0,1244,8,1.6770222187042236
B1_NSW_Electricity_Derived_Regression,LEBRE_V03_FROZEN_ITER4,116,SUCCESS,,1.0,0.000522891026873473,0.008252095991057584,0.2804587484413612,94.04107947917652,144.0,646.0,1244,8,1.7183465957641602
B1_NSW_Electricity_Derived_Regression,LEBRE_V03_FROZEN_ITER4,117,SUCCESS,,1.0,0.000522891026873473,0.008252095991057584,0.2804587484413612,94.04107947917652,144.0,646.0,1244,8,1.6476991176605225
B1_NSW_Electricity_Derived_Regression,LEBRE_V03_FROZEN_ITER4,118,SUCCESS,,1.0,0.000522891026873473,0.008252095991057584,0.2804587484413612,94.04107947917652,144.0,646.0,1244,8,1.6531362533569336
B1_NSW_Electricity_Derived_Regression,LEBRE_V03_FROZEN_ITER4,119,SUCCESS,,1.0,0.000522891026873473,0.008252095991057584,0.2804587484413612,94.04107947917652,144.0,646.0,1244,8,1.78993558883667
B1_NSW_Electricity_Derived_Regression,LEBRE_V03_FROZEN_ITER4,120,SUCCESS,,1.0,0.000522891026873473,0.008252095991057584,0.2804587484413612,94.04107947917652,144.0,646.0,1244,8,1.722292423248291
B1_NSW_Electricity_Derived_Regression,LEBRE_V03_FROZEN_ITER4,121,SUCCESS,,1.0,0.000522891026873473,0.008252095991057584,0.2804587484413612,94.04107947917652,144.0,646.0,1244,8,1.6882517337799072
B1_NSW_Electricity_Derived_Regression,LEBRE_V03_FROZEN_ITER4,122,SUCCESS,,1.0,0.000522891026873473,0.008252095991057584,0.2804587484413612,94.04107947917652,144.0,646.0,1244,8,1.6681101322174072
B1_NSW_Electricity_Derived_Regression,LEBRE_V03_FROZEN_ITER4,123,SUCCESS,,1.0,0.000522891026873473,0.008252095991057584,0.2804587484413612,94.04107947917652,144.0,646.0,1244,8,1.806502342224121
B1_NSW_Electricity_Derived_Regression,LEBRE_V03_FROZEN_ITER4,124,SUCCESS,,1.0,0.000522891026873473,0.008252095991057584,0.2804587484413612,94.04107947917652,144.0,646.0,1244,8,1.8776142597198486
B1_NSW_Electricity_Derived_Regression,LEBRE_V03_FROZEN_ITER4,125,SUCCESS,,1.0,0.000522891026873473,0.008252095991057584,0.2804587484413612,94.04107947917652,144.0,646.0,1244,8,1.7473728656768799
B1_NSW_Electricity_Derived_Regression,LEBRE_V03_FROZEN_ITER4,126,SUCCESS,,1.0,0.000522891026873473,0.008252095991057584,0.2804587484413612,94.04107947917652,144.0,646.0,1244,8,1.7259063720703125
B1_NSW_Electricity_Derived_Regression,LEBRE_V03_FROZEN_ITER4,127,SUCCESS,,1.0,0.000522891026873473,0.008252095991057584,0.2804587484413612,94.04107947917652,144.0,646.0,1244,8,1.7017278671264648
B1_NSW_Electricity_Derived_Regression,LEBRE_V03_FROZEN_ITER4,128,SUCCESS,,1.0,0.000522891026873473,0.008252095991057584,0.2804587484413612,94.04107947917652,144.0,646.0,1244,8,1.7002546787261963
B1_NSW_Electricity_Derived_Regression,LEBRE_V03_FROZEN_ITER4,129,SUCCESS,,1.0,0.000522891026873473,0.008252095991057584,0.2804587484413612,94.04107947917652,144.0,646.0,1244,8,1.6952199935913086
B1_NSW_Electricity_Derived_Regression,LEBRE_V03_FROZEN_ITER4,130,SUCCESS,,1.0,0.000522891026873473,0.008252095991057584,0.2804587484413612,94.04107947917652,144.0,646.0,1244,8,1.7736973762512207
B2_Jena_Weather,LEBRE_V03_FROZEN_ITER4,101,SUCCESS,,1.0,0.02582990764098617,0.10760398047861225,0.00041071816744891586,147.88387755102042,189.0,1492.0,2744,15,3.110792636871338
B2_Jena_Weather,LEBRE_V03_FROZEN_ITER4,102,SUCCESS,,1.0,0.02582990764098617,0.10760398047861225,0.00041071816744891586,147.88387755102042,189.0,1492.0,2744,15,2.8973195552825928
B2_Jena_Weather,LEBRE_V03_FROZEN_ITER4,103,SUCCESS,,1.0,0.02582990764098617,0.10760398047861225,0.00041071816744891586,147.88387755102042,189.0,1492.0,2744,15,2.7891035079956055
B2_Jena_Weather,LEBRE_V03_FROZEN_ITER4,104,SUCCESS,,1.0,0.02582990764098617,0.10760398047861225,0.00041071816744891586,147.88387755102042,189.0,1492.0,2744,15,2.7928099632263184
B2_Jena_Weather,LEBRE_V03_FROZEN_ITER4,105,SUCCESS,,1.0,0.02582990764098617,0.10760398047861225,0.00041071816744891586,147.88387755102042,189.0,1492.0,2744,15,3.0323266983032227
B2_Jena_Weather,LEBRE_V03_FROZEN_ITER4,106,SUCCESS,,1.0,0.02582990764098617,0.10760398047861225,0.00041071816744891586,147.88387755102042,189.0,1492.0,2744,15,2.9458818435668945
B2_Jena_Weather,LEBRE_V03_FROZEN_ITER4,107,SUCCESS,,1.0,0.02582990764098617,0.10760398047861225,0.00041071816744891586,147.88387755102042,189.0,1492.0,2744,15,2.9543442726135254
B2_Jena_Weather,LEBRE_V03_FROZEN_ITER4,108,SUCCESS,,1.0,0.02582990764098617,0.10760398047861225,0.00041071816744891586,147.88387755102042,189.0,1492.0,2744,15,2.984398126602173
B2_Jena_Weather,LEBRE_V03_FROZEN_ITER4,109,SUCCESS,,1.0,0.02582990764098617,0.10760398047861225,0.00041071816744891586,147.88387755102042,189.0,1492.0,2744,15,2.8799688816070557
B2_Jena_Weather,LEBRE_V03_FROZEN_ITER4,110,SUCCESS,,1.0,0.02582990764098617,0.10760398047861225,0.00041071816744891586,147.88387755102042,189.0,1492.0,2744,15,3.06931734085083
B2_Jena_Weather,LEBRE_V03_FROZEN_ITER4,111,SUCCESS,,1.0,0.02582990764098617,0.10760398047861225,0.00041071816744891586,147.88387755102042,189.0,1492.0,2744,15,2.8740289211273193
B2_Jena_Weather,LEBRE_V03_FROZEN_ITER4,112,SUCCESS,,1.0,0.02582990764098617,0.10760398047861225,0.00041071816744891586,147.88387755102042,189.0,1492.0,2744,15,2.8853237628936768
B2_Jena_Weather,LEBRE_V03_FROZEN_ITER4,113,SUCCESS,,1.0,0.02582990764098617,0.10760398047861225,0.00041071816744891586,147.88387755102042,189.0,1492.0,2744,15,2.8705689907073975
B2_Jena_Weather,LEBRE_V03_FROZEN_ITER4,114,SUCCESS,,1.0,0.02582990764098617,0.10760398047861225,0.00041071816744891586,147.88387755102042,189.0,1492.0,2744,15,2.9653987884521484
B2_Jena_Weather,LEBRE_V03_FROZEN_ITER4,115,SUCCESS,,1.0,0.02582990764098617,0.10760398047861225,0.00041071816744891586,147.88387755102042,189.0,1492.0,2744,15,2.852627992630005
B2_Jena_Weather,LEBRE_V03_FROZEN_ITER4,116,SUCCESS,,1.0,0.02582990764098617,0.10760398047861225,0.00041071816744891586,147.88387755102042,189.0,1492.0,2744,15,2.977893114089966
B2_Jena_Weather,LEBRE_V03_FROZEN_ITER4,117,SUCCESS,,1.0,0.02582990764098617,0.10760398047861225,0.00041071816744891586,147.88387755102042,189.0,1492.0,2744,15,2.7662510871887207
B2_Jena_Weather,LEBRE_V03_FROZEN_ITER4,118,SUCCESS,,1.0,0.02582990764098617,0.10760398047861225,0.00041071816744891586,147.88387755102042,189.0,1492.0,2744,15,2.841165781021118
B2_Jena_Weather,LEBRE_V03_FROZEN_ITER4,119,SUCCESS,,1.0,0.02582990764098617,0.10760398047861225,0.00041071816744891586,147.88387755102042,189.0,1492.0,2744,15,3.076798439025879
B2_Jena_Weather,LEBRE_V03_FROZEN_ITER4,120,SUCCESS,,1.0,0.02582990764098617,0.10760398047861225,0.00041071816744891586,147.88387755102042,189.0,1492.0,2744,15,3.1705877780914307
B2_Jena_Weather,LEBRE_V03_FROZEN_ITER4,121,SUCCESS,,1.0,0.02582990764098617,0.10760398047861225,0.00041071816744891586,147.88387755102042,189.0,1492.0,2744,15,2.7707066535949707
B2_Jena_Weather,LEBRE_V03_FROZEN_ITER4,122,SUCCESS,,1.0,0.02582990764098617,0.10760398047861225,0.00041071816744891586,147.88387755102042,189.0,1492.0,2744,15,2.760941743850708
B2_Jena_Weather,LEBRE_V03_FROZEN_ITER4,123,SUCCESS,,1.0,0.02582990764098617,0.10760398047861225,0.00041071816744891586,147.88387755102042,189.0,1492.0,2744,15,2.8697056770324707
B2_Jena_Weather,LEBRE_V03_FROZEN_ITER4,124,SUCCESS,,1.0,0.02582990764098617,0.10760398047861225,0.00041071816744891586,147.88387755102042,189.0,1492.0,2744,15,3.137727737426758
B2_Jena_Weather,LEBRE_V03_FROZEN_ITER4,125,SUCCESS,,1.0,0.02582990764098617,0.10760398047861225,0.00041071816744891586,147.88387755102042,189.0,1492.0,2744,15,2.7615604400634766
B2_Jena_Weather,LEBRE_V03_FROZEN_ITER4,126,SUCCESS,,1.0,0.02582990764098617,0.10760398047861225,0.00041071816744891586,147.88387755102042,189.0,1492.0,2744,15,2.9234848022460938
B2_Jena_Weather,LEBRE_V03_FROZEN_ITER4,127,SUCCESS,,1.0,0.02582990764098617,0.10760398047861225,0.00041071816744891586,147.88387755102042,189.0,1492.0,2744,15,2.8958287239074707
B2_Jena_Weather,LEBRE_V03_FROZEN_ITER4,128,SUCCESS,,1.0,0.02582990764098617,0.10760398047861225,0.00041071816744891586,147.88387755102042,189.0,1492.0,2744,15,3.2031517028808594
B2_Jena_Weather,LEBRE_V03_FROZEN_ITER4,129,SUCCESS,,1.0,0.02582990764098617,0.10760398047861225,0.00041071816744891586,147.88387755102042,189.0,1492.0,2744,15,3.0693795680999756
B2_Jena_Weather,LEBRE_V03_FROZEN_ITER4,130,SUCCESS,,1.0,0.02582990764098617,0.10760398047861225,0.00041071816744891586,147.88387755102042,189.0,1492.0,2744,15,3.2535762786865234
B3_Gas_Dynamic_Mixture,LEBRE_V03_FROZEN_ITER4,101,SUCCESS,,1.0,142.88492025912075,1.325708970054832,0.00246144677709742,147.14935714285716,186.0,1762.0,3344,18,0.7023494243621826
B3_Gas_Dynamic_Mixture,LEBRE_V03_FROZEN_ITER4,102,SUCCESS,,1.0,142.88492025912075,1.325708970054832,0.00246144677709742,147.14935714285716,186.0,1762.0,3344,18,0.687464714050293
B3_Gas_Dynamic_Mixture,LEBRE_V03_FROZEN_ITER4,103,SUCCESS,,1.0,142.88492025912075,1.325708970054832,0.00246144677709742,147.14935714285716,186.0,1762.0,3344,18,0.7320806980133057
B3_Gas_Dynamic_Mixture,LEBRE_V03_FROZEN_ITER4,104,SUCCESS,,1.0,142.88492025912075,1.325708970054832,0.00246144677709742,147.14935714285716,186.0,1762.0,3344,18,0.6890873908996582
B3_Gas_Dynamic_Mixture,LEBRE_V03_FROZEN_ITER4,105,SUCCESS,,1.0,142.88492025912075,1.325708970054832,0.00246144677709742,147.14935714285716,186.0,1762.0,3344,18,0.6498653888702393
B3_Gas_Dynamic_Mixture,LEBRE_V03_FROZEN_ITER4,106,SUCCESS,,1.0,142.88492025912075,1.325708970054832,0.00246144677709742,147.14935714285716,186.0,1762.0,3344,18,0.6406846046447754
B3_Gas_Dynamic_Mixture,LEBRE_V03_FROZEN_ITER4,107,SUCCESS,,1.0,142.88492025912075,1.325708970054832,0.00246144677709742,147.14935714285716,186.0,1762.0,3344,18,0.6900863647460938
B3_Gas_Dynamic_Mixture,LEBRE_V03_FROZEN_ITER4,108,SUCCESS,,1.0,142.88492025912075,1.325708970054832,0.00246144677709742,147.14935714285716,186.0,1762.0,3344,18,0.7407097816467285
B3_Gas_Dynamic_Mixture,LEBRE_V03_FROZEN_ITER4,109,SUCCESS,,1.0,142.88492025912075,1.325708970054832,0.00246144677709742,147.14935714285716,186.0,1762.0,3344,18,0.6674754619598389
B3_Gas_Dynamic_Mixture,LEBRE_V03_FROZEN_ITER4,110,SUCCESS,,1.0,142.88492025912075,1.325708970054832,0.00246144677709742,147.14935714285716,186.0,1762.0,3344,18,0.6875333786010742
B3_Gas_Dynamic_Mixture,LEBRE_V03_FROZEN_ITER4,111,SUCCESS,,1.0,142.88492025912075,1.325708970054832,0.00246144677709742,147.14935714285716,186.0,1762.0,3344,18,0.7529520988464355
B3_Gas_Dynamic_Mixture,LEBRE_V03_FROZEN_ITER4,112,SUCCESS,,1.0,142.88492025912075,1.325708970054832,0.00246144677709742,147.14935714285716,186.0,1762.0,3344,18,0.7666811943054199
B3_Gas_Dynamic_Mixture,LEBRE_V03_FROZEN_ITER4,113,SUCCESS,,1.0,142.88492025912075,1.325708970054832,0.00246144677709742,147.14935714285716,186.0,1762.0,3344,18,0.6835787296295166
B3_Gas_Dynamic_Mixture,LEBRE_V03_FROZEN_ITER4,114,SUCCESS,,1.0,142.88492025912075,1.325708970054832,0.00246144677709742,147.14935714285716,186.0,1762.0,3344,18,0.756779670715332
B3_Gas_Dynamic_Mixture,LEBRE_V03_FROZEN_ITER4,115,SUCCESS,,1.0,142.88492025912075,1.325708970054832,0.00246144677709742,147.14935714285716,186.0,1762.0,3344,18,0.9056720733642578
B3_Gas_Dynamic_Mixture,LEBRE_V03_FROZEN_ITER4,116,SUCCESS,,1.0,142.88492025912075,1.325708970054832,0.00246144677709742,147.14935714285716,186.0,1762.0,3344,18,0.6998896598815918
B3_Gas_Dynamic_Mixture,LEBRE_V03_FROZEN_ITER4,117,SUCCESS,,1.0,142.88492025912075,1.325708970054832,0.00246144677709742,147.14935714285716,186.0,1762.0,3344,18,0.78446364402771
B3_Gas_Dynamic_Mixture,LEBRE_V03_FROZEN_ITER4,118,SUCCESS,,1.0,142.88492025912075,1.325708970054832,0.00246144677709742,147.14935714285716,186.0,1762.0,3344,18,0.6577515602111816
B3_Gas_Dynamic_Mixture,LEBRE_V03_FROZEN_ITER4,119,SUCCESS,,1.0,142.88492025912075,1.325708970054832,0.00246144677709742,147.14935714285716,186.0,1762.0,3344,18,0.8859381675720215
B3_Gas_Dynamic_Mixture,LEBRE_V03_FROZEN_ITER4,120,SUCCESS,,1.0,142.88492025912075,1.325708970054832,0.00246144677709742,147.14935714285716,186.0,1762.0,3344,18,0.7163405418395996
B3_Gas_Dynamic_Mixture,LEBRE_V03_FROZEN_ITER4,121,SUCCESS,,1.0,142.88492025912075,1.325708970054832,0.00246144677709742,147.14935714285716,186.0,1762.0,3344,18,0.7767961025238037
B3_Gas_Dynamic_Mixture,LEBRE_V03_FROZEN_ITER4,122,SUCCESS,,1.0,142.88492025912075,1.325708970054832,0.00246144677709742,147.14935714285716,186.0,1762.0,3344,18,0.6204395294189453
B3_Gas_Dynamic_Mixture,LEBRE_V03_FROZEN_ITER4,123,SUCCESS,,1.0,142.88492025912075,1.325708970054832,0.00246144677709742,147.14935714285716,186.0,1762.0,3344,18,0.8130841255187988
B3_Gas_Dynamic_Mixture,LEBRE_V03_FROZEN_ITER4,124,SUCCESS,,1.0,142.88492025912075,1.325708970054832,0.00246144677709742,147.14935714285716,186.0,1762.0,3344,18,0.6381237506866455
B3_Gas_Dynamic_Mixture,LEBRE_V03_FROZEN_ITER4,125,SUCCESS,,1.0,142.88492025912075,1.325708970054832,0.00246144677709742,147.14935714285716,186.0,1762.0,3344,18,0.9700918197631836
B3_Gas_Dynamic_Mixture,LEBRE_V03_FROZEN_ITER4,126,SUCCESS,,1.0,142.88492025912075,1.325708970054832,0.00246144677709742,147.14935714285716,186.0,1762.0,3344,18,0.6699841022491455
B3_Gas_Dynamic_Mixture,LEBRE_V03_FROZEN_ITER4,127,SUCCESS,,1.0,142.88492025912075,1.325708970054832,0.00246144677709742,147.14935714285716,186.0,1762.0,3344,18,0.9988367557525635
B3_Gas_Dynamic_Mixture,LEBRE_V03_FROZEN_ITER4,128,SUCCESS,,1.0,142.88492025912075,1.325708970054832,0.00246144677709742,147.14935714285716,186.0,1762.0,3344,18,0.7643139362335205
B3_Gas_Dynamic_Mixture,LEBRE_V03_FROZEN_ITER4,129,SUCCESS,,1.0,142.88492025912075,1.325708970054832,0.00246144677709742,147.14935714285716,186.0,1762.0,3344,18,0.9420351982116699
B3_Gas_Dynamic_Mixture,LEBRE_V03_FROZEN_ITER4,130,SUCCESS,,1.0,142.88492025912075,1.325708970054832,0.00246144677709742,147.14935714285716,186.0,1762.0,3344,18,0.6892943382263184
B4_Silverbox_System_ID,LEBRE_V03_FROZEN_ITER4,101,SUCCESS,,1.0,0.0018755908228096148,0.03208027899649797,0.4866031001941002,88.89310714285715,147.0,292.0,404,6,1.882965326309204
B4_Silverbox_System_ID,LEBRE_V03_FROZEN_ITER4,102,SUCCESS,,1.0,0.0018755908228096148,0.03208027899649797,0.4866031001941002,88.89310714285715,147.0,292.0,404,6,1.595510721206665
B4_Silverbox_System_ID,LEBRE_V03_FROZEN_ITER4,103,SUCCESS,,1.0,0.0018755908228096148,0.03208027899649797,0.4866031001941002,88.89310714285715,147.0,292.0,404,6,1.7851204872131348
B4_Silverbox_System_ID,LEBRE_V03_FROZEN_ITER4,104,SUCCESS,,1.0,0.0018755908228096148,0.03208027899649797,0.4866031001941002,88.89310714285715,147.0,292.0,404,6,1.5585801601409912
B4_Silverbox_System_ID,LEBRE_V03_FROZEN_ITER4,105,SUCCESS,,1.0,0.0018755908228096148,0.03208027899649797,0.4866031001941002,88.89310714285715,147.0,292.0,404,6,1.7660109996795654
B4_Silverbox_System_ID,LEBRE_V03_FROZEN_ITER4,106,SUCCESS,,1.0,0.0018755908228096148,0.03208027899649797,0.4866031001941002,88.89310714285715,147.0,292.0,404,6,1.59415864944458
B4_Silverbox_System_ID,LEBRE_V03_FROZEN_ITER4,107,SUCCESS,,1.0,0.0018755908228096148,0.03208027899649797,0.4866031001941002,88.89310714285715,147.0,292.0,404,6,1.7502245903015137
B4_Silverbox_System_ID,LEBRE_V03_FROZEN_ITER4,108,SUCCESS,,1.0,0.0018755908228096148,0.03208027899649797,0.4866031001941002,88.89310714285715,147.0,292.0,404,6,1.5681076049804688
B4_Silverbox_System_ID,LEBRE_V03_FROZEN_ITER4,109,SUCCESS,,1.0,0.0018755908228096148,0.03208027899649797,0.4866031001941002,88.89310714285715,147.0,292.0,404,6,1.7833080291748047
B4_Silverbox_System_ID,LEBRE_V03_FROZEN_ITER4,110,SUCCESS,,1.0,0.0018755908228096148,0.03208027899649797,0.4866031001941002,88.89310714285715,147.0,292.0,404,6,1.69771409034729
B4_Silverbox_System_ID,LEBRE_V03_FROZEN_ITER4,111,SUCCESS,,1.0,0.0018755908228096148,0.03208027899649797,0.4866031001941002,88.89310714285715,147.0,292.0,404,6,1.749126672744751
B4_Silverbox_System_ID,LEBRE_V03_FROZEN_ITER4,112,SUCCESS,,1.0,0.0018755908228096148,0.03208027899649797,0.4866031001941002,88.89310714285715,147.0,292.0,404,6,1.554941177368164
B4_Silverbox_System_ID,LEBRE_V03_FROZEN_ITER4,113,SUCCESS,,1.0,0.0018755908228096148,0.03208027899649797,0.4866031001941002,88.89310714285715,147.0,292.0,404,6,1.7213001251220703
B4_Silverbox_System_ID,LEBRE_V03_FROZEN_ITER4,114,SUCCESS,,1.0,0.0018755908228096148,0.03208027899649797,0.4866031001941002,88.89310714285715,147.0,292.0,404,6,1.563211441040039
B4_Silverbox_System_ID,LEBRE_V03_FROZEN_ITER4,115,SUCCESS,,1.0,0.0018755908228096148,0.03208027899649797,0.4866031001941002,88.89310714285715,147.0,292.0,404,6,1.5224723815917969
B4_Silverbox_System_ID,LEBRE_V03_FROZEN_ITER4,116,SUCCESS,,1.0,0.0018755908228096148,0.03208027899649797,0.4866031001941002,88.89310714285715,147.0,292.0,404,6,1.577580213546753
B4_Silverbox_System_ID,LEBRE_V03_FROZEN_ITER4,117,SUCCESS,,1.0,0.0018755908228096148,0.03208027899649797,0.4866031001941002,88.89310714285715,147.0,292.0,404,6,1.5358262062072754
B4_Silverbox_System_ID,LEBRE_V03_FROZEN_ITER4,118,SUCCESS,,1.0,0.0018755908228096148,0.03208027899649797,0.4866031001941002,88.89310714285715,147.0,292.0,404,6,1.617922067642212
B4_Silverbox_System_ID,LEBRE_V03_FROZEN_ITER4,119,SUCCESS,,1.0,0.0018755908228096148,0.03208027899649797,0.4866031001941002,88.89310714285715,147.0,292.0,404,6,1.5468623638153076
B4_Silverbox_System_ID,LEBRE_V03_FROZEN_ITER4,120,SUCCESS,,1.0,0.0018755908228096148,0.03208027899649797,0.4866031001941002,88.89310714285715,147.0,292.0,404,6,1.687690019607544
B4_Silverbox_System_ID,LEBRE_V03_FROZEN_ITER4,121,SUCCESS,,1.0,0.0018755908228096148,0.03208027899649797,0.4866031001941002,88.89310714285715,147.0,292.0,404,6,1.763779640197754
B4_Silverbox_System_ID,LEBRE_V03_FROZEN_ITER4,122,SUCCESS,,1.0,0.0018755908228096148,0.03208027899649797,0.4866031001941002,88.89310714285715,147.0,292.0,404,6,1.745558500289917
B4_Silverbox_System_ID,LEBRE_V03_FROZEN_ITER4,123,SUCCESS,,1.0,0.0018755908228096148,0.03208027899649797,0.4866031001941002,88.89310714285715,147.0,292.0,404,6,1.6025681495666504
B4_Silverbox_System_ID,LEBRE_V03_FROZEN_ITER4,124,SUCCESS,,1.0,0.0018755908228096148,0.03208027899649797,0.4866031001941002,88.89310714285715,147.0,292.0,404,6,1.6971466541290283
B4_Silverbox_System_ID,LEBRE_V03_FROZEN_ITER4,125,SUCCESS,,1.0,0.0018755908228096148,0.03208027899649797,0.4866031001941002,88.89310714285715,147.0,292.0,404,6,1.6391468048095703
B4_Silverbox_System_ID,LEBRE_V03_FROZEN_ITER4,126,SUCCESS,,1.0,0.0018755908228096148,0.03208027899649797,0.4866031001941002,88.89310714285715,147.0,292.0,404,6,1.7240071296691895
B4_Silverbox_System_ID,LEBRE_V03_FROZEN_ITER4,127,SUCCESS,,1.0,0.0018755908228096148,0.03208027899649797,0.4866031001941002,88.89310714285715,147.0,292.0,404,6,1.6430268287658691
B4_Silverbox_System_ID,LEBRE_V03_FROZEN_ITER4,128,SUCCESS,,1.0,0.0018755908228096148,0.03208027899649797,0.4866031001941002,88.89310714285715,147.0,292.0,404,6,1.5733554363250732
B4_Silverbox_System_ID,LEBRE_V03_FROZEN_ITER4,129,SUCCESS,,1.0,0.0018755908228096148,0.03208027899649797,0.4866031001941002,88.89310714285715,147.0,292.0,404,6,1.5723297595977783
B4_Silverbox_System_ID,LEBRE_V03_FROZEN_ITER4,130,SUCCESS,,1.0,0.0018755908228096148,0.03208027899649797,0.4866031001941002,88.89310714285715,147.0,292.0,404,6,1.585132360458374
B5_Household_Power_Control,LEBRE_V03_FROZEN_ITER4,101,SUCCESS,,1.0,0.004966743223049996,0.04050213325814611,0.0024666544917262704,94.86365714285714,129.0,141.0,1348,8,0.9647624492645264
B5_Household_Power_Control,LEBRE_V03_FROZEN_ITER4,102,SUCCESS,,1.0,0.004966743223049996,0.04050213325814611,0.0024666544917262704,94.86365714285714,129.0,141.0,1348,8,0.9627077579498291
B5_Household_Power_Control,LEBRE_V03_FROZEN_ITER4,103,SUCCESS,,1.0,0.004966743223049996,0.04050213325814611,0.0024666544917262704,94.86365714285714,129.0,141.0,1348,8,0.9542322158813477
B5_Household_Power_Control,LEBRE_V03_FROZEN_ITER4,104,SUCCESS,,1.0,0.004966743223049996,0.04050213325814611,0.0024666544917262704,94.86365714285714,129.0,141.0,1348,8,0.9271364212036133
B5_Household_Power_Control,LEBRE_V03_FROZEN_ITER4,105,SUCCESS,,1.0,0.004966743223049996,0.04050213325814611,0.0024666544917262704,94.86365714285714,129.0,141.0,1348,8,0.9430170059204102
B5_Household_Power_Control,LEBRE_V03_FROZEN_ITER4,106,SUCCESS,,1.0,0.004966743223049996,0.04050213325814611,0.0024666544917262704,94.86365714285714,129.0,141.0,1348,8,0.9428844451904297
B5_Household_Power_Control,LEBRE_V03_FROZEN_ITER4,107,SUCCESS,,1.0,0.004966743223049996,0.04050213325814611,0.0024666544917262704,94.86365714285714,129.0,141.0,1348,8,1.0422136783599854
B5_Household_Power_Control,LEBRE_V03_FROZEN_ITER4,108,SUCCESS,,1.0,0.004966743223049996,0.04050213325814611,0.0024666544917262704,94.86365714285714,129.0,141.0,1348,8,0.9482071399688721
B5_Household_Power_Control,LEBRE_V03_FROZEN_ITER4,109,SUCCESS,,1.0,0.004966743223049996,0.04050213325814611,0.0024666544917262704,94.86365714285714,129.0,141.0,1348,8,0.9707143306732178
B5_Household_Power_Control,LEBRE_V03_FROZEN_ITER4,110,SUCCESS,,1.0,0.004966743223049996,0.04050213325814611,0.0024666544917262704,94.86365714285714,129.0,141.0,1348,8,0.9203519821166992
B5_Household_Power_Control,LEBRE_V03_FROZEN_ITER4,111,SUCCESS,,1.0,0.004966743223049996,0.04050213325814611,0.0024666544917262704,94.86365714285714,129.0,141.0,1348,8,1.1098051071166992
B5_Household_Power_Control,LEBRE_V03_FROZEN_ITER4,112,SUCCESS,,1.0,0.004966743223049996,0.04050213325814611,0.0024666544917262704,94.86365714285714,129.0,141.0,1348,8,0.880535364151001
B5_Household_Power_Control,LEBRE_V03_FROZEN_ITER4,113,SUCCESS,,1.0,0.004966743223049996,0.04050213325814611,0.0024666544917262704,94.86365714285714,129.0,141.0,1348,8,0.9574921131134033
B5_Household_Power_Control,LEBRE_V03_FROZEN_ITER4,114,SUCCESS,,1.0,0.004966743223049996,0.04050213325814611,0.0024666544917262704,94.86365714285714,129.0,141.0,1348,8,0.8822228908538818
B5_Household_Power_Control,LEBRE_V03_FROZEN_ITER4,115,SUCCESS,,1.0,0.004966743223049996,0.04050213325814611,0.0024666544917262704,94.86365714285714,129.0,141.0,1348,8,1.0314161777496338
B5_Household_Power_Control,LEBRE_V03_FROZEN_ITER4,116,SUCCESS,,1.0,0.004966743223049996,0.04050213325814611,0.0024666544917262704,94.86365714285714,129.0,141.0,1348,8,0.8282415866851807
B5_Household_Power_Control,LEBRE_V03_FROZEN_ITER4,117,SUCCESS,,1.0,0.004966743223049996,0.04050213325814611,0.0024666544917262704,94.86365714285714,129.0,141.0,1348,8,0.932919979095459
B5_Household_Power_Control,LEBRE_V03_FROZEN_ITER4,118,SUCCESS,,1.0,0.004966743223049996,0.04050213325814611,0.0024666544917262704,94.86365714285714,129.0,141.0,1348,8,0.8895776271820068
B5_Household_Power_Control,LEBRE_V03_FROZEN_ITER4,119,SUCCESS,,1.0,0.004966743223049996,0.04050213325814611,0.0024666544917262704,94.86365714285714,129.0,141.0,1348,8,0.937690258026123
B5_Household_Power_Control,LEBRE_V03_FROZEN_ITER4,120,SUCCESS,,1.0,0.004966743223049996,0.04050213325814611,0.0024666544917262704,94.86365714285714,129.0,141.0,1348,8,0.8081822395324707
B5_Household_Power_Control,LEBRE_V03_FROZEN_ITER4,121,SUCCESS,,1.0,0.004966743223049996,0.04050213325814611,0.0024666544917262704,94.86365714285714,129.0,141.0,1348,8,0.942314863204956
B5_Household_Power_Control,LEBRE_V03_FROZEN_ITER4,122,SUCCESS,,1.0,0.004966743223049996,0.04050213325814611,0.0024666544917262704,94.86365714285714,129.0,141.0,1348,8,0.6648280620574951
B5_Household_Power_Control,LEBRE_V03_FROZEN_ITER4,123,SUCCESS,,1.0,0.004966743223049996,0.04050213325814611,0.0024666544917262704,94.86365714285714,129.0,141.0,1348,8,0.9659874439239502
B5_Household_Power_Control,LEBRE_V03_FROZEN_ITER4,124,SUCCESS,,1.0,0.004966743223049996,0.04050213325814611,0.0024666544917262704,94.86365714285714,129.0,141.0,1348,8,0.6060900688171387
B5_Household_Power_Control,LEBRE_V03_FROZEN_ITER4,125,SUCCESS,,1.0,0.004966743223049996,0.04050213325814611,0.0024666544917262704,94.86365714285714,129.0,141.0,1348,8,0.9145495891571045
B5_Household_Power_Control,LEBRE_V03_FROZEN_ITER4,126,SUCCESS,,1.0,0.004966743223049996,0.04050213325814611,0.0024666544917262704,94.86365714285714,129.0,141.0,1348,8,0.6032741069793701
B5_Household_Power_Control,LEBRE_V03_FROZEN_ITER4,127,SUCCESS,,1.0,0.004966743223049996,0.04050213325814611,0.0024666544917262704,94.86365714285714,129.0,141.0,1348,8,0.9261934757232666
B5_Household_Power_Control,LEBRE_V03_FROZEN_ITER4,128,SUCCESS,,1.0,0.004966743223049996,0.04050213325814611,0.0024666544917262704,94.86365714285714,129.0,141.0,1348,8,0.5658488273620605
B5_Household_Power_Control,LEBRE_V03_FROZEN_ITER4,129,SUCCESS,,1.0,0.004966743223049996,0.04050213325814611,0.0024666544917262704,94.86365714285714,129.0,141.0,1348,8,0.9203763008117676
B5_Household_Power_Control,LEBRE_V03_FROZEN_ITER4,130,SUCCESS,,1.0,0.004966743223049996,0.04050213325814611,0.0024666544917262704,94.86365714285714,129.0,141.0,1348,8,0.5297269821166992
