seed,model,total_probes,true_probes,noise_probes,true_probe_efficiency,candidate_coverage,zero_probe_candidates
42,E0_Baseline,10000,257,9743,0.0257,1.0,0
42,E1_Targeting,10000,312,9688,0.0312,1.0,0
42,E2_Protection,10000,335,9665,0.0335,1.0,0
42,E3_Targeting_Protection,10000,336,9664,0.0336,1.0,0
42,E4_Oracle_Targeting,10000,107,9893,0.0107,1.0,0
123,E0_Baseline,10000,238,9762,0.0238,1.0,0
123,E1_Targeting,10000,270,9730,0.027,1.0,0
123,E2_Protection,10000,358,9642,0.0358,1.0,0
123,E3_Targeting_Protection,10000,504,9496,0.0504,1.0,0
123,E4_Oracle_Targeting,10000,140,9860,0.014,1.0,0
456,E0_Baseline,10000,333,9667,0.0333,1.0,0
456,E1_Targeting,10000,205,9795,0.0205,1.0,0
456,E2_Protection,10000,429,9571,0.0429,1.0,0
456,E3_Targeting_Protection,10000,253,9747,0.0253,1.0,0
456,E4_Oracle_Targeting,10000,250,9750,0.025,1.0,0
789,E0_Baseline,10000,273,9727,0.0273,1.0,0
789,E1_Targeting,10000,250,9750,0.025,1.0,0
789,E2_Protection,10000,314,9686,0.0314,1.0,0
789,E3_Targeting_Protection,10000,377,9623,0.0377,1.0,0
789,E4_Oracle_Targeting,10000,196,9804,0.0196,1.0,0
1024,E0_Baseline,10000,234,9766,0.0234,1.0,0
1024,E1_Targeting,10000,134,9866,0.0134,1.0,0
1024,E2_Protection,10000,305,9695,0.0305,1.0,0
1024,E3_Targeting_Protection,10000,250,9750,0.025,1.0,0
1024,E4_Oracle_Targeting,10000,173,9827,0.0173,1.0,0
