seed,c0_nmse,c2_nmse,delta_nmse,c0_fp,c2_fp,delta_fp,saving_fp,win_loss_tie
1941,0.3153912571363639,0.3194131706377151,0.004021913501351226,111.24216666666668,100.36438095238096,-10.877785714285721,10.877785714285721,LOSS
1942,0.32826006043113026,0.3313295430634854,0.003069482632355125,111.62069047619048,100.67809523809525,-10.942595238095222,10.942595238095222,LOSS
1943,0.3058711402266171,0.3093294942846118,0.003458354057994717,110.8268095238095,100.29140476190477,-10.53540476190473,10.53540476190473,LOSS
1944,0.3447308803318578,0.34519216262599745,0.00046128229413966437,110.87011904761906,100.51214285714285,-10.357976190476208,10.357976190476208,LOSS
1945,0.2793702436212195,0.28046914209803503,0.0010988984768155463,113.26833333333333,104.08723809523812,-9.18109523809521,9.18109523809521,LOSS
1946,0.2909793459140582,0.2838156994794831,-0.007163646434575122,111.10583333333332,102.0539761904762,-9.051857142857116,9.051857142857116,WIN
1947,0.32338337856475313,0.326107652789029,0.0027242742242758466,110.10564285714285,100.3631904761905,-9.742452380952358,9.742452380952358,LOSS
1948,0.293037419174422,0.29139682433657604,-0.0016405948378459545,112.60388095238095,103.31288095238095,-9.290999999999997,9.290999999999997,WIN
1949,0.3363459287609544,0.3386805813400966,0.0023346525791421713,110.8382857142857,101.58619047619048,-9.252095238095222,9.252095238095222,LOSS
1950,0.2890184969407415,0.29332546477126437,0.004306967830522868,112.52826190476192,102.4807142857143,-10.04754761904762,10.04754761904762,LOSS
1951,0.3314870452488324,0.33392416705722205,0.002437121808389675,110.77461904761904,100.66311904761905,-10.111499999999992,10.111499999999992,LOSS
1952,0.30095292409982594,0.3060631997975029,0.005110275697676969,113.1680238095238,101.69433333333335,-11.473690476190455,11.473690476190455,LOSS
1953,0.35284857703460787,0.3547221578954373,0.001873580860829449,108.97902380952382,100.31161904761905,-8.667404761904777,8.667404761904777,LOSS
1954,0.32482611258340083,0.32119023848352685,-0.0036358740998739814,109.80435714285714,99.15454761904762,-10.649809523809523,10.649809523809523,WIN
1955,0.3077358634515606,0.311132473054862,0.0033966096033014037,110.81847619047618,101.10857142857141,-9.709904761904767,9.709904761904767,LOSS
1956,0.32071389296620156,0.3227804582070477,0.002066565240846141,109.6848095238095,100.39457142857142,-9.290238095238081,9.290238095238081,LOSS
1957,0.3401658653385717,0.3460170377302511,0.005851172391679427,110.6530238095238,99.4187857142857,-11.234238095238098,11.234238095238098,LOSS
1958,0.30329980381715677,0.30739830173788546,0.004098497920728694,111.91338095238098,102.05380952380952,-9.859571428571456,9.859571428571456,LOSS
1959,0.2914503496788801,0.293752501299275,0.0023021516203948766,112.50009523809526,102.26119047619048,-10.238904761904777,10.238904761904777,LOSS
1960,0.35848468809272477,0.36338496801443576,0.004900279921710993,110.27116666666667,99.43547619047618,-10.835690476190493,10.835690476190493,LOSS
1961,0.34869864266144374,0.3464423577009333,-0.0022562849605104462,111.03883333333336,101.15457142857143,-9.884261904761928,9.884261904761928,WIN
1962,0.32036263886337374,0.3237513526716418,0.0033887138082680512,109.67871428571432,99.31185714285712,-10.3668571428572,10.3668571428572,LOSS
1963,0.28933682503525315,0.2957824545194207,0.006445629484167548,112.4755238095238,100.14104761904761,-12.334476190476195,12.334476190476195,LOSS
1964,0.29933187267211314,0.30872595280941917,0.009394080137306027,111.34383333333334,101.10290476190478,-10.240928571428555,10.240928571428555,LOSS
1965,0.31280974909926945,0.3225154307008828,0.009705681601613336,112.0737142857143,100.10664285714286,-11.967071428571444,11.967071428571444,LOSS
1966,0.3087663052296721,0.30915642662188014,0.00039012139220806485,112.65809523809523,102.94130952380952,-9.716785714285706,9.716785714285706,LOSS
1967,0.2992028852495831,0.3042732881168032,0.005070402867220103,112.81614285714285,102.21802380952383,-10.598119047619022,10.598119047619022,LOSS
1968,0.33932835771031533,0.34962761162352496,0.010299253913209627,109.66026190476191,99.4392380952381,-10.221023809523814,10.221023809523814,LOSS
1969,0.3548985110446664,0.35836492209204207,0.0034664110473756615,110.21169047619047,99.82490476190478,-10.386785714285693,10.386785714285693,LOSS
1970,0.3196157733285288,0.3140565233514104,-0.00555924997711843,111.54973809523808,102.23176190476192,-9.317976190476159,9.317976190476159,WIN
