regime_id,slice_type,resource_mode,d,k_star,sigma,beta_scale,change_load,recurring_shifts,seed,mse,global_mse,dense_mse,global_dense_mse,mse_ratio,occupancy_pct,raw_recall,energy_weighted_recall,omitted_energy,total_probes,compute_pct,t_evidence,t_post,gamma,gamma_resource,identifiability_class,prediction_sufficient,prediction_strong,matrix_cell
COMBINED_EASY,Combined,R0,20,2,0.01,2.0,1,False,42,0.00014476360065824142,2.9535766441507616,0.00012156600183181452,1.4042291848522745,1.1908230794537487,94.5,0.9725,0.9736365795724465,1.7758399999999996,10000,86.92213114754098,21.5,977.0,1955.480324168649,46091.11325655067,PARTIALLY_IDENTIFIABLE,False,False,D: Ident Poor / Pred Poor
COMBINED_EASY,Combined,R0,20,2,0.01,2.0,1,False,123,0.00017153594757648535,2.3897843919164408,0.00014276811898979492,1.4250720464961357,1.2015003685013652,98.0,0.99,0.9906888361045131,0.6272,10000,86.99098360655738,9.5,989.0,1796.410421361404,42341.7996912944,PARTIALLY_IDENTIFIABLE,False,False,D: Ident Poor / Pred Poor
COMBINED_EASY,Combined,R0,20,2,0.01,2.0,1,False,456,0.00017629431403179803,2.6875407371677573,0.00013165974698435733,1.5795546559494318,1.3390145285084272,94.6,0.973,0.9748598574821853,1.6934399999999996,10000,86.96065573770491,27.0,972.0,1772.001095840379,41766.466371290844,PARTIALLY_IDENTIFIABLE,False,False,D: Ident Poor / Pred Poor
COMBINED_EASY,Combined,R0,20,2,0.01,2.0,1,False,789,0.0001774872564563809,1.6131719168603706,0.0001635425000117098,1.6436405484402363,1.0852668660664515,96.2,0.981,0.9823087885985748,1.1916799999999999,10000,86.96639344262294,18.5,980.0,1766.0359935099093,41625.867561012616,PARTIALLY_IDENTIFIABLE,False,False,D: Ident Poor / Pred Poor
COMBINED_EASY,Combined,R0,20,2,0.01,2.0,1,False,1024,0.00015897472870674576,2.1835583083848573,0.00012921969373249145,1.6893969345944844,1.2302670290788082,99.5,0.9975,0.9976722090261283,0.1568,10000,86.91229508196722,2.0,996.5,1866.0320235769452,43982.79659275045,PARTIALLY_IDENTIFIABLE,False,False,D: Ident Poor / Pred Poor
COMBINED_EASY,Combined,R1,20,2,0.01,2.0,1,False,42,42.45570673991674,31.65493967134645,0.00012156600183181452,1.4042291848522745,349239.9692362494,0.0,0.5,0.5344418052256534,31.360000000000003,2000,34.175409836065576,0.0,499.5,1.614842233939036,17.02193173693938,NON_IDENTIFIABLE_UNDER_BUDGET,False,False,D: Ident Poor / Pred Poor
COMBINED_EASY,Combined,R1,20,2,0.01,2.0,1,False,123,65.46696846189862,32.54965439870638,0.00014276811898979492,1.4250720464961357,458554.5353201593,0.0,0.464,0.4959619952494064,33.952,2000,34.26639344262295,0.0,499.5,1.3004301240813845,13.707737099975185,NON_IDENTIFIABLE_UNDER_BUDGET,False,False,D: Ident Poor / Pred Poor
COMBINED_EASY,Combined,R1,20,2,0.01,2.0,1,False,456,66.96502469891989,83.73842164704114,0.00013165974698435733,1.5795546559494318,508621.8546878728,0.0,0.2855,0.26583372921615195,49.45344,2000,34.9344262295082,67.5,429.0,1.2858020681266855,13.55354385145106,NON_IDENTIFIABLE_UNDER_BUDGET,False,False,D: Ident Poor / Pred Poor
COMBINED_EASY,Combined,R1,20,2,0.01,2.0,1,False,789,0.0001975564265306746,4.62771549394989,0.0001635425000117098,1.6436405484402363,1.2079821851600003,91.0,0.955,0.9580997624703088,2.8223999999999996,2000,34.03688524590164,45.0,954.0,748.604710777711,7890.986510630554,PARTIALLY_IDENTIFIABLE,False,False,D: Ident Poor / Pred Poor
COMBINED_EASY,Combined,R1,20,2,0.01,2.0,1,False,1024,0.00021924910982277438,28.02576979330525,0.00012921969373249145,1.6893969345944844,1.696715906761553,94.0,0.97,0.9720665083135392,1.8815999999999995,2000,34.532786885245905,27.0,969.0,710.6065679781875,7490.450916954484,NON_IDENTIFIABLE_UNDER_BUDGET,False,False,D: Ident Poor / Pred Poor
COMBINED_BASELINE,Combined,R0,100,5,0.1,1.0,5,False,42,0.01154691517117861,1.9340581722881907,0.03074056217604869,1.427423861523808,0.3756247236159954,57.8,0.7726,0.8107745358090185,1.42676,10000,23.739534883720932,17.2,974.2,25.309849105483575,259.6735727676795,NON_IDENTIFIABLE_UNDER_BUDGET,True,True,B: Ident Poor / Pred Good
COMBINED_BASELINE,Combined,R0,100,5,0.1,1.0,5,False,123,0.01159178990284596,1.4650428770348278,0.03519962633448262,1.424753327296957,0.32931570899916884,78.10000000000001,0.8644,0.8782904509283819,0.91769,10000,23.691029900332225,108.8,876.6,25.26081120689842,259.17045454387835,NON_IDENTIFIABLE_UNDER_BUDGET,True,True,B: Ident Poor / Pred Good
COMBINED_BASELINE,Combined,R0,100,5,0.1,1.0,5,False,456,0.01574813466898715,2.4401544496313794,0.044429784264453834,1.4403092924333232,0.35444994680261116,65.4,0.8012,0.8340132625994695,1.2515399999999999,10000,23.730398671096346,150.8,836.0,21.67244869968225,222.35463202550034,NON_IDENTIFIABLE_UNDER_BUDGET,True,False,B: Ident Poor / Pred Good
COMBINED_BASELINE,Combined,R0,100,5,0.1,1.0,5,False,789,0.014162326138214769,1.376278457607936,0.03382528200677525,1.4564988002159693,0.4186905562347724,42.9,0.795,0.8328660477453582,1.26019,10000,23.748504983388706,170.2,821.2,22.853632949407185,234.47332672591762,NON_IDENTIFIABLE_UNDER_BUDGET,True,True,B: Ident Poor / Pred Good
COMBINED_BASELINE,Combined,R0,100,5,0.1,1.0,5,False,1024,0.014713132632747374,1.6797592389693976,0.025082378945762346,1.440826929010709,0.5865923908000421,64.60000000000001,0.833,0.8830517241379311,0.8817900000000003,10000,23.6968438538206,126.8,863.0,22.42177388779674,230.04254624227636,NON_IDENTIFIABLE_UNDER_BUDGET,True,False,B: Ident Poor / Pred Good
COMBINED_BASELINE,Combined,R1,100,5,0.1,1.0,5,False,42,0.01154691517117861,1.9340581722881907,0.03074056217604869,1.427423861523808,0.3756247236159954,57.8,0.7726,0.8107745358090185,1.42676,10000,23.739534883720932,17.2,974.2,25.309849105483575,259.6735727676795,NON_IDENTIFIABLE_UNDER_BUDGET,True,True,B: Ident Poor / Pred Good
COMBINED_BASELINE,Combined,R1,100,5,0.1,1.0,5,False,123,0.01159178990284596,1.4650428770348278,0.03519962633448262,1.424753327296957,0.32931570899916884,78.10000000000001,0.8644,0.8782904509283819,0.91769,10000,23.691029900332225,108.8,876.6,25.26081120689842,259.17045454387835,NON_IDENTIFIABLE_UNDER_BUDGET,True,True,B: Ident Poor / Pred Good
COMBINED_BASELINE,Combined,R1,100,5,0.1,1.0,5,False,456,0.01574813466898715,2.4401544496313794,0.044429784264453834,1.4403092924333232,0.35444994680261116,65.4,0.8012,0.8340132625994695,1.2515399999999999,10000,23.730398671096346,150.8,836.0,21.67244869968225,222.35463202550034,NON_IDENTIFIABLE_UNDER_BUDGET,True,False,B: Ident Poor / Pred Good
COMBINED_BASELINE,Combined,R1,100,5,0.1,1.0,5,False,789,0.014162326138214769,1.376278457607936,0.03382528200677525,1.4564988002159693,0.4186905562347724,42.9,0.795,0.8328660477453582,1.26019,10000,23.748504983388706,170.2,821.2,22.853632949407185,234.47332672591762,NON_IDENTIFIABLE_UNDER_BUDGET,True,True,B: Ident Poor / Pred Good
COMBINED_BASELINE,Combined,R1,100,5,0.1,1.0,5,False,1024,0.014713132632747374,1.6797592389693976,0.025082378945762346,1.440826929010709,0.5865923908000421,64.60000000000001,0.833,0.8830517241379311,0.8817900000000003,10000,23.6968438538206,126.8,863.0,22.42177388779674,230.04254624227636,NON_IDENTIFIABLE_UNDER_BUDGET,True,False,B: Ident Poor / Pred Good
COMBINED_HARD,Combined,R0,200,10,0.5,0.5,5,False,42,0.5094677736417114,0.8208121418244453,0.35906554219618064,0.5063154635143763,1.4188712470865732,0.0,0.6203999999999998,0.6853660714285713,0.28631687499999997,10000,16.93926788685524,268.6,619.5,0.9412707628482269,6.828695833693217,NON_IDENTIFIABLE_UNDER_BUDGET,False,False,D: Ident Poor / Pred Poor
COMBINED_HARD,Combined,R0,200,10,0.5,0.5,5,False,123,0.43674499145426293,0.759785877942862,0.3594093260622355,0.5113692687391489,1.2151743424115709,0.0,0.6624000000000001,0.6998756868131867,0.27311312500000007,10000,16.92828618968386,243.0,661.5,1.0166207306427129,7.375341954507755,NON_IDENTIFIABLE_UNDER_BUDGET,False,False,D: Ident Poor / Pred Poor
COMBINED_HARD,Combined,R0,200,10,0.5,0.5,5,False,456,0.71251092585875,0.8898083870033875,0.41353172731572696,0.5420196418707541,1.7229897461162773,0.0,0.6394000000000001,0.6390467032967031,0.3284675,10000,16.985191347753744,319.2,638.5,0.795934196129924,5.774313559426638,NON_IDENTIFIABLE_UNDER_BUDGET,False,False,D: Ident Poor / Pred Poor
COMBINED_HARD,Combined,R0,200,10,0.5,0.5,5,False,789,0.4112757066250661,0.9770655792443885,0.3368520869552107,0.5464365506048467,1.220938573789365,0.0,0.6703000000000001,0.715690934065934,0.25872125000000007,10000,16.918053244592347,310.2,669.4,1.0476263166487358,7.600280117188886,NON_IDENTIFIABLE_UNDER_BUDGET,False,False,D: Ident Poor / Pred Poor
COMBINED_HARD,Combined,R0,200,10,0.5,0.5,5,False,1024,0.4160188053833655,0.7022496442532038,0.34304120669254135,0.5161587419604644,1.212737120984512,3.5000000000000004,0.7760000000000001,0.8280281593406592,0.156494375,10000,16.945174708818637,182.0,807.0,1.0416371168610252,7.5568298951574056,NON_IDENTIFIABLE_UNDER_BUDGET,False,False,D: Ident Poor / Pred Poor
COMBINED_HARD,Combined,R1,200,10,0.5,0.5,5,False,42,0.44110367371012144,0.6641391791490566,0.35906554219618064,0.5063154635143763,1.2284767594577986,0.0,0.7095,0.7873729395604396,0.19349062500000003,20000,23.807404326123127,79.4,818.7,1.4305979175318142,14.677624939257438,NON_IDENTIFIABLE_UNDER_BUDGET,False,False,D: Ident Poor / Pred Poor
COMBINED_HARD,Combined,R1,200,10,0.5,0.5,5,False,123,0.6426500857454959,0.8299045323691151,0.3594093260622355,0.5113692687391489,1.7880729272846254,0.0,0.6113999999999998,0.6403956043956042,0.32724000000000014,20000,23.92071547420965,307.9,675.4,1.185224556556209,12.160147373863968,NON_IDENTIFIABLE_UNDER_BUDGET,False,False,D: Ident Poor / Pred Poor
COMBINED_HARD,Combined,R1,200,10,0.5,0.5,5,False,456,0.39127563589207875,0.6846369288873356,0.41353172731572696,0.5420196418707541,0.9461804501238283,63.2,0.8621,0.872256868131868,0.11624625000000002,20000,23.833028286189684,118.4,871.7,1.5189606490488408,15.584207435933257,NON_IDENTIFIABLE_UNDER_BUDGET,True,False,B: Ident Poor / Pred Good
COMBINED_HARD,Combined,R1,200,10,0.5,0.5,5,False,789,0.523254761283712,0.8864952710795091,0.3368520869552107,0.5464365506048467,1.5533665414199622,0.0,0.6473999999999999,0.6891153846153847,0.28290499999999996,20000,23.896838602329453,175.7,679.0,1.3135037938150818,13.476264578359954,NON_IDENTIFIABLE_UNDER_BUDGET,False,False,D: Ident Poor / Pred Poor
COMBINED_HARD,Combined,R1,200,10,0.5,0.5,5,False,1024,0.3541010234838119,0.6154483720905257,0.34304120669254135,0.5161587419604644,1.0322404905751839,20.9,0.7707,0.7800487637362638,0.20015562499999998,20000,23.794176372712148,164.9,828.0,1.596703711881108,16.38183443084028,NON_IDENTIFIABLE_UNDER_BUDGET,False,True,D: Ident Poor / Pred Poor
COMBINED_VERY_HARD,Combined,R0,200,10,0.5,0.5,5,True,42,1.0500079056968337,1.118565346606276,0.42383203348339715,0.5963965385601134,2.477415161537019,0.0,0.369076923076923,0.3412463017751479,0.5994658653846155,10000,17.0148918469218,403.0,367.0,0.6556569114883063,4.756635175052483,NON_IDENTIFIABLE_UNDER_BUDGET,False,False,D: Ident Poor / Pred Poor
COMBINED_VERY_HARD,Combined,R0,200,10,0.5,0.5,5,True,123,0.5870685779505206,0.8022841740069191,0.4929790945565566,0.618887833505544,1.1908589723842127,0.0,0.5985384615384615,0.6743010355029586,0.2963860576923077,10000,16.972212978369384,324.1,552.3,0.8768564685340242,6.361385426767713,NON_IDENTIFIABLE_UNDER_BUDGET,False,False,D: Ident Poor / Pred Poor
COMBINED_VERY_HARD,Combined,R0,200,10,0.5,0.5,5,True,456,0.5362320318588482,0.9974837127999686,0.5426735114975942,0.6383883621481642,0.9881301012445406,0.0,0.524076923076923,0.5833801775147929,0.3791240384615385,10000,16.990432612312812,514.4,400.7,0.9174798852009917,6.656098666669794,NON_IDENTIFIABLE_UNDER_BUDGET,True,False,B: Ident Poor / Pred Good
COMBINED_VERY_HARD,Combined,R0,200,10,0.5,0.5,5,True,789,0.7170076305363304,1.0540409433849482,0.48678166789756283,0.6362003277896418,1.472955285339989,0.0,0.5246153846153846,0.5717888841927303,0.38967211538461544,10000,16.95432612312812,274.4,456.4,0.7934344248049219,5.756178312156687,NON_IDENTIFIABLE_UNDER_BUDGET,False,False,D: Ident Poor / Pred Poor
COMBINED_VERY_HARD,Combined,R0,200,10,0.5,0.5,5,True,1024,0.5899503894655587,0.7911174872123156,0.4390638236821184,0.607767065953119,1.3436551991873553,0.0,0.6366923076923078,0.7042962806424343,0.2690903846153846,10000,16.953660565723794,376.6,526.9,0.8747121962444137,6.345829240568898,NON_IDENTIFIABLE_UNDER_BUDGET,False,False,D: Ident Poor / Pred Poor
COMBINED_VERY_HARD,Combined,R1,200,10,0.5,0.5,5,True,42,0.7878492126039437,0.8066167891419209,0.42383203348339715,0.5963965385601134,1.858871322511318,0.0,0.5456153846153846,0.6496201394759087,0.3188456730769231,20000,23.879783693843596,285.5,656.0,1.0704499673790877,10.982584935212033,NON_IDENTIFIABLE_UNDER_BUDGET,False,False,D: Ident Poor / Pred Poor
COMBINED_VERY_HARD,Combined,R1,200,10,0.5,0.5,5,True,123,0.7211471378342662,0.8712485104169734,0.4929790945565566,0.618887833505544,1.4628351299215858,0.0,0.5536923076923077,0.6171196111580727,0.3484211538461539,20000,23.945257903494177,174.5,568.3,1.1188606080640222,11.47926762874519,NON_IDENTIFIABLE_UNDER_BUDGET,False,False,D: Ident Poor / Pred Poor
COMBINED_VERY_HARD,Combined,R1,200,10,0.5,0.5,5,True,456,0.5842557748541968,0.7390512089898318,0.5426735114975942,0.6383883621481642,1.076624825932354,4.615384615384616,0.7284615384615385,0.7591430684699916,0.21917980769230766,20000,23.86697171381032,239.3,696.9,1.2430437637003038,12.753359922509652,NON_IDENTIFIABLE_UNDER_BUDGET,False,False,D: Ident Poor / Pred Poor
COMBINED_VERY_HARD,Combined,R1,200,10,0.5,0.5,5,True,789,0.6085463484282443,0.8991100904336731,0.48678166789756283,0.6362003277896418,1.2501422887525528,0.0,0.5985384615384616,0.660516694843618,0.30892980769230766,20000,23.939933444259566,347.1,563.2,1.2179826321901428,12.49623813842781,NON_IDENTIFIABLE_UNDER_BUDGET,False,False,D: Ident Poor / Pred Poor
COMBINED_VERY_HARD,Combined,R1,200,10,0.5,0.5,5,True,1024,0.6118583708063965,0.6537484681926355,0.4390638236821184,0.607767065953119,1.3935522304597363,0.0,0.695923076923077,0.727662193575655,0.24782740384615387,20000,23.839517470881862,266.9,665.6,1.2146816561819724,12.462370839176458,NON_IDENTIFIABLE_UNDER_BUDGET,False,False,D: Ident Poor / Pred Poor
SLICE_D_20,Slice_D,R0,20,5,0.1,1.0,5,False,42,0.013228992812707542,0.3983762194815139,0.012156627271728582,0.26906717598985846,1.0882124224926144,88.0,0.9418,0.9602055702917771,0.30005000000000004,10000,116.25245901639344,58.2,940.8,77.16806562683067,1992.4708868783744,PARTIALLY_IDENTIFIABLE,False,False,D: Ident Poor / Pred Poor
SLICE_D_20,Slice_D,R0,20,5,0.1,1.0,5,False,123,0.015142607092956006,0.4219959958054728,0.014276750610733382,0.2888277349273973,1.0606480077876872,89.7,0.9622,0.9536233421750664,0.34968000000000016,10000,116.2672131147541,37.8,961.2,72.12746642393653,1862.3231750936052,PARTIALLY_IDENTIFIABLE,False,False,D: Ident Poor / Pred Poor
SLICE_D_20,Slice_D,R0,20,5,0.1,1.0,5,False,456,0.013319785822298601,0.6538117056007322,0.013165907278430717,0.3116062987550852,1.0116876521012705,78.3,0.895,0.9036273209549072,0.7266499999999999,10000,116.34590163934426,104.8,894.0,76.90461164352936,1985.6685342795881,NON_IDENTIFIABLE_UNDER_BUDGET,False,False,D: Ident Poor / Pred Poor
SLICE_D_20,Slice_D,R0,20,5,0.1,1.0,5,False,789,0.017397260180711735,0.5692636854951819,0.01635423281091121,0.3006687849628683,1.0637772117995434,85.3,0.9216,0.9231366047745357,0.5795500000000001,10000,116.29590163934427,78.4,920.6,67.29155665010161,1737.4605216414432,PARTIALLY_IDENTIFIABLE,False,False,D: Ident Poor / Pred Poor
SLICE_D_20,Slice_D,R0,20,5,0.1,1.0,5,False,1024,0.013297381114774938,0.6662316582160824,0.012921999607943354,0.3162816284543637,1.0290498002028132,88.2,0.941,0.932132625994695,0.5117200000000002,10000,116.2877049180328,59.0,940.0,76.96937252190416,1987.3406529691306,PARTIALLY_IDENTIFIABLE,False,False,D: Ident Poor / Pred Poor
SLICE_D_20,Slice_D,R1,20,5,0.1,1.0,5,False,42,3.736165316536725,3.3862778076313607,0.012156627271728582,0.26906717598985846,307.33568061476564,0.0,0.8000000000000002,0.6604774535809017,2.5600000000000014,2000,63.13770491803279,0.0,799.2,2.0535390214656766,23.712226136692184,NON_IDENTIFIABLE_UNDER_BUDGET,False,False,D: Ident Poor / Pred Poor
SLICE_D_20,Slice_D,R1,20,5,0.1,1.0,5,False,123,2.667783749673234,3.857624824723791,0.014276750610733382,0.2888277349273973,186.86211046283682,0.0,0.5378000000000002,0.5823328912466843,3.149210000000001,2000,63.10409836065573,261.6,537.0,2.4301925804805293,28.0614468104613,NON_IDENTIFIABLE_UNDER_BUDGET,False,False,D: Ident Poor / Pred Poor
SLICE_D_20,Slice_D,R1,20,5,0.1,1.0,5,False,456,1.9061083155987533,3.2633715023585173,0.013165907278430717,0.3116062987550852,144.77607013999477,0.0,0.6503999999999999,0.7591671087533154,1.8158800000000002,2000,63.09508196721312,149.4,649.6,2.8750288959558827,33.197974140161634,NON_IDENTIFIABLE_UNDER_BUDGET,False,False,D: Ident Poor / Pred Poor
SLICE_D_20,Slice_D,R1,20,5,0.1,1.0,5,False,789,1.0958968036803038,2.547631977809949,0.01635423281091121,0.3006687849628683,67.00997939500677,0.0,0.6228,0.6989283819628648,2.2700800000000014,2000,63.016393442622956,176.6,622.0,3.791675582962464,43.7824983700622,NON_IDENTIFIABLE_UNDER_BUDGET,False,False,D: Ident Poor / Pred Poor
SLICE_D_20,Slice_D,R1,20,5,0.1,1.0,5,False,1024,1.255070022544252,3.993843235001188,0.012921999607943354,0.3162816284543637,97.12661048006385,0.0,0.7268000000000001,0.8029310344827588,1.4858999999999998,2000,63.544262295081964,72.6,726.0,3.543088690637879,40.91206418604997,NON_IDENTIFIABLE_UNDER_BUDGET,False,False,D: Ident Poor / Pred Poor
SLICE_D_50,Slice_D,R0,50,5,0.1,1.0,5,False,42,0.013487440059498002,1.5070446555683943,0.012676037182439495,0.7449276328223419,1.0640107681431046,74.2,0.874,0.8646511936339523,1.0205300000000002,10000,47.15066225165563,64.6,931.2,37.2161790206293,554.7860410195244,NON_IDENTIFIABLE_UNDER_BUDGET,False,False,D: Ident Poor / Pred Poor
SLICE_D_50,Slice_D,R0,50,5,0.1,1.0,5,False,123,0.01477871402439315,0.6469285969457151,0.014192023604598047,0.7307347191797179,1.041339447857529,86.7,0.9408,0.9533368700265252,0.3518400000000001,10000,47.0523178807947,58.0,939.8,35.55316130498578,529.9952366197556,PARTIALLY_IDENTIFIABLE,False,False,D: Ident Poor / Pred Poor
SLICE_D_50,Slice_D,R0,50,5,0.1,1.0,5,False,456,0.01581692375500094,0.91213289980821,0.015839297162462112,0.7273112847250534,0.9985874747325156,74.0,0.909,0.937791777188329,0.4690500000000002,10000,47.09337748344371,89.6,908.0,34.36651827972213,512.3058068229855,PARTIALLY_IDENTIFIABLE,False,False,D: Ident Poor / Pred Poor
SLICE_D_50,Slice_D,R0,50,5,0.1,1.0,5,False,789,0.013917990883055098,2.31024490486089,0.014212694142534748,0.7063232316203483,0.9792647856539962,76.3,0.8578,0.8730053050397878,0.9575400000000001,10000,47.31324503311258,99.4,896.2,36.63601870711292,546.1375216937229,NON_IDENTIFIABLE_UNDER_BUDGET,False,False,D: Ident Poor / Pred Poor
SLICE_D_50,Slice_D,R0,50,5,0.1,1.0,5,False,1024,0.012828975072002338,0.993152753976588,0.011591137016321924,0.7143678294892136,1.106791771500705,84.8,0.9415999999999999,0.9577254641909815,0.3187499999999999,10000,47.06291390728477,55.0,940.6,38.15931458330898,568.8454758871864,PARTIALLY_IDENTIFIABLE,False,False,D: Ident Poor / Pred Poor
SLICE_D_50,Slice_D,R1,50,5,0.1,1.0,5,False,42,0.013525662318134296,3.4018956122998034,0.012676037182439495,0.7449276328223419,1.06702608421438,55.60000000000001,0.6966,0.7383196286472149,1.97307,4000,31.139735099337752,266.0,723.6,23.504297274718777,221.60063986637516,NON_IDENTIFIABLE_UNDER_BUDGET,False,False,D: Ident Poor / Pred Poor
SLICE_D_50,Slice_D,R1,50,5,0.1,1.0,5,False,123,0.014564500942899329,1.5369837861922833,0.014192023604598047,0.7307347191797179,1.026245541064391,47.5,0.7691999999999999,0.8405358090185677,1.20236,4000,30.98476821192053,224.6,768.2,22.65054924962772,213.55142629348836,NON_IDENTIFIABLE_UNDER_BUDGET,False,False,D: Ident Poor / Pred Poor
SLICE_D_50,Slice_D,R1,50,5,0.1,1.0,5,False,456,0.01566935995745888,2.354921569578191,0.015839297162462112,0.7273112847250534,0.9892711650485371,32.7,0.7838,0.8508435013262602,1.1246399999999999,4000,31.107615894039736,206.0,782.8,21.837399181509582,205.88497392963984,NON_IDENTIFIABLE_UNDER_BUDGET,False,False,D: Ident Poor / Pred Poor
SLICE_D_50,Slice_D,R1,50,5,0.1,1.0,5,False,789,0.013475627524226758,1.4849592304458843,0.014212694142534748,0.7063232316203483,0.9481402603252997,92.4,0.9546,0.9517891246684351,0.3635100000000001,4000,30.882119205298014,34.0,953.6,23.54789238901656,222.0116585456627,PARTIALLY_IDENTIFIABLE,False,False,D: Ident Poor / Pred Poor
SLICE_D_50,Slice_D,R1,50,5,0.1,1.0,5,False,1024,0.01195516454907965,2.0303171991544917,0.011591137016321924,0.7143678294892136,1.031405679377711,85.8,0.9258,0.9421312997347481,0.4363300000000002,4000,31.06423841059603,68.2,924.8,25.000503920505498,235.70701140360407,PARTIALLY_IDENTIFIABLE,False,False,D: Ident Poor / Pred Poor
SLICE_D_100,Slice_D,R0,100,5,0.1,1.0,5,False,42,0.01154691517117861,1.9340581722881907,0.03074056217604869,1.427423861523808,0.3756247236159954,57.8,0.7726,0.8107745358090185,1.42676,10000,23.739534883720932,17.2,974.2,25.309849105483575,259.6735727676795,NON_IDENTIFIABLE_UNDER_BUDGET,True,True,B: Ident Poor / Pred Good
SLICE_D_100,Slice_D,R0,100,5,0.1,1.0,5,False,123,0.01159178990284596,1.4650428770348278,0.03519962633448262,1.424753327296957,0.32931570899916884,78.10000000000001,0.8644,0.8782904509283819,0.91769,10000,23.691029900332225,108.8,876.6,25.26081120689842,259.17045454387835,NON_IDENTIFIABLE_UNDER_BUDGET,True,True,B: Ident Poor / Pred Good
SLICE_D_100,Slice_D,R0,100,5,0.1,1.0,5,False,456,0.01574813466898715,2.4401544496313794,0.044429784264453834,1.4403092924333232,0.35444994680261116,65.4,0.8012,0.8340132625994695,1.2515399999999999,10000,23.730398671096346,150.8,836.0,21.67244869968225,222.35463202550034,NON_IDENTIFIABLE_UNDER_BUDGET,True,False,B: Ident Poor / Pred Good
SLICE_D_100,Slice_D,R0,100,5,0.1,1.0,5,False,789,0.014162326138214769,1.376278457607936,0.03382528200677525,1.4564988002159693,0.4186905562347724,42.9,0.795,0.8328660477453582,1.26019,10000,23.748504983388706,170.2,821.2,22.853632949407185,234.47332672591762,NON_IDENTIFIABLE_UNDER_BUDGET,True,True,B: Ident Poor / Pred Good
SLICE_D_100,Slice_D,R0,100,5,0.1,1.0,5,False,1024,0.014713132632747374,1.6797592389693976,0.025082378945762346,1.440826929010709,0.5865923908000421,64.60000000000001,0.833,0.8830517241379311,0.8817900000000003,10000,23.6968438538206,126.8,863.0,22.42177388779674,230.04254624227636,NON_IDENTIFIABLE_UNDER_BUDGET,True,False,B: Ident Poor / Pred Good
SLICE_D_100,Slice_D,R1,100,5,0.1,1.0,5,False,42,0.01154691517117861,1.9340581722881907,0.03074056217604869,1.427423861523808,0.3756247236159954,57.8,0.7726,0.8107745358090185,1.42676,10000,23.739534883720932,17.2,974.2,25.309849105483575,259.6735727676795,NON_IDENTIFIABLE_UNDER_BUDGET,True,True,B: Ident Poor / Pred Good
SLICE_D_100,Slice_D,R1,100,5,0.1,1.0,5,False,123,0.01159178990284596,1.4650428770348278,0.03519962633448262,1.424753327296957,0.32931570899916884,78.10000000000001,0.8644,0.8782904509283819,0.91769,10000,23.691029900332225,108.8,876.6,25.26081120689842,259.17045454387835,NON_IDENTIFIABLE_UNDER_BUDGET,True,True,B: Ident Poor / Pred Good
SLICE_D_100,Slice_D,R1,100,5,0.1,1.0,5,False,456,0.01574813466898715,2.4401544496313794,0.044429784264453834,1.4403092924333232,0.35444994680261116,65.4,0.8012,0.8340132625994695,1.2515399999999999,10000,23.730398671096346,150.8,836.0,21.67244869968225,222.35463202550034,NON_IDENTIFIABLE_UNDER_BUDGET,True,False,B: Ident Poor / Pred Good
SLICE_D_100,Slice_D,R1,100,5,0.1,1.0,5,False,789,0.014162326138214769,1.376278457607936,0.03382528200677525,1.4564988002159693,0.4186905562347724,42.9,0.795,0.8328660477453582,1.26019,10000,23.748504983388706,170.2,821.2,22.853632949407185,234.47332672591762,NON_IDENTIFIABLE_UNDER_BUDGET,True,True,B: Ident Poor / Pred Good
SLICE_D_100,Slice_D,R1,100,5,0.1,1.0,5,False,1024,0.014713132632747374,1.6797592389693976,0.025082378945762346,1.440826929010709,0.5865923908000421,64.60000000000001,0.833,0.8830517241379311,0.8817900000000003,10000,23.6968438538206,126.8,863.0,22.42177388779674,230.04254624227636,NON_IDENTIFIABLE_UNDER_BUDGET,True,False,B: Ident Poor / Pred Good
SLICE_D_200,Slice_D,R0,200,5,0.1,1.0,5,False,42,0.6310025478674561,5.499023938099546,0.311885680158893,2.744155753840064,2.023185378520701,11.1,0.6975999999999999,0.7760344827586207,1.6886999999999999,10000,11.983028286189684,142.0,812.8,2.2208194868900075,15.903618671185557,NON_IDENTIFIABLE_UNDER_BUDGET,False,False,D: Ident Poor / Pred Poor
SLICE_D_200,Slice_D,R0,200,5,0.1,1.0,5,False,123,0.014264084175007814,5.8030962350250395,0.4153396054938282,2.6949273879720317,0.03434318323206423,50.0,0.6496000000000001,0.6613925729442971,2.5531,10000,11.941014975041597,296.2,681.6,14.770896991049652,105.77659038194959,NON_IDENTIFIABLE_UNDER_BUDGET,True,True,B: Ident Poor / Pred Good
SLICE_D_200,Slice_D,R0,200,5,0.1,1.0,5,False,456,2.6671648836264565,5.900839001989496,0.6273391775404733,2.7226002738499187,4.251551599380835,0.0,0.29059999999999997,0.3124814323607426,5.183890000000002,10000,11.970715474209651,202.8,496.2,1.0801992806507341,7.7354677180068645,NON_IDENTIFIABLE_UNDER_BUDGET,False,False,D: Ident Poor / Pred Poor
SLICE_D_200,Slice_D,R0,200,5,0.1,1.0,5,False,789,0.013781774347621973,4.366417388384931,0.5198083371204038,2.759025146293289,0.026513184501751625,58.199999999999996,0.7984,0.8283806366047745,1.2940099999999999,10000,11.927870216306156,145.0,797.4,15.0271370954305,107.61156388267503,NON_IDENTIFIABLE_UNDER_BUDGET,True,True,B: Ident Poor / Pred Good
SLICE_D_200,Slice_D,R0,200,5,0.1,1.0,5,False,1024,0.012302991821905435,2.6921448398180754,0.489059741229224,2.744762724367275,0.025156419113506585,31.900000000000002,0.6192000000000001,0.6607068965517242,2.55827,10000,11.905990016638937,255.6,719.8,15.90462553404883,113.89538910959725,NON_IDENTIFIABLE_UNDER_BUDGET,True,True,B: Ident Poor / Pred Good
SLICE_D_200,Slice_D,R1,200,5,0.1,1.0,5,False,42,9.94265604243592,7.812933984320024,0.311885680158893,2.744155753840064,31.879168153441807,0.0,0.10280000000000002,0.14219363395225462,6.467860000000003,20000,18.833111480865224,390.6,258.8,0.7912115274074368,8.012910614959086,NON_IDENTIFIABLE_UNDER_BUDGET,False,False,D: Ident Poor / Pred Poor
SLICE_D_200,Slice_D,R1,200,5,0.1,1.0,5,False,123,8.598401344242289,5.1009745868180385,0.4153396054938282,2.6949273879720317,20.70209830824828,0.0,0.29419999999999996,0.33716047745358096,4.997809999999999,20000,18.786439267886855,108.8,807.2,0.8508146464305958,8.616534865316352,NON_IDENTIFIABLE_UNDER_BUDGET,False,False,D: Ident Poor / Pred Poor
SLICE_D_200,Slice_D,R1,200,5,0.1,1.0,5,False,456,4.739315590948837,8.085264411579596,0.6273391775404733,2.7226002738499187,7.554630350888736,0.0,0.151,0.16629177718832894,6.286160000000001,20000,18.83252911813644,474.8,500.0,1.1460036455351565,11.60603006654849,NON_IDENTIFIABLE_UNDER_BUDGET,False,False,D: Ident Poor / Pred Poor
SLICE_D_200,Slice_D,R1,200,5,0.1,1.0,5,False,789,6.732235047330869,5.98533750447888,0.5198083371204038,2.759025146293289,12.951379511582314,0.0,0.17779999999999999,0.1909363395225464,6.10034,20000,18.756738768718805,97.8,770.8,0.9615329661725578,9.737822875916768,NON_IDENTIFIABLE_UNDER_BUDGET,False,False,D: Ident Poor / Pred Poor
SLICE_D_200,Slice_D,R1,200,5,0.1,1.0,5,False,1024,10.994052572546138,7.548843931879356,0.489059741229224,2.744762724367275,22.47997871367046,0.0,0.17920000000000003,0.16259018567639255,6.314070000000001,20000,18.822296173044926,250.0,557.6,0.7524279317526004,7.620133873792008,NON_IDENTIFIABLE_UNDER_BUDGET,False,False,D: Ident Poor / Pred Poor
SLICE_K_2,Slice_K,R0,100,2,0.1,1.0,2,False,42,0.013915590731985521,0.7550165016183354,0.023434018103945,0.6879173535053591,0.593820089677361,90.60000000000001,0.921,0.9226216216216216,0.22904000000000002,10000,17.634551495016613,38.0,957.0,33.93393760232309,342.78453415662614,PARTIALLY_IDENTIFIABLE,True,True,B: Ident Poor / Pred Good
SLICE_K_2,Slice_K,R0,100,2,0.1,1.0,2,False,123,0.014318374208850237,0.9142772545270448,0.015593149931360748,0.6884978636946929,0.9182477095313053,81.2,0.8355,0.8427972972972972,0.46532000000000007,10000,17.628405315614618,70.5,928.0,33.453243089242946,337.9287863012242,NON_IDENTIFIABLE_UNDER_BUDGET,True,True,B: Ident Poor / Pred Good
SLICE_K_2,Slice_K,R0,100,2,0.1,1.0,2,False,456,0.015358062571515228,1.5651922475631626,0.02596682351875292,0.6976400566882114,0.591449414689626,57.699999999999996,0.626,0.6214594594594595,1.1204800000000001,10000,17.671926910299003,277.0,705.5,32.301066677661225,326.2900469619011,NON_IDENTIFIABLE_UNDER_BUDGET,True,False,B: Ident Poor / Pred Good
SLICE_K_2,Slice_K,R0,100,2,0.1,1.0,2,False,789,0.016109977913492585,1.4305752390844264,0.019196810229801294,0.7012242148945657,0.8392007693279853,21.6,0.3875,0.4431216216216216,1.64836,10000,17.70066445182724,393.5,604.5,31.538251208147315,318.5844470863684,NON_IDENTIFIABLE_UNDER_BUDGET,True,False,B: Ident Poor / Pred Good
SLICE_K_2,Slice_K,R0,100,2,0.1,1.0,2,False,1024,0.015166897337587406,0.5575531192611023,0.020726242600976823,0.7075144186305372,0.7317726434830303,86.6,0.905,0.9176486486486486,0.24376000000000003,10000,17.63189368770764,92.0,904.0,32.503992345313286,328.33990575723794,PARTIALLY_IDENTIFIABLE,True,False,B: Ident Poor / Pred Good
SLICE_K_2,Slice_K,R1,100,2,0.1,1.0,2,False,42,0.013915590731985521,0.7550165016183354,0.023434018103945,0.6879173535053591,0.593820089677361,90.60000000000001,0.921,0.9226216216216216,0.22904000000000002,10000,17.634551495016613,38.0,957.0,33.93393760232309,342.78453415662614,PARTIALLY_IDENTIFIABLE,True,True,B: Ident Poor / Pred Good
SLICE_K_2,Slice_K,R1,100,2,0.1,1.0,2,False,123,0.014318374208850237,0.9142772545270448,0.015593149931360748,0.6884978636946929,0.9182477095313053,81.2,0.8355,0.8427972972972972,0.46532000000000007,10000,17.628405315614618,70.5,928.0,33.453243089242946,337.9287863012242,NON_IDENTIFIABLE_UNDER_BUDGET,True,True,B: Ident Poor / Pred Good
SLICE_K_2,Slice_K,R1,100,2,0.1,1.0,2,False,456,0.015358062571515228,1.5651922475631626,0.02596682351875292,0.6976400566882114,0.591449414689626,57.699999999999996,0.626,0.6214594594594595,1.1204800000000001,10000,17.671926910299003,277.0,705.5,32.301066677661225,326.2900469619011,NON_IDENTIFIABLE_UNDER_BUDGET,True,False,B: Ident Poor / Pred Good
SLICE_K_2,Slice_K,R1,100,2,0.1,1.0,2,False,789,0.016109977913492585,1.4305752390844264,0.019196810229801294,0.7012242148945657,0.8392007693279853,21.6,0.3875,0.4431216216216216,1.64836,10000,17.70066445182724,393.5,604.5,31.538251208147315,318.5844470863684,NON_IDENTIFIABLE_UNDER_BUDGET,True,False,B: Ident Poor / Pred Good
SLICE_K_2,Slice_K,R1,100,2,0.1,1.0,2,False,1024,0.015166897337587406,0.5575531192611023,0.020726242600976823,0.7075144186305372,0.7317726434830303,86.6,0.905,0.9176486486486486,0.24376000000000003,10000,17.63189368770764,92.0,904.0,32.503992345313286,328.33990575723794,PARTIALLY_IDENTIFIABLE,True,False,B: Ident Poor / Pred Good
SLICE_K_5,Slice_K,R0,100,5,0.1,1.0,5,False,42,0.01154691517117861,1.9340581722881907,0.03074056217604869,1.427423861523808,0.3756247236159954,57.8,0.7726,0.8107745358090185,1.42676,10000,23.739534883720932,17.2,974.2,25.309849105483575,259.6735727676795,NON_IDENTIFIABLE_UNDER_BUDGET,True,True,B: Ident Poor / Pred Good
SLICE_K_5,Slice_K,R0,100,5,0.1,1.0,5,False,123,0.01159178990284596,1.4650428770348278,0.03519962633448262,1.424753327296957,0.32931570899916884,78.10000000000001,0.8644,0.8782904509283819,0.91769,10000,23.691029900332225,108.8,876.6,25.26081120689842,259.17045454387835,NON_IDENTIFIABLE_UNDER_BUDGET,True,True,B: Ident Poor / Pred Good
SLICE_K_5,Slice_K,R0,100,5,0.1,1.0,5,False,456,0.01574813466898715,2.4401544496313794,0.044429784264453834,1.4403092924333232,0.35444994680261116,65.4,0.8012,0.8340132625994695,1.2515399999999999,10000,23.730398671096346,150.8,836.0,21.67244869968225,222.35463202550034,NON_IDENTIFIABLE_UNDER_BUDGET,True,False,B: Ident Poor / Pred Good
SLICE_K_5,Slice_K,R0,100,5,0.1,1.0,5,False,789,0.014162326138214769,1.376278457607936,0.03382528200677525,1.4564988002159693,0.4186905562347724,42.9,0.795,0.8328660477453582,1.26019,10000,23.748504983388706,170.2,821.2,22.853632949407185,234.47332672591762,NON_IDENTIFIABLE_UNDER_BUDGET,True,True,B: Ident Poor / Pred Good
SLICE_K_5,Slice_K,R0,100,5,0.1,1.0,5,False,1024,0.014713132632747374,1.6797592389693976,0.025082378945762346,1.440826929010709,0.5865923908000421,64.60000000000001,0.833,0.8830517241379311,0.8817900000000003,10000,23.6968438538206,126.8,863.0,22.42177388779674,230.04254624227636,NON_IDENTIFIABLE_UNDER_BUDGET,True,False,B: Ident Poor / Pred Good
SLICE_K_5,Slice_K,R1,100,5,0.1,1.0,5,False,42,0.01154691517117861,1.9340581722881907,0.03074056217604869,1.427423861523808,0.3756247236159954,57.8,0.7726,0.8107745358090185,1.42676,10000,23.739534883720932,17.2,974.2,25.309849105483575,259.6735727676795,NON_IDENTIFIABLE_UNDER_BUDGET,True,True,B: Ident Poor / Pred Good
SLICE_K_5,Slice_K,R1,100,5,0.1,1.0,5,False,123,0.01159178990284596,1.4650428770348278,0.03519962633448262,1.424753327296957,0.32931570899916884,78.10000000000001,0.8644,0.8782904509283819,0.91769,10000,23.691029900332225,108.8,876.6,25.26081120689842,259.17045454387835,NON_IDENTIFIABLE_UNDER_BUDGET,True,True,B: Ident Poor / Pred Good
SLICE_K_5,Slice_K,R1,100,5,0.1,1.0,5,False,456,0.01574813466898715,2.4401544496313794,0.044429784264453834,1.4403092924333232,0.35444994680261116,65.4,0.8012,0.8340132625994695,1.2515399999999999,10000,23.730398671096346,150.8,836.0,21.67244869968225,222.35463202550034,NON_IDENTIFIABLE_UNDER_BUDGET,True,False,B: Ident Poor / Pred Good
SLICE_K_5,Slice_K,R1,100,5,0.1,1.0,5,False,789,0.014162326138214769,1.376278457607936,0.03382528200677525,1.4564988002159693,0.4186905562347724,42.9,0.795,0.8328660477453582,1.26019,10000,23.748504983388706,170.2,821.2,22.853632949407185,234.47332672591762,NON_IDENTIFIABLE_UNDER_BUDGET,True,True,B: Ident Poor / Pred Good
SLICE_K_5,Slice_K,R1,100,5,0.1,1.0,5,False,1024,0.014713132632747374,1.6797592389693976,0.025082378945762346,1.440826929010709,0.5865923908000421,64.60000000000001,0.833,0.8830517241379311,0.8817900000000003,10000,23.6968438538206,126.8,863.0,22.42177388779674,230.04254624227636,NON_IDENTIFIABLE_UNDER_BUDGET,True,False,B: Ident Poor / Pred Good
SLICE_K_10,Slice_K,R0,100,10,0.1,1.0,10,False,42,0.012587122671640446,3.868352934768093,0.032793481548900424,2.367229639140215,0.38383001978216297,71.3,0.8719,0.8914796680497926,1.3076700000000003,10000,33.92275747508305,52.2,942.8,18.791207710856522,198.07672117208458,NON_IDENTIFIABLE_UNDER_BUDGET,False,False,D: Ident Poor / Pred Poor
SLICE_K_10,Slice_K,R0,100,10,0.1,1.0,10,False,123,1.6057994199796177,4.849460301295392,0.059280412529892045,2.3255597631809044,27.088195770734494,0.0,0.5344000000000001,0.6165037344398341,4.62113,10000,34.415946843853824,236.1,721.6,1.6636895055983647,17.53682719003428,NON_IDENTIFIABLE_UNDER_BUDGET,False,False,D: Ident Poor / Pred Poor
SLICE_K_10,Slice_K,R0,100,10,0.1,1.0,10,False,456,0.015210500918430861,3.05627688973404,0.05021496467857238,2.3930423076260405,0.30290772911608665,56.2,0.8676,0.8818697095435685,1.42347,10000,33.98305647840532,63.7,927.1,17.094097123484644,180.18760484781347,NON_IDENTIFIABLE_UNDER_BUDGET,False,False,D: Ident Poor / Pred Poor
SLICE_K_10,Slice_K,R0,100,10,0.1,1.0,10,False,789,0.014107867665689399,2.910729340806034,0.04423001659027965,2.418097517981645,0.31896591394880597,71.8,0.9227000000000001,0.9317933609958506,0.8218899999999999,10000,33.903654485049834,44.0,948.7,17.74954549979732,187.09663737383752,PARTIALLY_IDENTIFIABLE,False,False,D: Ident Poor / Pred Poor
SLICE_K_10,Slice_K,R0,100,10,0.1,1.0,10,False,1024,0.014755483884373127,3.254713545747579,0.038558969645205055,2.412463666913848,0.38267318914752235,35.6,0.8608000000000001,0.9100672199170123,1.08369,10000,33.95,109.9,884.3,17.355662548869233,182.94474651903388,NON_IDENTIFIABLE_UNDER_BUDGET,False,False,D: Ident Poor / Pred Poor
SLICE_K_10,Slice_K,R1,100,10,0.1,1.0,10,False,42,0.013020294523546489,5.118309836908558,0.032793481548900424,2.367229639140215,0.3970391037661283,44.5,0.7776000000000001,0.8089510373443984,2.3021400000000005,8000,31.28986710963455,104.0,881.5,16.525420334965744,155.80315707749796,NON_IDENTIFIABLE_UNDER_BUDGET,False,False,D: Ident Poor / Pred Poor
SLICE_K_10,Slice_K,R1,100,10,0.1,1.0,10,False,123,0.037643859928343085,3.030964454083433,0.059280412529892045,2.3255597631809044,0.6350134609701178,23.0,0.8233,0.9012680497925312,1.1897199999999999,8000,31.32275747508306,118.7,868.7,9.718871601903448,91.63040020249723,NON_IDENTIFIABLE_UNDER_BUDGET,False,False,D: Ident Poor / Pred Poor
SLICE_K_10,Slice_K,R1,100,10,0.1,1.0,10,False,456,0.26396593599738183,4.009336802825795,0.05021496467857238,2.3930423076260405,5.256718543705773,15.9,0.7564000000000001,0.8354680497925312,1.9826100000000004,8000,31.376910299003324,194.7,792.3,3.6701936199595666,34.60291729254683,NON_IDENTIFIABLE_UNDER_BUDGET,False,False,D: Ident Poor / Pred Poor
SLICE_K_10,Slice_K,R1,100,10,0.1,1.0,10,False,789,0.013908925695520295,4.061787361989633,0.04423001659027965,2.418097517981645,0.31446801895563914,32.4,0.7659000000000001,0.8493510373443985,1.8153200000000005,8000,31.386378737541527,178.2,812.1,15.98880940259905,150.74394068902694,NON_IDENTIFIABLE_UNDER_BUDGET,False,False,D: Ident Poor / Pred Poor
SLICE_K_10,Slice_K,R1,100,10,0.1,1.0,10,False,1024,0.014899553810569944,2.6918978160984204,0.038558969645205055,2.412463666913848,0.38640954225867796,55.50000000000001,0.8321,0.8622315352697096,1.66011,8000,31.12607973421927,57.3,936.5,15.448143231941412,145.64649114729121,NON_IDENTIFIABLE_UNDER_BUDGET,False,False,D: Ident Poor / Pred Poor
SLICE_SIGMA_0.01,Slice_Noise,R0,100,5,0.01,1.0,5,False,42,0.00012267813382828012,1.3645093445429486,0.017997688554656346,1.4195857194020143,0.006816327188667843,85.3,0.9242,0.9236737400530505,0.5755,10000,23.658803986710964,52.4,938.4,245.5494485571121,2519.2841858604415,PARTIALLY_IDENTIFIABLE,True,True,B: Ident Poor / Pred Good
SLICE_SIGMA_0.01,Slice_Noise,R0,100,5,0.01,1.0,5,False,123,0.00012296116906075166,2.0780085827940264,0.02851111972095767,1.409033458019802,0.004312744299914907,85.2,0.9134,0.9153275862068965,0.63843,10000,23.72392026578073,47.8,943.6,245.26667967316416,2516.383038324703,PARTIALLY_IDENTIFIABLE,True,True,B: Ident Poor / Pred Good
SLICE_SIGMA_0.01,Slice_Noise,R0,100,5,0.01,1.0,5,False,456,0.00014326284683144686,2.889206441744189,0.02784849227080107,1.4335832206446981,0.0051443663606039036,64.60000000000001,0.7377999999999999,0.7478355437665782,1.9013200000000001,10000,23.73637873754153,168.2,814.8,227.2248132348692,2331.27739435568,NON_IDENTIFIABLE_UNDER_BUDGET,True,True,B: Ident Poor / Pred Good
SLICE_SIGMA_0.01,Slice_Noise,R0,100,5,0.01,1.0,5,False,789,0.00014650542933842436,2.660960639080865,0.021367958362408884,1.4474722580709805,0.006856313872089945,42.8,0.628,0.6212334217506631,2.8559000000000005,10000,23.807308970099665,176.2,808.0,224.6961772583443,2305.3341366334976,NON_IDENTIFIABLE_UNDER_BUDGET,True,False,B: Ident Poor / Pred Good
SLICE_SIGMA_0.01,Slice_Noise,R0,100,5,0.01,1.0,5,False,1024,0.00014622740090066875,2.4273406685527723,0.01241955241010021,1.4273142124874023,0.011773967053897145,55.2,0.758,0.8091419098143237,1.4390699999999998,10000,23.73704318936877,225.4,768.6,224.9096880634515,2307.52471127326,NON_IDENTIFIABLE_UNDER_BUDGET,True,False,B: Ident Poor / Pred Good
SLICE_SIGMA_0.01,Slice_Noise,R1,100,5,0.01,1.0,5,False,42,0.00012267813382828012,1.3645093445429486,0.017997688554656346,1.4195857194020143,0.006816327188667843,85.3,0.9242,0.9236737400530505,0.5755,10000,23.658803986710964,52.4,938.4,245.5494485571121,2519.2841858604415,PARTIALLY_IDENTIFIABLE,True,True,B: Ident Poor / Pred Good
SLICE_SIGMA_0.01,Slice_Noise,R1,100,5,0.01,1.0,5,False,123,0.00012296116906075166,2.0780085827940264,0.02851111972095767,1.409033458019802,0.004312744299914907,85.2,0.9134,0.9153275862068965,0.63843,10000,23.72392026578073,47.8,943.6,245.26667967316416,2516.383038324703,PARTIALLY_IDENTIFIABLE,True,True,B: Ident Poor / Pred Good
SLICE_SIGMA_0.01,Slice_Noise,R1,100,5,0.01,1.0,5,False,456,0.00014326284683144686,2.889206441744189,0.02784849227080107,1.4335832206446981,0.0051443663606039036,64.60000000000001,0.7377999999999999,0.7478355437665782,1.9013200000000001,10000,23.73637873754153,168.2,814.8,227.2248132348692,2331.27739435568,NON_IDENTIFIABLE_UNDER_BUDGET,True,True,B: Ident Poor / Pred Good
SLICE_SIGMA_0.01,Slice_Noise,R1,100,5,0.01,1.0,5,False,789,0.00014650542933842436,2.660960639080865,0.021367958362408884,1.4474722580709805,0.006856313872089945,42.8,0.628,0.6212334217506631,2.8559000000000005,10000,23.807308970099665,176.2,808.0,224.6961772583443,2305.3341366334976,NON_IDENTIFIABLE_UNDER_BUDGET,True,False,B: Ident Poor / Pred Good
SLICE_SIGMA_0.01,Slice_Noise,R1,100,5,0.01,1.0,5,False,1024,0.00014622740090066875,2.4273406685527723,0.01241955241010021,1.4273142124874023,0.011773967053897145,55.2,0.758,0.8091419098143237,1.4390699999999998,10000,23.73704318936877,225.4,768.6,224.9096880634515,2307.52471127326,NON_IDENTIFIABLE_UNDER_BUDGET,True,False,B: Ident Poor / Pred Good
SLICE_SIGMA_0.1,Slice_Noise,R0,100,5,0.1,1.0,5,False,42,0.01154691517117861,1.9340581722881907,0.03074056217604869,1.427423861523808,0.3756247236159954,57.8,0.7726,0.8107745358090185,1.42676,10000,23.739534883720932,17.2,974.2,25.309849105483575,259.6735727676795,NON_IDENTIFIABLE_UNDER_BUDGET,True,True,B: Ident Poor / Pred Good
SLICE_SIGMA_0.1,Slice_Noise,R0,100,5,0.1,1.0,5,False,123,0.01159178990284596,1.4650428770348278,0.03519962633448262,1.424753327296957,0.32931570899916884,78.10000000000001,0.8644,0.8782904509283819,0.91769,10000,23.691029900332225,108.8,876.6,25.26081120689842,259.17045454387835,NON_IDENTIFIABLE_UNDER_BUDGET,True,True,B: Ident Poor / Pred Good
SLICE_SIGMA_0.1,Slice_Noise,R0,100,5,0.1,1.0,5,False,456,0.01574813466898715,2.4401544496313794,0.044429784264453834,1.4403092924333232,0.35444994680261116,65.4,0.8012,0.8340132625994695,1.2515399999999999,10000,23.730398671096346,150.8,836.0,21.67244869968225,222.35463202550034,NON_IDENTIFIABLE_UNDER_BUDGET,True,False,B: Ident Poor / Pred Good
SLICE_SIGMA_0.1,Slice_Noise,R0,100,5,0.1,1.0,5,False,789,0.014162326138214769,1.376278457607936,0.03382528200677525,1.4564988002159693,0.4186905562347724,42.9,0.795,0.8328660477453582,1.26019,10000,23.748504983388706,170.2,821.2,22.853632949407185,234.47332672591762,NON_IDENTIFIABLE_UNDER_BUDGET,True,True,B: Ident Poor / Pred Good
SLICE_SIGMA_0.1,Slice_Noise,R0,100,5,0.1,1.0,5,False,1024,0.014713132632747374,1.6797592389693976,0.025082378945762346,1.440826929010709,0.5865923908000421,64.60000000000001,0.833,0.8830517241379311,0.8817900000000003,10000,23.6968438538206,126.8,863.0,22.42177388779674,230.04254624227636,NON_IDENTIFIABLE_UNDER_BUDGET,True,False,B: Ident Poor / Pred Good
SLICE_SIGMA_0.1,Slice_Noise,R1,100,5,0.1,1.0,5,False,42,0.01154691517117861,1.9340581722881907,0.03074056217604869,1.427423861523808,0.3756247236159954,57.8,0.7726,0.8107745358090185,1.42676,10000,23.739534883720932,17.2,974.2,25.309849105483575,259.6735727676795,NON_IDENTIFIABLE_UNDER_BUDGET,True,True,B: Ident Poor / Pred Good
SLICE_SIGMA_0.1,Slice_Noise,R1,100,5,0.1,1.0,5,False,123,0.01159178990284596,1.4650428770348278,0.03519962633448262,1.424753327296957,0.32931570899916884,78.10000000000001,0.8644,0.8782904509283819,0.91769,10000,23.691029900332225,108.8,876.6,25.26081120689842,259.17045454387835,NON_IDENTIFIABLE_UNDER_BUDGET,True,True,B: Ident Poor / Pred Good
SLICE_SIGMA_0.1,Slice_Noise,R1,100,5,0.1,1.0,5,False,456,0.01574813466898715,2.4401544496313794,0.044429784264453834,1.4403092924333232,0.35444994680261116,65.4,0.8012,0.8340132625994695,1.2515399999999999,10000,23.730398671096346,150.8,836.0,21.67244869968225,222.35463202550034,NON_IDENTIFIABLE_UNDER_BUDGET,True,False,B: Ident Poor / Pred Good
SLICE_SIGMA_0.1,Slice_Noise,R1,100,5,0.1,1.0,5,False,789,0.014162326138214769,1.376278457607936,0.03382528200677525,1.4564988002159693,0.4186905562347724,42.9,0.795,0.8328660477453582,1.26019,10000,23.748504983388706,170.2,821.2,22.853632949407185,234.47332672591762,NON_IDENTIFIABLE_UNDER_BUDGET,True,True,B: Ident Poor / Pred Good
SLICE_SIGMA_0.1,Slice_Noise,R1,100,5,0.1,1.0,5,False,1024,0.014713132632747374,1.6797592389693976,0.025082378945762346,1.440826929010709,0.5865923908000421,64.60000000000001,0.833,0.8830517241379311,0.8817900000000003,10000,23.6968438538206,126.8,863.0,22.42177388779674,230.04254624227636,NON_IDENTIFIABLE_UNDER_BUDGET,True,False,B: Ident Poor / Pred Good
SLICE_SIGMA_0.5,Slice_Noise,R0,100,5,0.5,1.0,5,False,42,0.32785040734953586,3.0680032061380933,0.3369654457177812,1.7216783350669156,0.9729496347946625,61.8,0.7934,0.8374416445623342,1.2256900000000004,10000,23.866611295681064,133.8,854.8,4.749902332999341,48.73296968176092,NON_IDENTIFIABLE_UNDER_BUDGET,True,True,B: Ident Poor / Pred Good
SLICE_SIGMA_0.5,Slice_Noise,R0,100,5,0.5,1.0,5,False,123,1.747854308436444,2.7200468562629223,0.27082451747200087,1.7449728743094666,6.453825985740547,0.0,0.7298000000000002,0.8044615384615386,1.4743600000000001,10000,23.88887043189369,256.4,729.0,2.0571687996267447,21.10610655002042,NON_IDENTIFIABLE_UNDER_BUDGET,False,False,D: Ident Poor / Pred Poor
SLICE_SIGMA_0.5,Slice_Noise,R0,100,5,0.5,1.0,5,False,456,0.36286785688660655,2.8953337910688832,0.40383288842005455,1.7257319615114683,0.8985594469689714,26.0,0.7234,0.7871498673740055,1.6048900000000006,10000,23.879568106312295,216.6,776.6,4.514901643618014,46.321913481457635,NON_IDENTIFIABLE_UNDER_BUDGET,True,False,B: Ident Poor / Pred Good
SLICE_SIGMA_0.5,Slice_Noise,R0,100,5,0.5,1.0,5,False,789,0.36182471363476426,2.9152331910946447,0.32906450906196866,1.7492372701613776,1.0995555694115475,41.9,0.7576,0.7793779840848806,1.6634900000000001,10000,23.899335548172758,132.6,851.6,4.521405206493055,46.3886386286698,NON_IDENTIFIABLE_UNDER_BUDGET,False,False,D: Ident Poor / Pred Poor
SLICE_SIGMA_0.5,Slice_Noise,R0,100,5,0.5,1.0,5,False,1024,0.3711083309282,3.6927803441072804,0.3516672791787457,1.7581973737943453,1.0552825153220264,51.4,0.7866000000000001,0.8053925729442972,1.46734,10000,23.888704318936878,140.2,853.4,4.4644934659259,45.80473649065592,NON_IDENTIFIABLE_UNDER_BUDGET,False,False,D: Ident Poor / Pred Poor
SLICE_SIGMA_0.5,Slice_Noise,R1,100,5,0.5,1.0,5,False,42,0.32785040734953586,3.0680032061380933,0.3369654457177812,1.7216783350669156,0.9729496347946625,61.8,0.7934,0.8374416445623342,1.2256900000000004,10000,23.866611295681064,133.8,854.8,4.749902332999341,48.73296968176092,NON_IDENTIFIABLE_UNDER_BUDGET,True,True,B: Ident Poor / Pred Good
SLICE_SIGMA_0.5,Slice_Noise,R1,100,5,0.5,1.0,5,False,123,1.747854308436444,2.7200468562629223,0.27082451747200087,1.7449728743094666,6.453825985740547,0.0,0.7298000000000002,0.8044615384615386,1.4743600000000001,10000,23.88887043189369,256.4,729.0,2.0571687996267447,21.10610655002042,NON_IDENTIFIABLE_UNDER_BUDGET,False,False,D: Ident Poor / Pred Poor
SLICE_SIGMA_0.5,Slice_Noise,R1,100,5,0.5,1.0,5,False,456,0.36286785688660655,2.8953337910688832,0.40383288842005455,1.7257319615114683,0.8985594469689714,26.0,0.7234,0.7871498673740055,1.6048900000000006,10000,23.879568106312295,216.6,776.6,4.514901643618014,46.321913481457635,NON_IDENTIFIABLE_UNDER_BUDGET,True,False,B: Ident Poor / Pred Good
SLICE_SIGMA_0.5,Slice_Noise,R1,100,5,0.5,1.0,5,False,789,0.36182471363476426,2.9152331910946447,0.32906450906196866,1.7492372701613776,1.0995555694115475,41.9,0.7576,0.7793779840848806,1.6634900000000001,10000,23.899335548172758,132.6,851.6,4.521405206493055,46.3886386286698,NON_IDENTIFIABLE_UNDER_BUDGET,False,False,D: Ident Poor / Pred Poor
SLICE_SIGMA_0.5,Slice_Noise,R1,100,5,0.5,1.0,5,False,1024,0.3711083309282,3.6927803441072804,0.3516672791787457,1.7581973737943453,1.0552825153220264,51.4,0.7866000000000001,0.8053925729442972,1.46734,10000,23.888704318936878,140.2,853.4,4.4644934659259,45.80473649065592,NON_IDENTIFIABLE_UNDER_BUDGET,False,False,D: Ident Poor / Pred Poor
SLICE_SIGNAL_0.5,Slice_Signal,R0,100,5,0.1,0.5,5,False,42,0.08509507162602833,0.22596034432068454,0.013887918168709797,0.10052548975747741,6.1272734035654075,0.0,0.6026,0.6273116710875333,0.175629375,10000,23.547176079734218,387.4,601.8,4.661657305263539,47.82759480040006,NON_IDENTIFIABLE_UNDER_BUDGET,False,False,D: Ident Poor / Pred Poor
SLICE_SIGNAL_0.5,Slice_Signal,R0,100,5,0.1,0.5,5,False,123,0.2662966231874486,0.23270047486485734,0.011275204051802157,0.10166241126305949,23.61789835146136,0.0,0.4977999999999999,0.5599244031830238,0.20738562500000002,10000,23.532392026578073,489.0,497.2,2.6351765569170036,27.036341013191375,NON_IDENTIFIABLE_UNDER_BUDGET,False,False,D: Ident Poor / Pred Poor
SLICE_SIGNAL_0.5,Slice_Signal,R0,100,5,0.1,0.5,5,False,456,0.08437931612764199,0.23763374173335555,0.016890701477846076,0.10095404437847293,4.995607567768237,0.0,0.6956000000000001,0.7731405835543769,0.10690750000000003,10000,23.583056478405314,109.0,694.6,4.681387027442115,48.03001747887879,NON_IDENTIFIABLE_UNDER_BUDGET,False,False,D: Ident Poor / Pred Poor
SLICE_SIGNAL_0.5,Slice_Signal,R0,100,5,0.1,0.5,5,False,789,0.23425286218203736,0.21627621084868745,0.013658712157111317,0.10233664055440306,17.150435523313607,0.0,0.5243999999999999,0.6489151193633953,0.16544875,10000,23.550830564784054,464.4,523.8,2.8096362333195217,28.82625952619902,NON_IDENTIFIABLE_UNDER_BUDGET,False,False,D: Ident Poor / Pred Poor
SLICE_SIGNAL_0.5,Slice_Signal,R0,100,5,0.1,0.5,5,False,1024,0.11549313572940587,0.292163097143256,0.014290483568893526,0.10246687361678099,8.081821386422698,0.0,0.6104,0.685393899204244,0.14825812500000002,10000,23.600830564784054,377.6,609.6,4.001422975603153,41.05373350504996,NON_IDENTIFIABLE_UNDER_BUDGET,False,False,D: Ident Poor / Pred Poor
SLICE_SIGNAL_0.5,Slice_Signal,R1,100,5,0.1,0.5,5,False,42,0.08509507162602833,0.22596034432068454,0.013887918168709797,0.10052548975747741,6.1272734035654075,0.0,0.6026,0.6273116710875333,0.175629375,10000,23.547176079734218,387.4,601.8,4.661657305263539,47.82759480040006,NON_IDENTIFIABLE_UNDER_BUDGET,False,False,D: Ident Poor / Pred Poor
SLICE_SIGNAL_0.5,Slice_Signal,R1,100,5,0.1,0.5,5,False,123,0.2662966231874486,0.23270047486485734,0.011275204051802157,0.10166241126305949,23.61789835146136,0.0,0.4977999999999999,0.5599244031830238,0.20738562500000002,10000,23.532392026578073,489.0,497.2,2.6351765569170036,27.036341013191375,NON_IDENTIFIABLE_UNDER_BUDGET,False,False,D: Ident Poor / Pred Poor
SLICE_SIGNAL_0.5,Slice_Signal,R1,100,5,0.1,0.5,5,False,456,0.08437931612764199,0.23763374173335555,0.016890701477846076,0.10095404437847293,4.995607567768237,0.0,0.6956000000000001,0.7731405835543769,0.10690750000000003,10000,23.583056478405314,109.0,694.6,4.681387027442115,48.03001747887879,NON_IDENTIFIABLE_UNDER_BUDGET,False,False,D: Ident Poor / Pred Poor
SLICE_SIGNAL_0.5,Slice_Signal,R1,100,5,0.1,0.5,5,False,789,0.23425286218203736,0.21627621084868745,0.013658712157111317,0.10233664055440306,17.150435523313607,0.0,0.5243999999999999,0.6489151193633953,0.16544875,10000,23.550830564784054,464.4,523.8,2.8096362333195217,28.82625952619902,NON_IDENTIFIABLE_UNDER_BUDGET,False,False,D: Ident Poor / Pred Poor
SLICE_SIGNAL_0.5,Slice_Signal,R1,100,5,0.1,0.5,5,False,1024,0.11549313572940587,0.292163097143256,0.014290483568893526,0.10246687361678099,8.081821386422698,0.0,0.6104,0.685393899204244,0.14825812500000002,10000,23.600830564784054,377.6,609.6,4.001422975603153,41.05373350504996,NON_IDENTIFIABLE_UNDER_BUDGET,False,False,D: Ident Poor / Pred Poor
SLICE_SIGNAL_1.0,Slice_Signal,R0,100,5,0.1,1.0,5,False,42,0.01154691517117861,1.9340581722881907,0.03074056217604869,1.427423861523808,0.3756247236159954,57.8,0.7726,0.8107745358090185,1.42676,10000,23.739534883720932,17.2,974.2,25.309849105483575,259.6735727676795,NON_IDENTIFIABLE_UNDER_BUDGET,True,True,B: Ident Poor / Pred Good
SLICE_SIGNAL_1.0,Slice_Signal,R0,100,5,0.1,1.0,5,False,123,0.01159178990284596,1.4650428770348278,0.03519962633448262,1.424753327296957,0.32931570899916884,78.10000000000001,0.8644,0.8782904509283819,0.91769,10000,23.691029900332225,108.8,876.6,25.26081120689842,259.17045454387835,NON_IDENTIFIABLE_UNDER_BUDGET,True,True,B: Ident Poor / Pred Good
SLICE_SIGNAL_1.0,Slice_Signal,R0,100,5,0.1,1.0,5,False,456,0.01574813466898715,2.4401544496313794,0.044429784264453834,1.4403092924333232,0.35444994680261116,65.4,0.8012,0.8340132625994695,1.2515399999999999,10000,23.730398671096346,150.8,836.0,21.67244869968225,222.35463202550034,NON_IDENTIFIABLE_UNDER_BUDGET,True,False,B: Ident Poor / Pred Good
SLICE_SIGNAL_1.0,Slice_Signal,R0,100,5,0.1,1.0,5,False,789,0.014162326138214769,1.376278457607936,0.03382528200677525,1.4564988002159693,0.4186905562347724,42.9,0.795,0.8328660477453582,1.26019,10000,23.748504983388706,170.2,821.2,22.853632949407185,234.47332672591762,NON_IDENTIFIABLE_UNDER_BUDGET,True,True,B: Ident Poor / Pred Good
SLICE_SIGNAL_1.0,Slice_Signal,R0,100,5,0.1,1.0,5,False,1024,0.014713132632747374,1.6797592389693976,0.025082378945762346,1.440826929010709,0.5865923908000421,64.60000000000001,0.833,0.8830517241379311,0.8817900000000003,10000,23.6968438538206,126.8,863.0,22.42177388779674,230.04254624227636,NON_IDENTIFIABLE_UNDER_BUDGET,True,False,B: Ident Poor / Pred Good
SLICE_SIGNAL_1.0,Slice_Signal,R1,100,5,0.1,1.0,5,False,42,0.01154691517117861,1.9340581722881907,0.03074056217604869,1.427423861523808,0.3756247236159954,57.8,0.7726,0.8107745358090185,1.42676,10000,23.739534883720932,17.2,974.2,25.309849105483575,259.6735727676795,NON_IDENTIFIABLE_UNDER_BUDGET,True,True,B: Ident Poor / Pred Good
SLICE_SIGNAL_1.0,Slice_Signal,R1,100,5,0.1,1.0,5,False,123,0.01159178990284596,1.4650428770348278,0.03519962633448262,1.424753327296957,0.32931570899916884,78.10000000000001,0.8644,0.8782904509283819,0.91769,10000,23.691029900332225,108.8,876.6,25.26081120689842,259.17045454387835,NON_IDENTIFIABLE_UNDER_BUDGET,True,True,B: Ident Poor / Pred Good
SLICE_SIGNAL_1.0,Slice_Signal,R1,100,5,0.1,1.0,5,False,456,0.01574813466898715,2.4401544496313794,0.044429784264453834,1.4403092924333232,0.35444994680261116,65.4,0.8012,0.8340132625994695,1.2515399999999999,10000,23.730398671096346,150.8,836.0,21.67244869968225,222.35463202550034,NON_IDENTIFIABLE_UNDER_BUDGET,True,False,B: Ident Poor / Pred Good
SLICE_SIGNAL_1.0,Slice_Signal,R1,100,5,0.1,1.0,5,False,789,0.014162326138214769,1.376278457607936,0.03382528200677525,1.4564988002159693,0.4186905562347724,42.9,0.795,0.8328660477453582,1.26019,10000,23.748504983388706,170.2,821.2,22.853632949407185,234.47332672591762,NON_IDENTIFIABLE_UNDER_BUDGET,True,True,B: Ident Poor / Pred Good
SLICE_SIGNAL_1.0,Slice_Signal,R1,100,5,0.1,1.0,5,False,1024,0.014713132632747374,1.6797592389693976,0.025082378945762346,1.440826929010709,0.5865923908000421,64.60000000000001,0.833,0.8830517241379311,0.8817900000000003,10000,23.6968438538206,126.8,863.0,22.42177388779674,230.04254624227636,NON_IDENTIFIABLE_UNDER_BUDGET,True,False,B: Ident Poor / Pred Good
SLICE_SIGNAL_2.0,Slice_Signal,R0,100,5,0.1,2.0,5,False,42,0.013879002201021305,50.731846320269845,0.2990224927184191,22.710449094420106,0.04641457595663469,28.4,0.5608,0.6171392572944296,46.18831999999999,10000,24.035049833887044,112.0,876.0,46.17143971941877,473.70897636728296,NON_IDENTIFIABLE_UNDER_BUDGET,True,True,B: Ident Poor / Pred Good
SLICE_SIGNAL_2.0,Slice_Signal,R0,100,5,0.1,2.0,5,False,123,0.0118746332639357,42.30979704524797,0.45510491525611585,22.563463335314157,0.026092078696300404,32.1,0.5544,0.5764681697612732,51.09488000000001,10000,23.98139534883721,79.6,907.2,49.916305769903005,512.1304913598375,NON_IDENTIFIABLE_UNDER_BUDGET,True,True,B: Ident Poor / Pred Good
SLICE_SIGNAL_2.0,Slice_Signal,R0,100,5,0.1,2.0,5,False,456,0.016166704585645526,31.66231619704778,0.46355412174118954,22.931800771239693,0.0348755492129389,58.8,0.7372000000000001,0.7675702917771884,28.040320000000005,10000,23.860299003322258,131.2,854.2,42.78009927012135,438.914557511984,NON_IDENTIFIABLE_UNDER_BUDGET,True,False,B: Ident Poor / Pred Good
SLICE_SIGNAL_2.0,Slice_Signal,R0,100,5,0.1,2.0,5,False,789,0.014645750787054674,31.975558416234687,0.3530776788462191,23.160427065906244,0.04148025113032859,38.3,0.6556,0.7093461538461538,35.06448,10000,23.977906976744187,53.8,935.8,44.946586996924,461.14225258956094,NON_IDENTIFIABLE_UNDER_BUDGET,True,False,B: Ident Poor / Pred Good
SLICE_SIGNAL_2.0,Slice_Signal,R0,100,5,0.1,2.0,5,False,1024,0.014971096905185069,61.54404646980684,0.2076563857791154,22.849430439689296,0.0720955286253988,39.4,0.656,0.6785,38.78576,10000,24.061129568106313,55.2,933.6,44.455523473735134,456.10404714665657,NON_IDENTIFIABLE_UNDER_BUDGET,True,False,B: Ident Poor / Pred Good
SLICE_SIGNAL_2.0,Slice_Signal,R1,100,5,0.1,2.0,5,False,42,0.013879002201021305,50.731846320269845,0.2990224927184191,22.710449094420106,0.04641457595663469,28.4,0.5608,0.6171392572944296,46.18831999999999,10000,24.035049833887044,112.0,876.0,46.17143971941877,473.70897636728296,NON_IDENTIFIABLE_UNDER_BUDGET,True,True,B: Ident Poor / Pred Good
SLICE_SIGNAL_2.0,Slice_Signal,R1,100,5,0.1,2.0,5,False,123,0.0118746332639357,42.30979704524797,0.45510491525611585,22.563463335314157,0.026092078696300404,32.1,0.5544,0.5764681697612732,51.09488000000001,10000,23.98139534883721,79.6,907.2,49.916305769903005,512.1304913598375,NON_IDENTIFIABLE_UNDER_BUDGET,True,True,B: Ident Poor / Pred Good
SLICE_SIGNAL_2.0,Slice_Signal,R1,100,5,0.1,2.0,5,False,456,0.016166704585645526,31.66231619704778,0.46355412174118954,22.931800771239693,0.0348755492129389,58.8,0.7372000000000001,0.7675702917771884,28.040320000000005,10000,23.860299003322258,131.2,854.2,42.78009927012135,438.914557511984,NON_IDENTIFIABLE_UNDER_BUDGET,True,False,B: Ident Poor / Pred Good
SLICE_SIGNAL_2.0,Slice_Signal,R1,100,5,0.1,2.0,5,False,789,0.014645750787054674,31.975558416234687,0.3530776788462191,23.160427065906244,0.04148025113032859,38.3,0.6556,0.7093461538461538,35.06448,10000,23.977906976744187,53.8,935.8,44.946586996924,461.14225258956094,NON_IDENTIFIABLE_UNDER_BUDGET,True,False,B: Ident Poor / Pred Good
SLICE_SIGNAL_2.0,Slice_Signal,R1,100,5,0.1,2.0,5,False,1024,0.014971096905185069,61.54404646980684,0.2076563857791154,22.849430439689296,0.0720955286253988,39.4,0.656,0.6785,38.78576,10000,24.061129568106313,55.2,933.6,44.455523473735134,456.10404714665657,NON_IDENTIFIABLE_UNDER_BUDGET,True,False,B: Ident Poor / Pred Good
SLICE_CHANGES_1,Slice_ChangeLoad,R0,100,5,0.1,1.0,1,False,42,0.013277225766368224,2.0604174144353684,0.015429320133932622,0.7126912404549345,0.8605191707163139,44.9,0.7453999999999998,0.7571796982167353,1.7701600000000002,10000,23.78637873754153,52.6,943.6,23.603090607789362,242.16260005896305,NON_IDENTIFIABLE_UNDER_BUDGET,True,True,B: Ident Poor / Pred Good
SLICE_CHANGES_1,Slice_ChangeLoad,R0,100,5,0.1,1.0,1,False,123,0.011512687172156269,0.8733373425909517,0.013772189186640417,0.7155801088319247,0.8359373383662231,84.6,0.9612,0.9712647462277091,0.20948000000000003,10000,23.64468438538206,5.6,990.6,25.347445130488936,260.059299845479,PARTIALLY_IDENTIFIABLE,True,True,B: Ident Poor / Pred Good
SLICE_CHANGES_1,Slice_ChangeLoad,R0,100,5,0.1,1.0,1,False,456,0.017270974398802586,1.6203801458751785,0.021611823167318328,0.7331349362812903,0.7991447211598498,99.9,0.9997999999999999,0.9997311385459534,0.00196,10000,23.60514950166113,0.0,998.8,20.694937702761017,212.3255808078367,PARTIALLY_IDENTIFIABLE,True,False,B: Ident Poor / Pred Good
SLICE_CHANGES_1,Slice_ChangeLoad,R0,100,5,0.1,1.0,1,False,789,0.013469822980343906,1.1206716887207944,0.018380419110472057,0.7249523906292266,0.7328354647076362,68.5,0.8664,0.8903360768175582,0.7994500000000001,10000,23.67176079734219,33.0,964.4,23.433739589508075,240.4250952723613,NON_IDENTIFIABLE_UNDER_BUDGET,True,True,B: Ident Poor / Pred Good
SLICE_CHANGES_1,Slice_ChangeLoad,R0,100,5,0.1,1.0,1,False,1024,0.015065989738689476,1.2833617336143066,0.01708241126943,0.723501176599002,0.8819591977422395,87.0,0.9534,0.9646968449931413,0.25736000000000003,10000,23.63405315614618,8.2,988.0,22.157650608867336,227.33269857764319,PARTIALLY_IDENTIFIABLE,True,False,B: Ident Poor / Pred Good
SLICE_CHANGES_1,Slice_ChangeLoad,R1,100,5,0.1,1.0,1,False,42,0.013277225766368224,2.0604174144353684,0.015429320133932622,0.7126912404549345,0.8605191707163139,44.9,0.7453999999999998,0.7571796982167353,1.7701600000000002,10000,23.78637873754153,52.6,943.6,23.603090607789362,242.16260005896305,NON_IDENTIFIABLE_UNDER_BUDGET,True,True,B: Ident Poor / Pred Good
SLICE_CHANGES_1,Slice_ChangeLoad,R1,100,5,0.1,1.0,1,False,123,0.011512687172156269,0.8733373425909517,0.013772189186640417,0.7155801088319247,0.8359373383662231,84.6,0.9612,0.9712647462277091,0.20948000000000003,10000,23.64468438538206,5.6,990.6,25.347445130488936,260.059299845479,PARTIALLY_IDENTIFIABLE,True,True,B: Ident Poor / Pred Good
SLICE_CHANGES_1,Slice_ChangeLoad,R1,100,5,0.1,1.0,1,False,456,0.017270974398802586,1.6203801458751785,0.021611823167318328,0.7331349362812903,0.7991447211598498,99.9,0.9997999999999999,0.9997311385459534,0.00196,10000,23.60514950166113,0.0,998.8,20.694937702761017,212.3255808078367,PARTIALLY_IDENTIFIABLE,True,False,B: Ident Poor / Pred Good
SLICE_CHANGES_1,Slice_ChangeLoad,R1,100,5,0.1,1.0,1,False,789,0.013469822980343906,1.1206716887207944,0.018380419110472057,0.7249523906292266,0.7328354647076362,68.5,0.8664,0.8903360768175582,0.7994500000000001,10000,23.67176079734219,33.0,964.4,23.433739589508075,240.4250952723613,NON_IDENTIFIABLE_UNDER_BUDGET,True,True,B: Ident Poor / Pred Good
SLICE_CHANGES_1,Slice_ChangeLoad,R1,100,5,0.1,1.0,1,False,1024,0.015065989738689476,1.2833617336143066,0.01708241126943,0.723501176599002,0.8819591977422395,87.0,0.9534,0.9646968449931413,0.25736000000000003,10000,23.63405315614618,8.2,988.0,22.157650608867336,227.33269857764319,PARTIALLY_IDENTIFIABLE,True,False,B: Ident Poor / Pred Good
SLICE_CHANGES_3,Slice_ChangeLoad,R0,100,5,0.1,1.0,3,False,42,0.012838159385186686,2.00764862347266,0.01949847356966586,0.9635916136596059,0.6584186879715165,56.89999999999999,0.789,0.8259516539440204,1.36802,10000,23.738870431893687,58.0,936.4,24.003311548048174,246.26878026653011,NON_IDENTIFIABLE_UNDER_BUDGET,True,True,B: Ident Poor / Pred Good
SLICE_CHANGES_3,Slice_ChangeLoad,R0,100,5,0.1,1.0,3,False,123,0.012878688097570548,1.466472988377675,0.016518081095004238,0.9730305887588782,0.7796721679412026,76.5,0.876,0.880763358778626,0.9371999999999999,10000,23.710132890365447,57.0,933.6,23.965513060026613,245.88097596201342,NON_IDENTIFIABLE_UNDER_BUDGET,True,True,B: Ident Poor / Pred Good
SLICE_CHANGES_3,Slice_ChangeLoad,R0,100,5,0.1,1.0,3,False,456,0.015308160634552963,2.164715380637893,0.03033428732409675,0.99821452568582,0.5046487649766727,73.0,0.8832000000000001,0.8890928753180661,0.8717300000000001,10000,23.702159468438538,101.8,892.4,21.98168794149666,225.52735970266843,NON_IDENTIFIABLE_UNDER_BUDGET,True,False,B: Ident Poor / Pred Good
SLICE_CHANGES_3,Slice_ChangeLoad,R0,100,5,0.1,1.0,3,False,789,0.014101781126538357,0.736647165634516,0.02807815240508238,0.9839950202393761,0.5022332282798571,90.4,0.9673999999999999,0.9733422391857507,0.20953000000000005,10000,23.617275747508305,12.0,984.2,22.902640640873603,234.97613503121974,PARTIALLY_IDENTIFIABLE,True,True,B: Ident Poor / Pred Good
SLICE_CHANGES_3,Slice_ChangeLoad,R0,100,5,0.1,1.0,3,False,1024,0.014339560071882666,1.5330409829410063,0.021839403704790702,0.97842415528624,0.6565911902043888,79.7,0.9124,0.9182697201017811,0.6424000000000001,10000,23.649003322259134,22.4,970.4,22.711960790799772,233.0198010476738,PARTIALLY_IDENTIFIABLE,True,True,B: Ident Poor / Pred Good
SLICE_CHANGES_3,Slice_ChangeLoad,R1,100,5,0.1,1.0,3,False,42,0.012838159385186686,2.00764862347266,0.01949847356966586,0.9635916136596059,0.6584186879715165,56.89999999999999,0.789,0.8259516539440204,1.36802,10000,23.738870431893687,58.0,936.4,24.003311548048174,246.26878026653011,NON_IDENTIFIABLE_UNDER_BUDGET,True,True,B: Ident Poor / Pred Good
SLICE_CHANGES_3,Slice_ChangeLoad,R1,100,5,0.1,1.0,3,False,123,0.012878688097570548,1.466472988377675,0.016518081095004238,0.9730305887588782,0.7796721679412026,76.5,0.876,0.880763358778626,0.9371999999999999,10000,23.710132890365447,57.0,933.6,23.965513060026613,245.88097596201342,NON_IDENTIFIABLE_UNDER_BUDGET,True,True,B: Ident Poor / Pred Good
SLICE_CHANGES_3,Slice_ChangeLoad,R1,100,5,0.1,1.0,3,False,456,0.015308160634552963,2.164715380637893,0.03033428732409675,0.99821452568582,0.5046487649766727,73.0,0.8832000000000001,0.8890928753180661,0.8717300000000001,10000,23.702159468438538,101.8,892.4,21.98168794149666,225.52735970266843,NON_IDENTIFIABLE_UNDER_BUDGET,True,False,B: Ident Poor / Pred Good
SLICE_CHANGES_3,Slice_ChangeLoad,R1,100,5,0.1,1.0,3,False,789,0.014101781126538357,0.736647165634516,0.02807815240508238,0.9839950202393761,0.5022332282798571,90.4,0.9673999999999999,0.9733422391857507,0.20953000000000005,10000,23.617275747508305,12.0,984.2,22.902640640873603,234.97613503121974,PARTIALLY_IDENTIFIABLE,True,True,B: Ident Poor / Pred Good
SLICE_CHANGES_3,Slice_ChangeLoad,R1,100,5,0.1,1.0,3,False,1024,0.014339560071882666,1.5330409829410063,0.021839403704790702,0.97842415528624,0.6565911902043888,79.7,0.9124,0.9182697201017811,0.6424000000000001,10000,23.649003322259134,22.4,970.4,22.711960790799772,233.0198010476738,PARTIALLY_IDENTIFIABLE,True,True,B: Ident Poor / Pred Good
SLICE_CHANGES_5,Slice_ChangeLoad,R0,100,5,0.1,1.0,5,False,42,0.01154691517117861,1.9340581722881907,0.03074056217604869,1.427423861523808,0.3756247236159954,57.8,0.7726,0.8107745358090185,1.42676,10000,23.739534883720932,17.2,974.2,25.309849105483575,259.6735727676795,NON_IDENTIFIABLE_UNDER_BUDGET,True,True,B: Ident Poor / Pred Good
SLICE_CHANGES_5,Slice_ChangeLoad,R0,100,5,0.1,1.0,5,False,123,0.01159178990284596,1.4650428770348278,0.03519962633448262,1.424753327296957,0.32931570899916884,78.10000000000001,0.8644,0.8782904509283819,0.91769,10000,23.691029900332225,108.8,876.6,25.26081120689842,259.17045454387835,NON_IDENTIFIABLE_UNDER_BUDGET,True,True,B: Ident Poor / Pred Good
SLICE_CHANGES_5,Slice_ChangeLoad,R0,100,5,0.1,1.0,5,False,456,0.01574813466898715,2.4401544496313794,0.044429784264453834,1.4403092924333232,0.35444994680261116,65.4,0.8012,0.8340132625994695,1.2515399999999999,10000,23.730398671096346,150.8,836.0,21.67244869968225,222.35463202550034,NON_IDENTIFIABLE_UNDER_BUDGET,True,False,B: Ident Poor / Pred Good
SLICE_CHANGES_5,Slice_ChangeLoad,R0,100,5,0.1,1.0,5,False,789,0.014162326138214769,1.376278457607936,0.03382528200677525,1.4564988002159693,0.4186905562347724,42.9,0.795,0.8328660477453582,1.26019,10000,23.748504983388706,170.2,821.2,22.853632949407185,234.47332672591762,NON_IDENTIFIABLE_UNDER_BUDGET,True,True,B: Ident Poor / Pred Good
SLICE_CHANGES_5,Slice_ChangeLoad,R0,100,5,0.1,1.0,5,False,1024,0.014713132632747374,1.6797592389693976,0.025082378945762346,1.440826929010709,0.5865923908000421,64.60000000000001,0.833,0.8830517241379311,0.8817900000000003,10000,23.6968438538206,126.8,863.0,22.42177388779674,230.04254624227636,NON_IDENTIFIABLE_UNDER_BUDGET,True,False,B: Ident Poor / Pred Good
SLICE_CHANGES_5,Slice_ChangeLoad,R1,100,5,0.1,1.0,5,False,42,0.01154691517117861,1.9340581722881907,0.03074056217604869,1.427423861523808,0.3756247236159954,57.8,0.7726,0.8107745358090185,1.42676,10000,23.739534883720932,17.2,974.2,25.309849105483575,259.6735727676795,NON_IDENTIFIABLE_UNDER_BUDGET,True,True,B: Ident Poor / Pred Good
SLICE_CHANGES_5,Slice_ChangeLoad,R1,100,5,0.1,1.0,5,False,123,0.01159178990284596,1.4650428770348278,0.03519962633448262,1.424753327296957,0.32931570899916884,78.10000000000001,0.8644,0.8782904509283819,0.91769,10000,23.691029900332225,108.8,876.6,25.26081120689842,259.17045454387835,NON_IDENTIFIABLE_UNDER_BUDGET,True,True,B: Ident Poor / Pred Good
SLICE_CHANGES_5,Slice_ChangeLoad,R1,100,5,0.1,1.0,5,False,456,0.01574813466898715,2.4401544496313794,0.044429784264453834,1.4403092924333232,0.35444994680261116,65.4,0.8012,0.8340132625994695,1.2515399999999999,10000,23.730398671096346,150.8,836.0,21.67244869968225,222.35463202550034,NON_IDENTIFIABLE_UNDER_BUDGET,True,False,B: Ident Poor / Pred Good
SLICE_CHANGES_5,Slice_ChangeLoad,R1,100,5,0.1,1.0,5,False,789,0.014162326138214769,1.376278457607936,0.03382528200677525,1.4564988002159693,0.4186905562347724,42.9,0.795,0.8328660477453582,1.26019,10000,23.748504983388706,170.2,821.2,22.853632949407185,234.47332672591762,NON_IDENTIFIABLE_UNDER_BUDGET,True,True,B: Ident Poor / Pred Good
SLICE_CHANGES_5,Slice_ChangeLoad,R1,100,5,0.1,1.0,5,False,1024,0.014713132632747374,1.6797592389693976,0.025082378945762346,1.440826929010709,0.5865923908000421,64.60000000000001,0.833,0.8830517241379311,0.8817900000000003,10000,23.6968438538206,126.8,863.0,22.42177388779674,230.04254624227636,NON_IDENTIFIABLE_UNDER_BUDGET,True,False,B: Ident Poor / Pred Good
SLICE_FREQ_SINGLE,Slice_Frequency,R0,100,5,0.1,1.0,3,False,42,0.012838159385186686,2.00764862347266,0.01949847356966586,0.9635916136596059,0.6584186879715165,56.89999999999999,0.789,0.8259516539440204,1.36802,10000,23.738870431893687,58.0,936.4,24.003311548048174,246.26878026653011,NON_IDENTIFIABLE_UNDER_BUDGET,True,True,B: Ident Poor / Pred Good
SLICE_FREQ_SINGLE,Slice_Frequency,R0,100,5,0.1,1.0,3,False,123,0.012878688097570548,1.466472988377675,0.016518081095004238,0.9730305887588782,0.7796721679412026,76.5,0.876,0.880763358778626,0.9371999999999999,10000,23.710132890365447,57.0,933.6,23.965513060026613,245.88097596201342,NON_IDENTIFIABLE_UNDER_BUDGET,True,True,B: Ident Poor / Pred Good
SLICE_FREQ_SINGLE,Slice_Frequency,R0,100,5,0.1,1.0,3,False,456,0.015308160634552963,2.164715380637893,0.03033428732409675,0.99821452568582,0.5046487649766727,73.0,0.8832000000000001,0.8890928753180661,0.8717300000000001,10000,23.702159468438538,101.8,892.4,21.98168794149666,225.52735970266843,NON_IDENTIFIABLE_UNDER_BUDGET,True,False,B: Ident Poor / Pred Good
SLICE_FREQ_SINGLE,Slice_Frequency,R0,100,5,0.1,1.0,3,False,789,0.014101781126538357,0.736647165634516,0.02807815240508238,0.9839950202393761,0.5022332282798571,90.4,0.9673999999999999,0.9733422391857507,0.20953000000000005,10000,23.617275747508305,12.0,984.2,22.902640640873603,234.97613503121974,PARTIALLY_IDENTIFIABLE,True,True,B: Ident Poor / Pred Good
SLICE_FREQ_SINGLE,Slice_Frequency,R0,100,5,0.1,1.0,3,False,1024,0.014339560071882666,1.5330409829410063,0.021839403704790702,0.97842415528624,0.6565911902043888,79.7,0.9124,0.9182697201017811,0.6424000000000001,10000,23.649003322259134,22.4,970.4,22.711960790799772,233.0198010476738,PARTIALLY_IDENTIFIABLE,True,True,B: Ident Poor / Pred Good
SLICE_FREQ_SINGLE,Slice_Frequency,R1,100,5,0.1,1.0,3,False,42,0.012838159385186686,2.00764862347266,0.01949847356966586,0.9635916136596059,0.6584186879715165,56.89999999999999,0.789,0.8259516539440204,1.36802,10000,23.738870431893687,58.0,936.4,24.003311548048174,246.26878026653011,NON_IDENTIFIABLE_UNDER_BUDGET,True,True,B: Ident Poor / Pred Good
SLICE_FREQ_SINGLE,Slice_Frequency,R1,100,5,0.1,1.0,3,False,123,0.012878688097570548,1.466472988377675,0.016518081095004238,0.9730305887588782,0.7796721679412026,76.5,0.876,0.880763358778626,0.9371999999999999,10000,23.710132890365447,57.0,933.6,23.965513060026613,245.88097596201342,NON_IDENTIFIABLE_UNDER_BUDGET,True,True,B: Ident Poor / Pred Good
SLICE_FREQ_SINGLE,Slice_Frequency,R1,100,5,0.1,1.0,3,False,456,0.015308160634552963,2.164715380637893,0.03033428732409675,0.99821452568582,0.5046487649766727,73.0,0.8832000000000001,0.8890928753180661,0.8717300000000001,10000,23.702159468438538,101.8,892.4,21.98168794149666,225.52735970266843,NON_IDENTIFIABLE_UNDER_BUDGET,True,False,B: Ident Poor / Pred Good
SLICE_FREQ_SINGLE,Slice_Frequency,R1,100,5,0.1,1.0,3,False,789,0.014101781126538357,0.736647165634516,0.02807815240508238,0.9839950202393761,0.5022332282798571,90.4,0.9673999999999999,0.9733422391857507,0.20953000000000005,10000,23.617275747508305,12.0,984.2,22.902640640873603,234.97613503121974,PARTIALLY_IDENTIFIABLE,True,True,B: Ident Poor / Pred Good
SLICE_FREQ_SINGLE,Slice_Frequency,R1,100,5,0.1,1.0,3,False,1024,0.014339560071882666,1.5330409829410063,0.021839403704790702,0.97842415528624,0.6565911902043888,79.7,0.9124,0.9182697201017811,0.6424000000000001,10000,23.649003322259134,22.4,970.4,22.711960790799772,233.0198010476738,PARTIALLY_IDENTIFIABLE,True,True,B: Ident Poor / Pred Good
SLICE_FREQ_RECURRING,Slice_Frequency,R0,100,5,0.1,1.0,3,True,42,6.949666060280268,5.944893352107365,0.31911972458496596,1.5745663375815069,21.777613619210527,0.0,0.2966153846153846,0.31827572902495155,5.159138461538461,10000,23.969767441860466,354.8,270.4,1.0316694616918294,10.58470534203161,NON_IDENTIFIABLE_UNDER_BUDGET,False,False,D: Ident Poor / Pred Poor
SLICE_FREQ_RECURRING,Slice_Frequency,R0,100,5,0.1,1.0,3,True,123,0.013557763598227806,1.30463470621535,0.3089247068264044,1.565730495613955,0.04388695141125889,64.53846153846153,0.8830769230769231,0.9238859126193025,0.5677153846153847,10000,23.69202657807309,92.8,777.6,23.357616040617938,239.64408413990952,NON_IDENTIFIABLE_UNDER_BUDGET,True,True,B: Ident Poor / Pred Good
SLICE_FREQ_RECURRING,Slice_Frequency,R0,100,5,0.1,1.0,3,True,456,0.014348675010008517,3.5245657832829913,0.21798691027031614,1.5958651432248618,0.06582356248921252,20.692307692307693,0.6852307692307692,0.7362775848639576,2.0233,10000,23.874252491694353,279.2,578.2,22.70474580389388,232.94577684391356,NON_IDENTIFIABLE_UNDER_BUDGET,True,True,B: Ident Poor / Pred Good
SLICE_FREQ_RECURRING,Slice_Frequency,R0,100,5,0.1,1.0,3,True,789,1.441309295606207,4.486743905274118,0.2590156363716795,1.5716485655840347,5.564564810820812,7.384615384615385,0.4198461538461538,0.46058159288015094,4.138015384615385,10000,23.956644518272423,159.8,713.2,2.26539506349737,23.242462940688743,NON_IDENTIFIABLE_UNDER_BUDGET,False,False,D: Ident Poor / Pred Poor
SLICE_FREQ_RECURRING,Slice_Frequency,R0,100,5,0.1,1.0,3,True,1024,0.015009631746426822,2.913104288962828,0.17278991907330765,1.5773688570408089,0.08686636249918522,54.38461538461539,0.7410769230769231,0.7602185927037496,1.864353846153846,10000,23.78654485049834,60.0,813.2,22.199210279021933,227.75909179662736,NON_IDENTIFIABLE_UNDER_BUDGET,True,False,B: Ident Poor / Pred Good
SLICE_FREQ_RECURRING,Slice_Frequency,R1,100,5,0.1,1.0,3,True,42,6.949666060280268,5.944893352107365,0.31911972458496596,1.5745663375815069,21.777613619210527,0.0,0.2966153846153846,0.31827572902495155,5.159138461538461,10000,23.969767441860466,354.8,270.4,1.0316694616918294,10.58470534203161,NON_IDENTIFIABLE_UNDER_BUDGET,False,False,D: Ident Poor / Pred Poor
SLICE_FREQ_RECURRING,Slice_Frequency,R1,100,5,0.1,1.0,3,True,123,0.013557763598227806,1.30463470621535,0.3089247068264044,1.565730495613955,0.04388695141125889,64.53846153846153,0.8830769230769231,0.9238859126193025,0.5677153846153847,10000,23.69202657807309,92.8,777.6,23.357616040617938,239.64408413990952,NON_IDENTIFIABLE_UNDER_BUDGET,True,True,B: Ident Poor / Pred Good
SLICE_FREQ_RECURRING,Slice_Frequency,R1,100,5,0.1,1.0,3,True,456,0.014348675010008517,3.5245657832829913,0.21798691027031614,1.5958651432248618,0.06582356248921252,20.692307692307693,0.6852307692307692,0.7362775848639576,2.0233,10000,23.874252491694353,279.2,578.2,22.70474580389388,232.94577684391356,NON_IDENTIFIABLE_UNDER_BUDGET,True,True,B: Ident Poor / Pred Good
SLICE_FREQ_RECURRING,Slice_Frequency,R1,100,5,0.1,1.0,3,True,789,1.441309295606207,4.486743905274118,0.2590156363716795,1.5716485655840347,5.564564810820812,7.384615384615385,0.4198461538461538,0.46058159288015094,4.138015384615385,10000,23.956644518272423,159.8,713.2,2.26539506349737,23.242462940688743,NON_IDENTIFIABLE_UNDER_BUDGET,False,False,D: Ident Poor / Pred Poor
SLICE_FREQ_RECURRING,Slice_Frequency,R1,100,5,0.1,1.0,3,True,1024,0.015009631746426822,2.913104288962828,0.17278991907330765,1.5773688570408089,0.08686636249918522,54.38461538461539,0.7410769230769231,0.7602185927037496,1.864353846153846,10000,23.78654485049834,60.0,813.2,22.199210279021933,227.75909179662736,NON_IDENTIFIABLE_UNDER_BUDGET,True,False,B: Ident Poor / Pred Good
