seed,g_db,g_rb,g_d_br,g_r_bd,complementarity_supported
1811,-0.0862869028955568,0.0878530820069371,-0.0828892530653917,0.0912507318371023,NO
1812,0.6130642606166095,0.0872520137827455,0.6056028288878007,0.0797905820539366,YES
1813,0.377971522160842,0.2297356745693958,0.2646675503588845,0.1164317027674383,YES
1814,0.491414003684867,0.3395668254976627,0.4828857168888847,0.3310385387016806,YES
1815,0.5579700266497026,0.0762131502855928,0.554715204500255,0.0729583281361455,YES
1816,0.3464189613701067,0.0668740867559647,0.377024681891727,0.0974798072775851,YES
1817,0.4825571549491969,0.0844728084187365,0.5191525925880345,0.1210682460575739,YES
1818,0.4274898602907064,0.1737852521236084,0.3513678869061379,0.0976632787390395,YES
1819,0.4559694851702173,0.2197381261305187,0.4071998383415398,0.1709684793018413,YES
1820,0.6030077281277245,0.1858696104162089,0.525576603563258,0.1084384858517424,YES
1821,0.5903743335028915,0.104781554393975,0.5921987447670897,0.1066059656581736,YES
1822,0.4946709796182224,0.2393578671227141,0.4773320789509861,0.2220189664554779,YES
1823,-0.0533823451574572,0.1040074790722687,-0.114559460699662,0.042830363530064,NO
1824,0.27062187415764,0.0562798760192408,0.2823820845173974,0.0680400863789982,YES
1825,0.5657949310951905,0.1987444871470131,0.4941218223782401,0.1270713784300624,YES
1826,-0.1305606860810439,0.0041691384228532,-0.176941411360802,-0.0422115868569048,NO
1827,0.3121238947366369,0.0513927024774751,0.2870031817374203,0.0262719894782588,YES
1828,0.5202329652328176,0.1090024359863827,0.563735347872851,0.1525048186264163,YES
1829,0.3675906247451539,0.088981900664616,0.3415781318984653,0.0629694078179275,YES
1830,0.6545191395994266,0.0820451945048792,0.634313079070003,0.0618391339754556,YES
1831,0.4383836996318271,0.1269032023220936,0.3877931506467006,0.0763126533369668,YES
1832,0.3540501786040659,0.1421751103275443,0.3302463113918538,0.1183712431153322,YES
1833,-0.1532177094865799,0.1419070404358332,-0.1458345198474633,0.1492902300749499,NO
1834,0.4334692313647247,0.107534150108084,0.4586845185170753,0.1327494372604345,YES
1835,-0.1132229438362381,0.094443674036936,-0.0876153764289994,0.1200512414441748,NO
1836,0.2759721982007032,0.117075348257064,0.279652465396619,0.1207556154529798,YES
1837,0.2584281438704919,0.1419164733164798,0.2734796458122065,0.1569679752581944,YES
1838,0.4549723286900654,0.0489857153803057,0.4605501214411507,0.0545635081313913,YES
1839,0.5069501296258517,-0.0161583837874485,0.573421515638031,0.0503130022247308,YES
1840,0.3909259246372831,0.0027485034983508,0.3668333350050503,-0.0213440861338822,NO
